{
"type": "FeatureCollection",
"name": "KK_NTB",
"crs": { "type": "name", "properties": { "name": "urn:ogc:def:crs:OGC:1.3:CRS84" } },
"features": [
{ "type": "Feature","id":0, "properties": { "OBJECTID_1": 31, "OBJECTID": 31, "NAMA_KWS": "CA Pulau Panjang", "NOREGKK": "100213137", "NUPT": "Balai KSDA Nusa Tenggara Barat", "NPULAU": "Bali Nusra", "NPROV": "Nusa Tenggara Barat", "FGSKWS": "CA", "LUAS_HA": 1662.86, "SUMBERDATA": "Peta Penetapan Kawasan Hutan periode Juli 2024", "KETERANGAN": "SK Kawasan", "PROYEKSI": "World Cylindrical Equal Area", "Area": 1662.8626937399999, "Perimeter": 33.176349786800003, "UGrid": 3 }, "geometry": { "type": "MultiPolygon", "coordinates": [ [ [ [ 116.951189159000023, -8.41996106199997, 0.0 ], [ 116.951669375000051, -8.420027353999956, 0.0 ], [ 116.952077035000116, -8.420023956999955, 0.0 ], [ 116.952078404000076, -8.420023943999979, 0.0 ], [ 116.95276471000011, -8.42004058699996, 0.0 ], [ 116.95351081900003, -8.420154719999971, 0.0 ], [ 116.953511570000046, -8.420154833999959, 0.0 ], [ 116.953537033000089, -8.420158744999981, 0.0 ], [ 116.953689795000059, -8.420182096999952, 0.0 ], [ 116.954166155000053, -8.420285131999947, 0.0 ], [ 116.9541672040001, -8.420285358999934, 0.0 ], [ 116.954362486000036, -8.420327596999925, 0.0 ], [ 116.954363530000023, -8.420327898999972, 0.0 ], [ 116.954400003000046, -8.42033848799997, 0.0 ], [ 116.954770973000109, -8.420446186999925, 0.0 ], [ 116.955065715000046, -8.420589289999953, 0.0 ], [ 116.955066038000041, -8.420589445999951, 0.0 ], [ 116.955066682000052, -8.420589758999938, 0.0 ], [ 116.955415398000014, -8.420759070999964, 0.0 ], [ 116.955597951000072, -8.420814235999956, 0.0 ], [ 116.955908359000091, -8.420803035999938, 0.0 ], [ 116.955908850000014, -8.420803017999958, 0.0 ], [ 116.956077270000037, -8.420834775999936, 0.0 ], [ 116.956108392000033, -8.420861299999956, 0.0 ], [ 116.956108627000049, -8.420861500999933, 0.0 ], [ 116.956216446000099, -8.420953382999926, 0.0 ], [ 116.956580118000034, -8.421260531999962, 0.0 ], [ 116.95659622200003, -8.421274106999931, 0.0 ], [ 116.956826623000097, -8.421341942999959, 0.0 ], [ 116.956915582000079, -8.421415554999953, 0.0 ], [ 116.956984738000074, -8.421472781999967, 0.0 ], [ 116.957057774000077, -8.421526764999953, 0.0 ], [ 116.957058066000059, -8.421526981999932, 0.0 ], [ 116.957169764000014, -8.421609538999974, 0.0 ], [ 116.957170281000117, -8.42160992099997, 0.0 ], [ 116.957171463, -8.42160957699997, 0.0 ], [ 116.957222889000036, -8.421594612999968, 0.0 ], [ 116.957259062000048, -8.421584084999949, 0.0 ], [ 116.957397723000099, -8.42155624399993, 0.0 ], [ 116.957484321000038, -8.421622316999958, 0.0 ], [ 116.957519282000021, -8.421648989999937, 0.0 ], [ 116.957536202000028, -8.421687403999954, 0.0 ], [ 116.957573461000038, -8.421771990999957, 0.0 ], [ 116.957650617000013, -8.421989738999969, 0.0 ], [ 116.957723973000043, -8.422062420999964, 0.0 ], [ 116.957724221000035, -8.422062670999935, 0.0 ], [ 116.957808218000082, -8.422145899999975, 0.0 ], [ 116.958042572000068, -8.422312455999929, 0.0 ], [ 116.958043013000065, -8.422312769999962, 0.0 ], [ 116.958106984000096, -8.42235823599998, 0.0 ], [ 116.958263530000067, -8.422422843999925, 0.0 ], [ 116.958263793000015, -8.422422951999977, 0.0 ], [ 116.958556568000063, -8.422543782999981, 0.0 ], [ 116.958811376000085, -8.422878524999931, 0.0 ], [ 116.958839707000038, -8.422915744999955, 0.0 ], [ 116.959046209, -8.423147110999935, 0.0 ], [ 116.959208537000109, -8.423318760999962, 0.0 ], [ 116.959395682000036, -8.423516653999968, 0.0 ], [ 116.959752935000097, -8.424063358999945, 0.0 ], [ 116.959753102000036, -8.42406361299993, 0.0 ], [ 116.959753305000049, -8.424063921999959, 0.0 ], [ 116.95975351900006, -8.424064251999937, 0.0 ], [ 116.959869684000068, -8.424242018999962, 0.0 ], [ 116.960015678000104, -8.425077224999939, 0.0 ], [ 116.959979219000047, -8.425174841999933, 0.0 ], [ 116.959928721000097, -8.425310053999965, 0.0 ], [ 116.959882916000083, -8.425480181999944, 0.0 ], [ 116.959847753000076, -8.425610783999957, 0.0 ], [ 116.959793490000038, -8.425921549999941, 0.0 ], [ 116.959722717000091, -8.426326866999943, 0.0 ], [ 116.959631446000117, -8.426879935999978, 0.0 ], [ 116.959565551000082, -8.426982284999951, 0.0 ], [ 116.959565397, -8.42698252799994, 0.0 ], [ 116.959497259000045, -8.427088348999973, 0.0 ], [ 116.959460458000081, -8.427202049999948, 0.0 ], [ 116.959449385000084, -8.427236271999959, 0.0 ], [ 116.959515347000092, -8.427398659999938, 0.0 ], [ 116.959656397000117, -8.427745902999959, 0.0 ], [ 116.959794044000091, -8.429203997999934, 0.0 ], [ 116.95975361, -8.429375148999952, 0.0 ], [ 116.959692444000098, -8.42963405699993, 0.0 ], [ 116.959669003000045, -8.430003592999981, 0.0 ], [ 116.959668976000103, -8.430004020999945, 0.0 ], [ 116.959663680000062, -8.430087539999931, 0.0 ], [ 116.959571936000088, -8.430288086999951, 0.0 ], [ 116.959559948000106, -8.430307134999964, 0.0 ], [ 116.959559705000061, -8.430307519999928, 0.0 ], [ 116.959559459000047, -8.430307910999943, 0.0 ], [ 116.959559288000037, -8.43030818099993, 0.0 ], [ 116.959559015000082, -8.430308613999955, 0.0 ], [ 116.959252184000093, -8.430795321999938, 0.0 ], [ 116.95891585600009, -8.431170723999969, 0.0 ], [ 116.958871022000039, -8.431271048999974, 0.0 ], [ 116.958624418000113, -8.431822875999956, 0.0 ], [ 116.958456475000048, -8.43194099599998, 0.0 ], [ 116.958037180000019, -8.432107945999974, 0.0 ], [ 116.957838479000088, -8.432117219999952, 0.0 ], [ 116.957740761000082, -8.432137290999947, 0.0 ], [ 116.957650590000071, -8.432155808999937, 0.0 ], [ 116.95764920900001, -8.432155587999944, 0.0 ], [ 116.957551571000067, -8.43213979099994, 0.0 ], [ 116.957551021000086, -8.432139701999972, 0.0 ], [ 116.957447512000044, -8.432082441999967, 0.0 ], [ 116.957152749000102, -8.431919380999943, 0.0 ], [ 116.957152173000054, -8.431919062999953, 0.0 ], [ 116.957151593000049, -8.431919354999934, 0.0 ], [ 116.956901601000027, -8.432044953999934, 0.0 ], [ 116.956901016000074, -8.432045247999952, 0.0 ], [ 116.956848064000042, -8.432071852999968, 0.0 ], [ 116.956765234000045, -8.432115817999943, 0.0 ], [ 116.956765007000058, -8.432115937999981, 0.0 ], [ 116.956167557000072, -8.432433054999933, 0.0 ], [ 116.955344564000029, -8.432868987999939, 0.0 ], [ 116.955256656000074, -8.433045232999973, 0.0 ], [ 116.955230861000018, -8.433096946999967, 0.0 ], [ 116.955155720000107, -8.433426931999975, 0.0 ], [ 116.955100011000013, -8.433723628999928, 0.0 ], [ 116.955058702000088, -8.433943633999945, 0.0 ], [ 116.955046280000033, -8.434009784999944, 0.0 ], [ 116.954991737000114, -8.43409423199995, 0.0 ], [ 116.954991556000095, -8.434094512999934, 0.0 ], [ 116.95492678700009, -8.434194804999947, 0.0 ], [ 116.954776981, -8.434346562999963, 0.0 ], [ 116.954752410000083, -8.434371454999962, 0.0 ], [ 116.954718759000116, -8.434405543999958, 0.0 ], [ 116.954599198000096, -8.434553247999929, 0.0 ], [ 116.954578331000107, -8.434579027999973, 0.0 ], [ 116.954529396000112, -8.434639481999966, 0.0 ], [ 116.954652442000111, -8.434982135999974, 0.0 ], [ 116.954611408, -8.435081568999976, 0.0 ], [ 116.954581129000076, -8.43515494199994, 0.0 ], [ 116.954428829000108, -8.435289176999959, 0.0 ], [ 116.954350368000064, -8.435325355999964, 0.0 ], [ 116.954349926000077, -8.435325559999967, 0.0 ], [ 116.954284846000064, -8.435355571999935, 0.0 ], [ 116.954137066000044, -8.435375754999939, 0.0 ], [ 116.954084644000091, -8.435382910999977, 0.0 ], [ 116.954084070000022, -8.435382841999967, 0.0 ], [ 116.95381050900005, -8.435349966999979, 0.0 ], [ 116.953809360000037, -8.435349826999925, 0.0 ], [ 116.953759635000097, -8.435343853999939, 0.0 ], [ 116.953224591000094, -8.435223279999946, 0.0 ], [ 116.952775524000117, -8.435059267999975, 0.0 ], [ 116.952603773000078, -8.435011307999957, 0.0 ], [ 116.952544503000013, -8.434994762999963, 0.0 ], [ 116.9525430650001, -8.434994361999941, 0.0 ], [ 116.952542421000089, -8.434994421999932, 0.0 ], [ 116.952146711000069, -8.435031425999966, 0.0 ], [ 116.95181186100001, -8.435018265999929, 0.0 ], [ 116.9518114440001, -8.43501800699994, 0.0 ], [ 116.951644465000072, -8.434914778999939, 0.0 ], [ 116.951475542000026, -8.434722980999936, 0.0 ], [ 116.95138014500003, -8.43462599399993, 0.0 ], [ 116.951294956000083, -8.434539382999958, 0.0 ], [ 116.951132384000061, -8.43457798399993, 0.0 ], [ 116.950798006000014, -8.434614070999942, 0.0 ], [ 116.950148763000016, -8.434653124999954, 0.0 ], [ 116.949797798000077, -8.435379031999958, 0.0 ], [ 116.949710578, -8.435507241999971, 0.0 ], [ 116.949555712, -8.435734891999971, 0.0 ], [ 116.94927257900008, -8.436251826999978, 0.0 ], [ 116.948960679000038, -8.436747787999934, 0.0 ], [ 116.948845808000101, -8.436817843999961, 0.0 ], [ 116.94884546000003, -8.436818056999925, 0.0 ], [ 116.948784960000012, -8.436777064999944, 0.0 ], [ 116.948716588000025, -8.436624750999954, 0.0 ], [ 116.94868534200009, -8.436587660999976, 0.0 ], [ 116.948543780000023, -8.436721507999948, 0.0 ], [ 116.948569627000097, -8.436817068999972, 0.0 ], [ 116.948607172000038, -8.436855130999959, 0.0 ], [ 116.948708776000103, -8.43695814199998, 0.0 ], [ 116.948795824000058, -8.437197737999952, 0.0 ], [ 116.948836639000092, -8.437310079999975, 0.0 ], [ 116.948744371000089, -8.437546852999958, 0.0 ], [ 116.948707572000103, -8.43767831699995, 0.0 ], [ 116.948656105000055, -8.437862185999961, 0.0 ], [ 116.948560680000014, -8.437969534999979, 0.0 ], [ 116.948515923000059, -8.43801988599995, 0.0 ], [ 116.948434154000097, -8.438069724999934, 0.0 ], [ 116.948433777000105, -8.438069955999936, 0.0 ], [ 116.948379766000016, -8.438102877999938, 0.0 ], [ 116.948212346000105, -8.438209262999976, 0.0 ], [ 116.948121506, -8.438277563999975, 0.0 ], [ 116.947783221, -8.438531920999935, 0.0 ], [ 116.947479612000052, -8.438621258999945, 0.0 ], [ 116.947384050000096, -8.438588187999926, 0.0 ], [ 116.947325836000118, -8.438568043999965, 0.0 ], [ 116.947181858000022, -8.43855392599994, 0.0 ], [ 116.947006626000075, -8.438586629999975, 0.0 ], [ 116.946778169000027, -8.438638837999974, 0.0 ], [ 116.946344904000057, -8.438579928999957, 0.0 ], [ 116.946343713000033, -8.438579766999965, 0.0 ], [ 116.946244058000048, -8.438509022999938, 0.0 ], [ 116.946227520000093, -8.438497284999926, 0.0 ], [ 116.94620434400008, -8.438480411999933, 0.0 ], [ 116.946203631000117, -8.438479890999929, 0.0 ], [ 116.94601595000006, -8.43834321099996, 0.0 ], [ 116.946015693000049, -8.438343023999948, 0.0 ], [ 116.946014680000076, -8.438343250999935, 0.0 ], [ 116.945954680000114, -8.438356677999934, 0.0 ], [ 116.945884847000116, -8.438372314999981, 0.0 ], [ 116.945732553000084, -8.438373272999968, 0.0 ], [ 116.945327863000102, -8.438286388999927, 0.0 ], [ 116.945084982000026, -8.43826600899996, 0.0 ], [ 116.945081038000012, -8.438265270999977, 0.0 ], [ 116.945037830000047, -8.43825719299997, 0.0 ], [ 116.945037439000089, -8.438257113999953, 0.0 ], [ 116.944936835000021, -8.438177046999954, 0.0 ], [ 116.944807980000064, -8.438105779999944, 0.0 ], [ 116.944650467000088, -8.438079874999971, 0.0 ], [ 116.944451695000112, -8.438047184999959, 0.0 ], [ 116.944371858000068, -8.437990579999962, 0.0 ], [ 116.94430370200007, -8.437942262999968, 0.0 ], [ 116.944209749000038, -8.437839407999945, 0.0 ], [ 116.94408609200002, -8.437704029999963, 0.0 ], [ 116.944047280000063, -8.437569447999977, 0.0 ], [ 116.944038160000105, -8.437537827999961, 0.0 ], [ 116.944037342000115, -8.437534992999929, 0.0 ], [ 116.944010314000025, -8.437394222999956, 0.0 ], [ 116.943861448, -8.43661889699996, 0.0 ], [ 116.943694247000053, -8.436289030999944, 0.0 ], [ 116.943649644000061, -8.436201034999954, 0.0 ], [ 116.943375303000039, -8.435750992999942, 0.0 ], [ 116.943322097000078, -8.435152001999938, 0.0 ], [ 116.943334913000058, -8.434850246999929, 0.0 ], [ 116.943343534000064, -8.434647264999967, 0.0 ], [ 116.943276651000019, -8.43418537499997, 0.0 ], [ 116.943276514000104, -8.43418442799998, 0.0 ], [ 116.943222527000103, -8.43381158699998, 0.0 ], [ 116.943017520000012, -8.433633892999978, 0.0 ], [ 116.942807964000053, -8.433437666999964, 0.0 ], [ 116.942733391000047, -8.43336783899997, 0.0 ], [ 116.942686998000113, -8.433196050999982, 0.0 ], [ 116.942656090000014, -8.433080428999972, 0.0 ], [ 116.942642625000076, -8.433030054999961, 0.0 ], [ 116.942587309000032, -8.433012431999941, 0.0 ], [ 116.942496715000061, -8.432983572999944, 0.0 ], [ 116.94249560500009, -8.432983218999937, 0.0 ], [ 116.942495101000077, -8.432983383999954, 0.0 ], [ 116.942421007, -8.433007609999947, 0.0 ], [ 116.942398531000094, -8.43301495999998, 0.0 ], [ 116.942084900000054, -8.433139820999941, 0.0 ], [ 116.942084415000068, -8.433140013999946, 0.0 ], [ 116.94203914700006, -8.433158015999936, 0.0 ], [ 116.941529173000049, -8.433267312999931, 0.0 ], [ 116.941143165000085, -8.433332281999981, 0.0 ], [ 116.941142803000048, -8.433332341999972, 0.0 ], [ 116.940284880000036, -8.433476736999978, 0.0 ], [ 116.939979777000076, -8.43351578499994, 0.0 ], [ 116.93995213900007, -8.433536329999981, 0.0 ], [ 116.939863547000073, -8.43360217999998, 0.0 ], [ 116.939689809000015, -8.433707123999966, 0.0 ], [ 116.939632620000111, -8.433711854999956, 0.0 ], [ 116.939632189, -8.433711890999973, 0.0 ], [ 116.939559975000066, -8.433717864999949, 0.0 ], [ 116.93949796600009, -8.433652922999954, 0.0 ], [ 116.93950527800007, -8.433561165999947, 0.0 ], [ 116.939484309000022, -8.433465440999953, 0.0 ], [ 116.939476510000077, -8.433429837999938, 0.0 ], [ 116.939441617000057, -8.43339459699996, 0.0 ], [ 116.939384214000029, -8.433336618999931, 0.0 ], [ 116.939341199000069, -8.43333381399998, 0.0 ], [ 116.939340662000063, -8.433333776999973, 0.0 ], [ 116.939302668000096, -8.433331304999967, 0.0 ], [ 116.939301776000093, -8.433331246999956, 0.0 ], [ 116.939301454000088, -8.433331549999934, 0.0 ], [ 116.939217807000091, -8.433410329999958, 0.0 ], [ 116.939087482000105, -8.433648067999968, 0.0 ], [ 116.938980539000113, -8.433754951999958, 0.0 ], [ 116.938752616000102, -8.43384085699995, 0.0 ], [ 116.93865517800009, -8.433907973999965, 0.0 ], [ 116.938636385000109, -8.433920918999945, 0.0 ], [ 116.938559857000087, -8.434102250999956, 0.0 ], [ 116.938559706000092, -8.434102607999932, 0.0 ], [ 116.93855953700006, -8.434103008999955, 0.0 ], [ 116.938522663000072, -8.434190378999972, 0.0 ], [ 116.938517729000068, -8.434197174999952, 0.0 ], [ 116.9384298760001, -8.434318247999954, 0.0 ], [ 116.938232213000106, -8.434448117999978, 0.0 ], [ 116.938154995000104, -8.43448781099994, 0.0 ], [ 116.937883205000048, -8.434627520999982, 0.0 ], [ 116.937882753000054, -8.434627752999972, 0.0 ], [ 116.937685897000051, -8.434520814999928, 0.0 ], [ 116.937685036000062, -8.434520346999932, 0.0 ], [ 116.93768397100007, -8.43452119899996, 0.0 ], [ 116.937421908000033, -8.434730765999973, 0.0 ], [ 116.937224166000078, -8.43488889899993, 0.0 ], [ 116.937223370000083, -8.434888662999981, 0.0 ], [ 116.93703379100009, -8.434832597999957, 0.0 ], [ 116.937032811000108, -8.434832308999944, 0.0 ], [ 116.937032012000032, -8.434832334999953, 0.0 ], [ 116.936954790000073, -8.434834795999961, 0.0 ], [ 116.936952857000051, -8.434834860999956, 0.0 ], [ 116.936896671000113, -8.434836661999952, 0.0 ], [ 116.93689563800001, -8.434836694999944, 0.0 ], [ 116.936895061000087, -8.43483695499998, 0.0 ], [ 116.936307915000043, -8.43510174499994, 0.0 ], [ 116.936090185000012, -8.435139265999965, 0.0 ], [ 116.936089797000022, -8.435139332999938, 0.0 ], [ 116.936088957000038, -8.435139590999938, 0.0 ], [ 116.935730978000038, -8.435249669999962, 0.0 ], [ 116.935380502000044, -8.435454161999928, 0.0 ], [ 116.93521944500003, -8.435547966999934, 0.0 ], [ 116.934980646000099, -8.435687051999935, 0.0 ], [ 116.934768846000111, -8.435723154999948, 0.0 ], [ 116.934675719000097, -8.435708555999952, 0.0 ], [ 116.934569660000079, -8.435691931999941, 0.0 ], [ 116.934232798000039, -8.435539107999944, 0.0 ], [ 116.934052033000057, -8.43538345199994, 0.0 ], [ 116.933885325, -8.435239901999978, 0.0 ], [ 116.933808206000094, -8.435090988999946, 0.0 ], [ 116.933694234000086, -8.434883597999942, 0.0 ], [ 116.933693946000062, -8.434883074999959, 0.0 ], [ 116.933693204000065, -8.43488363299997, 0.0 ], [ 116.933632952000039, -8.434928939999963, 0.0 ], [ 116.933586784000113, -8.435050110999953, 0.0 ], [ 116.933586073000015, -8.435051976999944, 0.0 ], [ 116.933581195000102, -8.435066061999976, 0.0 ], [ 116.933581089000086, -8.435066368999969, 0.0 ], [ 116.933038914, -8.436632104999944, 0.0 ], [ 116.932793817000061, -8.436910308999927, 0.0 ], [ 116.932571417000077, -8.437074665999944, 0.0 ], [ 116.932571194000047, -8.437074830999961, 0.0 ], [ 116.932351994000101, -8.437181725999949, 0.0 ], [ 116.932174822000093, -8.437268126999982, 0.0 ], [ 116.931669576000104, -8.43751511399995, 0.0 ], [ 116.931488629000114, -8.437660070999925, 0.0 ], [ 116.931321601000036, -8.437793876999933, 0.0 ], [ 116.930992545000095, -8.438189729999976, 0.0 ], [ 116.930839760000026, -8.438373774999945, 0.0 ], [ 116.9303287030001, -8.43879895799995, 0.0 ], [ 116.928468881000072, -8.440059815999973, 0.0 ], [ 116.928329720000079, -8.440193078999926, 0.0 ], [ 116.928162325000017, -8.440397622999967, 0.0 ], [ 116.928063768000015, -8.440430041999946, 0.0 ], [ 116.92796945900011, -8.44046106199994, 0.0 ], [ 116.927237743000092, -8.440684168999951, 0.0 ], [ 116.927185828, -8.440738517999932, 0.0 ], [ 116.927079652000089, -8.440849674999981, 0.0 ], [ 116.92684237200001, -8.441097110999976, 0.0 ], [ 116.926368369000102, -8.441359742999964, 0.0 ], [ 116.925377465000111, -8.441762969999957, 0.0 ], [ 116.925227780000114, -8.441834135999954, 0.0 ], [ 116.925078668000083, -8.44190502999993, 0.0 ], [ 116.92429086300001, -8.442313657999932, 0.0 ], [ 116.924290453000026, -8.442313870999953, 0.0 ], [ 116.924289947000034, -8.442314132999968, 0.0 ], [ 116.924288047000118, -8.442315118999943, 0.0 ], [ 116.924034063000022, -8.442446858999972, 0.0 ], [ 116.923932487000116, -8.442478728999959, 0.0 ], [ 116.923932210000089, -8.442478815999948, 0.0 ], [ 116.923651327000016, -8.442566943999964, 0.0 ], [ 116.922515443000066, -8.443070193999972, 0.0 ], [ 116.921806901000082, -8.443456544999947, 0.0 ], [ 116.921806432000039, -8.443456800999968, 0.0 ], [ 116.921805516000063, -8.443457300999967, 0.0 ], [ 116.921021239000083, -8.443884948999937, 0.0 ], [ 116.920685223000078, -8.44405435799996, 0.0 ], [ 116.920678031000079, -8.444057976999943, 0.0 ], [ 116.920677612000077, -8.444058195999958, 0.0 ], [ 116.920525911000027, -8.444103077999955, 0.0 ], [ 116.920525521000059, -8.444103191999943, 0.0 ], [ 116.920524697000019, -8.444103435999978, 0.0 ], [ 116.91996149900001, -8.444270059999951, 0.0 ], [ 116.919960025000023, -8.444270130999939, 0.0 ], [ 116.91962464400001, -8.44428570499997, 0.0 ], [ 116.919249247000039, -8.444307665999929, 0.0 ], [ 116.918768904000103, -8.444409685999972, 0.0 ], [ 116.918519651000111, -8.444396231999974, 0.0 ], [ 116.918519139000068, -8.444396204999975, 0.0 ], [ 116.918389177000108, -8.444389189999981, 0.0 ], [ 116.918054049000034, -8.44438380899993, 0.0 ], [ 116.918053716000031, -8.444383802999937, 0.0 ], [ 116.917870777000076, -8.44438086599996, 0.0 ], [ 116.91758371700007, -8.444452223999974, 0.0 ], [ 116.917527789000019, -8.444466128999977, 0.0 ], [ 116.917527018000101, -8.444466360999968, 0.0 ], [ 116.917491469000083, -8.444490535999932, 0.0 ], [ 116.917335347000062, -8.44459670699996, 0.0 ], [ 116.91717364100009, -8.444793860999937, 0.0 ], [ 116.917135583000118, -8.444829976999927, 0.0 ], [ 116.917055409000113, -8.444851306999965, 0.0 ], [ 116.917053144000079, -8.444851913999969, 0.0 ], [ 116.916640605000111, -8.444939793999936, 0.0 ], [ 116.91639706400008, -8.444976900999961, 0.0 ], [ 116.916236951000087, -8.444976883999971, 0.0 ], [ 116.916061131000106, -8.444987635999951, 0.0 ], [ 116.916060708000032, -8.44498766199996, 0.0 ], [ 116.916060433000098, -8.444988014999979, 0.0 ], [ 116.91600229900007, -8.445062650999944, 0.0 ], [ 116.916001896000012, -8.445063169999969, 0.0 ], [ 116.915909402000011, -8.445181924999929, 0.0 ], [ 116.915858906000039, -8.445210259999953, 0.0 ], [ 116.915770233000103, -8.445260017999942, 0.0 ], [ 116.915608514000041, -8.445314629999928, 0.0 ], [ 116.915391503000023, -8.445387911999944, 0.0 ], [ 116.914940934000015, -8.44561489299997, 0.0 ], [ 116.914619728000048, -8.445699842999943, 0.0 ], [ 116.914354224000022, -8.445727661999967, 0.0 ], [ 116.914220595000074, -8.445737793999967, 0.0 ], [ 116.91412227, -8.445745249999959, 0.0 ], [ 116.913962847000107, -8.445809660999942, 0.0 ], [ 116.913774574000058, -8.445885725999972, 0.0 ], [ 116.913774302000093, -8.445885835999945, 0.0 ], [ 116.913569126000084, -8.445844265999938, 0.0 ], [ 116.91356878900001, -8.445844197999975, 0.0 ], [ 116.913444273000096, -8.445818970999937, 0.0 ], [ 116.913328426000021, -8.445807121999962, 0.0 ], [ 116.913200909000011, -8.445794080999974, 0.0 ], [ 116.913200640000014, -8.445794095999929, 0.0 ], [ 116.913108029000114, -8.445848945999956, 0.0 ], [ 116.912986388000036, -8.445920989999934, 0.0 ], [ 116.912748627000042, -8.446066938999934, 0.0 ], [ 116.912524407000092, -8.446210686999962, 0.0 ], [ 116.91243040300003, -8.446270952999953, 0.0 ], [ 116.912369294000086, -8.446282433999954, 0.0 ], [ 116.912238025000079, -8.446307095999941, 0.0 ], [ 116.912237275000052, -8.446306955999944, 0.0 ], [ 116.912067850000085, -8.446275481999976, 0.0 ], [ 116.912033045000044, -8.446269015999974, 0.0 ], [ 116.912008920000062, -8.446265608999965, 0.0 ], [ 116.911811922000084, -8.446237785999926, 0.0 ], [ 116.911338904000104, -8.446343702999968, 0.0 ], [ 116.911162947000093, -8.446307168999965, 0.0 ], [ 116.911162665, -8.446307109999964, 0.0 ], [ 116.911162279000109, -8.446307098999966, 0.0 ], [ 116.911025491000032, -8.446303195999974, 0.0 ], [ 116.910683328000118, -8.446420315999944, 0.0 ], [ 116.910521109000115, -8.446435962999942, 0.0 ], [ 116.910271373000114, -8.446386648999976, 0.0 ], [ 116.910270841000056, -8.446386373999928, 0.0 ], [ 116.910263103000034, -8.446382133999975, 0.0 ], [ 116.910262411000076, -8.446381755999937, 0.0 ], [ 116.910048731000074, -8.446264634999977, 0.0 ], [ 116.909842283000103, -8.446171896999942, 0.0 ], [ 116.909841115000063, -8.446172046999948, 0.0 ], [ 116.909782738000104, -8.446181362999937, 0.0 ], [ 116.909782299000085, -8.446181433999925, 0.0 ], [ 116.909615785000028, -8.446208008999974, 0.0 ], [ 116.909158381000111, -8.446235849999937, 0.0 ], [ 116.908972351000102, -8.446229994999953, 0.0 ], [ 116.908971077000047, -8.446230033999939, 0.0 ], [ 116.90840890000004, -8.446249917999978, 0.0 ], [ 116.908407991000104, -8.446249944999977, 0.0 ], [ 116.908164991000035, -8.446209970999973, 0.0 ], [ 116.908145122000064, -8.446227863999979, 0.0 ], [ 116.907973122000044, -8.44638275899996, 0.0 ], [ 116.907972254000015, -8.446382771999936, 0.0 ], [ 116.907844786000055, -8.446384726999952, 0.0 ], [ 116.907738366000103, -8.446381608999957, 0.0 ], [ 116.907737399000098, -8.446381579999979, 0.0 ], [ 116.90773703800005, -8.446381568999925, 0.0 ], [ 116.907594405000054, -8.446377393999967, 0.0 ], [ 116.907367860000022, -8.446408778999967, 0.0 ], [ 116.907367588000056, -8.446408816999963, 0.0 ], [ 116.907150620000039, -8.446438874999956, 0.0 ], [ 116.907116990000077, -8.446446107999975, 0.0 ], [ 116.906957755, -8.446480356999928, 0.0 ], [ 116.906501375000062, -8.446723008999982, 0.0 ], [ 116.906501046000017, -8.446723009999971, 0.0 ], [ 116.906134780000116, -8.446723990999942, 0.0 ], [ 116.905994637000049, -8.446721478999962, 0.0 ], [ 116.905992488000038, -8.446721439999976, 0.0 ], [ 116.905806244000019, -8.446718100999931, 0.0 ], [ 116.905488522000041, -8.446770343999958, 0.0 ], [ 116.905197016000102, -8.446762039999953, 0.0 ], [ 116.905196029000081, -8.446762009999929, 0.0 ], [ 116.90488266300008, -8.446650270999953, 0.0 ], [ 116.90458216400009, -8.446582513999942, 0.0 ], [ 116.904581146000055, -8.44658228399993, 0.0 ], [ 116.90454051200004, -8.446573121999961, 0.0 ], [ 116.904465636000054, -8.446611612999959, 0.0 ], [ 116.904465257000084, -8.446611808999933, 0.0 ], [ 116.904434105000064, -8.44662782499995, 0.0 ], [ 116.904412418000106, -8.446643629999926, 0.0 ], [ 116.904172914000014, -8.446818158999974, 0.0 ], [ 116.90375361100007, -8.446879201999934, 0.0 ], [ 116.903618655000059, -8.446925946999954, 0.0 ], [ 116.903617661000112, -8.446926292999933, 0.0 ], [ 116.903588661000072, -8.446936329999971, 0.0 ], [ 116.903484668000033, -8.446992701999932, 0.0 ], [ 116.903380667000079, -8.447049081999978, 0.0 ], [ 116.903115478000018, -8.447119760999954, 0.0 ], [ 116.903114937000055, -8.447119905999955, 0.0 ], [ 116.903114384000105, -8.447120054999971, 0.0 ], [ 116.903113982000036, -8.44712016099993, 0.0 ], [ 116.9031132020001, -8.447120369999936, 0.0 ], [ 116.9031125140001, -8.447120552999934, 0.0 ], [ 116.90311224300001, -8.447120624999968, 0.0 ], [ 116.902833018000024, -8.44719504699998, 0.0 ], [ 116.902634336, -8.447323913999981, 0.0 ], [ 116.902474014000063, -8.447358002999977, 0.0 ], [ 116.90247373200009, -8.447358063999957, 0.0 ], [ 116.902466009000022, -8.447359268999946, 0.0 ], [ 116.902207702000055, -8.447399560999941, 0.0 ], [ 116.902000949000012, -8.447479981999948, 0.0 ], [ 116.902000709000049, -8.447480076999966, 0.0 ], [ 116.901973781000038, -8.447487541999976, 0.0 ], [ 116.901973296000051, -8.44748767599998, 0.0 ], [ 116.901673170000095, -8.447570871999972, 0.0 ], [ 116.901413971000011, -8.447797879999939, 0.0 ], [ 116.901215790000037, -8.447816922999948, 0.0 ], [ 116.901076496000087, -8.44784743699995, 0.0 ], [ 116.901046385000086, -8.447854032999942, 0.0 ], [ 116.900878963000082, -8.447995087999971, 0.0 ], [ 116.900611439000045, -8.448189863999971, 0.0 ], [ 116.900336103000086, -8.448361204999969, 0.0 ], [ 116.900108628000112, -8.448550137999973, 0.0 ], [ 116.900108083000077, -8.448550591999947, 0.0 ], [ 116.90004814800011, -8.448600367999973, 0.0 ], [ 116.899688845000014, -8.448879633999979, 0.0 ], [ 116.899416706000011, -8.448979476999966, 0.0 ], [ 116.899398884000107, -8.448986014999946, 0.0 ], [ 116.899167591000037, -8.449013201999946, 0.0 ], [ 116.899166457000092, -8.44901333599995, 0.0 ], [ 116.8991659940001, -8.449013389999948, 0.0 ], [ 116.899024981000025, -8.449029964999966, 0.0 ], [ 116.898967680000055, -8.449035722999952, 0.0 ], [ 116.898967162000076, -8.44903577499997, 0.0 ], [ 116.898665673000096, -8.449066069999958, 0.0 ], [ 116.897988034000036, -8.449210957999981, 0.0 ], [ 116.897987700000044, -8.449211035999951, 0.0 ], [ 116.897866216000011, -8.449211247999926, 0.0 ], [ 116.897865830000114, -8.449211248999973, 0.0 ], [ 116.897865573000104, -8.449211249999962, 0.0 ], [ 116.897864644000038, -8.449211251999941, 0.0 ], [ 116.897139743000025, -8.44921252599994, 0.0 ], [ 116.896896689000073, -8.449223740999969, 0.0 ], [ 116.896824286000083, -8.449202122999964, 0.0 ], [ 116.896823538000035, -8.449201899999935, 0.0 ], [ 116.896823250000011, -8.449201812999945, 0.0 ], [ 116.896653122000089, -8.449151018999942, 0.0 ], [ 116.896611921000044, -8.449143325999955, 0.0 ], [ 116.896418954000069, -8.449107291999951, 0.0 ], [ 116.89641761900009, -8.44910704199998, 0.0 ], [ 116.896417297000085, -8.449106981999932, 0.0 ], [ 116.896412011000052, -8.449105996999947, 0.0 ], [ 116.8964100500001, -8.449105626999938, 0.0 ], [ 116.895775395000101, -8.449013874999935, 0.0 ], [ 116.895653757000105, -8.448988436999969, 0.0 ], [ 116.895035384000039, -8.448859121999931, 0.0 ], [ 116.894614758000102, -8.448784930999977, 0.0 ], [ 116.894614185000023, -8.448784829999965, 0.0 ], [ 116.894613575000108, -8.44878472299996, 0.0 ], [ 116.89461325100001, -8.448784665999938, 0.0 ], [ 116.894612627000015, -8.448784555999964, 0.0 ], [ 116.894315822000067, -8.448732206999978, 0.0 ], [ 116.894113724000022, -8.448680495999952, 0.0 ], [ 116.8941039770001, -8.448677990999954, 0.0 ], [ 116.893677395000054, -8.448380720999978, 0.0 ], [ 116.893540723000115, -8.448323101999961, 0.0 ], [ 116.893143329000054, -8.448239179999973, 0.0 ], [ 116.892627554000114, -8.448106292999967, 0.0 ], [ 116.892627187000016, -8.448106197999948, 0.0 ], [ 116.892626858000085, -8.448106112999938, 0.0 ], [ 116.892625756000029, -8.448105829999975, 0.0 ], [ 116.892218759000116, -8.448000969999953, 0.0 ], [ 116.891545449000091, -8.44768150699997, 0.0 ], [ 116.891545007000104, -8.447681296999974, 0.0 ], [ 116.891544631000102, -8.44768111999997, 0.0 ], [ 116.891544190000104, -8.447680909999974, 0.0 ], [ 116.891235123000115, -8.447534171999962, 0.0 ], [ 116.891180478000024, -8.447388845999967, 0.0 ], [ 116.891185511000117, -8.447282852999933, 0.0 ], [ 116.891191284000115, -8.447161310999945, 0.0 ], [ 116.891240625000023, -8.44697386799993, 0.0 ], [ 116.891294705000064, -8.446768406999979, 0.0 ], [ 116.891417746000116, -8.446688837999943, 0.0 ], [ 116.89147924800011, -8.446608290999961, 0.0 ], [ 116.891410396000083, -8.446479919999945, 0.0 ], [ 116.891244753000024, -8.446281451999937, 0.0 ], [ 116.891244293000113, -8.446280900999966, 0.0 ], [ 116.891136590000087, -8.446151854999925, 0.0 ], [ 116.891136163000056, -8.446151751999935, 0.0 ], [ 116.891045878000114, -8.446130012999959, 0.0 ], [ 116.891045249000058, -8.446129904999964, 0.0 ], [ 116.890788182000051, -8.446241717999953, 0.0 ], [ 116.890787125000088, -8.446242177999977, 0.0 ], [ 116.890670285000056, -8.446199157999956, 0.0 ], [ 116.89015930100004, -8.445899004999944, 0.0 ], [ 116.889999203000116, -8.445710067999926, 0.0 ], [ 116.889970373000097, -8.445651184999974, 0.0 ], [ 116.889664856000081, -8.445027178999965, 0.0 ], [ 116.889622344000031, -8.444999137999957, 0.0 ], [ 116.889562762000082, -8.444959840999957, 0.0 ], [ 116.889154943000108, -8.444736116999934, 0.0 ], [ 116.889154624000071, -8.444735941999966, 0.0 ], [ 116.888712006000105, -8.444493129999955, 0.0 ], [ 116.888625956000055, -8.444413657999974, 0.0 ], [ 116.888563909000027, -8.444356356999947, 0.0 ], [ 116.888563514000111, -8.444355991999942, 0.0 ], [ 116.888562369000056, -8.444356371999959, 0.0 ], [ 116.888448794000055, -8.444394031999934, 0.0 ], [ 116.888091502000066, -8.444488262999926, 0.0 ], [ 116.887625833000016, -8.444518039999934, 0.0 ], [ 116.887625189, -8.444517971999971, 0.0 ], [ 116.887615958000083, -8.444517167999948, 0.0 ], [ 116.887200704000065, -8.44448043899996, 0.0 ], [ 116.887077658000067, -8.444412127999954, 0.0 ], [ 116.887054125000077, -8.444406644999958, 0.0 ], [ 116.886969402000091, -8.444386910999981, 0.0 ], [ 116.886968742000022, -8.444386756999961, 0.0 ], [ 116.886967659000106, -8.444387177999943, 0.0 ], [ 116.886916979000034, -8.444406899999933, 0.0 ], [ 116.886916294000116, -8.44440716899993, 0.0 ], [ 116.886819483000068, -8.444444852999936, 0.0 ], [ 116.886623923000116, -8.44451072499993, 0.0 ], [ 116.886623567000015, -8.444510844999968, 0.0 ], [ 116.886596323000049, -8.444520022999939, 0.0 ], [ 116.886596066000038, -8.444520008999973, 0.0 ], [ 116.886063893000028, -8.444490005999967, 0.0 ], [ 116.886054698000066, -8.444489486999942, 0.0 ], [ 116.886052229000029, -8.444489347999934, 0.0 ], [ 116.886051602000066, -8.444489312999963, 0.0 ], [ 116.885905022000088, -8.44448104199995, 0.0 ], [ 116.885903708000114, -8.444480974999976, 0.0 ], [ 116.885676477000061, -8.444424417999926, 0.0 ], [ 116.885676071000034, -8.444424316999971, 0.0 ], [ 116.885595620000117, -8.44440429399998, 0.0 ], [ 116.885062398000059, -8.444269415999941, 0.0 ], [ 116.885061071000109, -8.444269080999959, 0.0 ], [ 116.885060309000096, -8.444269329999941, 0.0 ], [ 116.88481902, -8.44434814799996, 0.0 ], [ 116.884697120000055, -8.444383297999934, 0.0 ], [ 116.884559839000076, -8.444422885999927, 0.0 ], [ 116.884438524000075, -8.444424623999964, 0.0 ], [ 116.884438093000085, -8.444424628999968, 0.0 ], [ 116.884254735000013, -8.444427257999962, 0.0 ], [ 116.883888133000028, -8.444408201999977, 0.0 ], [ 116.883576916000038, -8.444350860999975, 0.0 ], [ 116.883576553000012, -8.444350793999945, 0.0 ], [ 116.883575843000017, -8.444350662999966, 0.0 ], [ 116.883575136000104, -8.444350532999977, 0.0 ], [ 116.88357450500007, -8.444350417999942, 0.0 ], [ 116.883574109000051, -8.444350344999975, 0.0 ], [ 116.882995298000083, -8.444243702999927, 0.0 ], [ 116.882620228000064, -8.444172246999926, 0.0 ], [ 116.88261985500003, -8.444172175999938, 0.0 ], [ 116.882619562000059, -8.444172120999951, 0.0 ], [ 116.88255206000008, -8.444159258999946, 0.0 ], [ 116.882425021000017, -8.444198211999947, 0.0 ], [ 116.882370502000072, -8.444214927999951, 0.0 ], [ 116.881828637000012, -8.444415040999957, 0.0 ], [ 116.881828305000113, -8.444415092999975, 0.0 ], [ 116.881524575000071, -8.44446239499996, 0.0 ], [ 116.881199774000038, -8.444434686999955, 0.0 ], [ 116.881072502000052, -8.444423830999938, 0.0 ], [ 116.881004167000015, -8.444419666999977, 0.0 ], [ 116.881003046000046, -8.444419597999968, 0.0 ], [ 116.88096182400011, -8.444417088999955, 0.0 ], [ 116.880960196000046, -8.444417044999966, 0.0 ], [ 116.880805494000015, -8.44449168999995, 0.0 ], [ 116.880538976000025, -8.444460927999955, 0.0 ], [ 116.880520819000026, -8.444465144999981, 0.0 ], [ 116.880400296000062, -8.44449312699993, 0.0 ], [ 116.880210951000095, -8.444529261999946, 0.0 ], [ 116.88016019500003, -8.444549398999925, 0.0 ], [ 116.880043526, -8.444595683999978, 0.0 ], [ 116.879780621, -8.444750918999944, 0.0 ], [ 116.879777008000019, -8.44475304599996, 0.0 ], [ 116.879776504, -8.444753350999974, 0.0 ], [ 116.879670093000072, -8.444753334999973, 0.0 ], [ 116.879539750000049, -8.444726008999965, 0.0 ], [ 116.879386566000107, -8.44468266399997, 0.0 ], [ 116.879310536000048, -8.444661149999945, 0.0 ], [ 116.879310252000096, -8.44466108599994, 0.0 ], [ 116.879106319000016, -8.444674235999969, 0.0 ], [ 116.878979055000059, -8.444655486999977, 0.0 ], [ 116.878978162000067, -8.444655357999977, 0.0 ], [ 116.878960845000051, -8.444652804999976, 0.0 ], [ 116.878959671000075, -8.444652563999966, 0.0 ], [ 116.87876750800001, -8.444612763999942, 0.0 ], [ 116.878766098000028, -8.444613032999939, 0.0 ], [ 116.878616176000037, -8.444643980999956, 0.0 ], [ 116.878440925000064, -8.444701089999967, 0.0 ], [ 116.878368163000118, -8.444704215999934, 0.0 ], [ 116.878236427000047, -8.444709872999965, 0.0 ], [ 116.878062990000103, -8.444728962999932, 0.0 ], [ 116.877806315000043, -8.44475721699996, 0.0 ], [ 116.877458331000071, -8.444711339999969, 0.0 ], [ 116.877166886000055, -8.444641049999973, 0.0 ], [ 116.877112028000056, -8.444647526999972, 0.0 ], [ 116.87711149900008, -8.444647588999942, 0.0 ], [ 116.877110860000016, -8.44464766599998, 0.0 ], [ 116.876914479000106, -8.44467085399998, 0.0 ], [ 116.876847134000059, -8.444685282999956, 0.0 ], [ 116.876641180000092, -8.444729412999948, 0.0 ], [ 116.876573223000037, -8.444751657999973, 0.0 ], [ 116.876236985000105, -8.444861714999945, 0.0 ], [ 116.876090489000035, -8.444896873999937, 0.0 ], [ 116.875802549000014, -8.444932992999952, 0.0 ], [ 116.875519963000102, -8.445000833999927, 0.0 ], [ 116.875476215000049, -8.444990427999926, 0.0 ], [ 116.875475956000059, -8.444990365999956, 0.0 ], [ 116.8753276220001, -8.444954973999927, 0.0 ], [ 116.875327198000036, -8.44495509199993, 0.0 ], [ 116.875123305000102, -8.445045342999947, 0.0 ], [ 116.875122861000023, -8.445045539999967, 0.0 ], [ 116.87512206800011, -8.44504589099995, 0.0 ], [ 116.875000019000026, -8.445099915999947, 0.0 ], [ 116.874671678000027, -8.445245032999935, 0.0 ], [ 116.874669970000014, -8.445245787999966, 0.0 ], [ 116.873893367000051, -8.445589024999947, 0.0 ], [ 116.873640500000079, -8.445692034999979, 0.0 ], [ 116.872948627000028, -8.445979622999971, 0.0 ], [ 116.872156108000013, -8.446309047999932, 0.0 ], [ 116.871986605000075, -8.44637952599993, 0.0 ], [ 116.871986335000088, -8.44637963699995, 0.0 ], [ 116.871877792000078, -8.446424766999939, 0.0 ], [ 116.871481451000022, -8.446620950999943, 0.0 ], [ 116.871108015000118, -8.446769841999981, 0.0 ], [ 116.870909837000113, -8.446997807999935, 0.0 ], [ 116.87082634300009, -8.447094948999961, 0.0 ], [ 116.870740541000032, -8.447188584999935, 0.0 ], [ 116.87068071200008, -8.447253878999959, 0.0 ], [ 116.870680513000025, -8.447254094999948, 0.0 ], [ 116.87053740500005, -8.447410271999956, 0.0 ], [ 116.870332414000018, -8.44767879799997, 0.0 ], [ 116.870164788000011, -8.447778187999972, 0.0 ], [ 116.870062381000025, -8.447838906999948, 0.0 ], [ 116.869866672000057, -8.447962556999926, 0.0 ], [ 116.869866297000044, -8.447962794999967, 0.0 ], [ 116.869736353, -8.448044896999932, 0.0 ], [ 116.869385892000082, -8.44826308599994, 0.0 ], [ 116.869217441000046, -8.448400232999973, 0.0 ], [ 116.869162201000108, -8.448443920999978, 0.0 ], [ 116.86916196300001, -8.448444109999969, 0.0 ], [ 116.868757594000044, -8.448763921999955, 0.0 ], [ 116.868566722000082, -8.448899113999971, 0.0 ], [ 116.86842472100011, -8.448916219999944, 0.0 ], [ 116.868312440000068, -8.448892892999936, 0.0 ], [ 116.868245975000036, -8.448879089999934, 0.0 ], [ 116.868169427000112, -8.448871372999974, 0.0 ], [ 116.868169015000035, -8.448871331999953, 0.0 ], [ 116.868135988000063, -8.448868001999926, 0.0 ], [ 116.868134771000086, -8.448867890999963, 0.0 ], [ 116.868093232000092, -8.448901383999953, 0.0 ], [ 116.868063919000065, -8.448925017999954, 0.0 ], [ 116.868013226000016, -8.449043355999947, 0.0 ], [ 116.867996596000012, -8.449082172999965, 0.0 ], [ 116.867897023000069, -8.449176889999933, 0.0 ], [ 116.86778137400006, -8.449199639999961, 0.0 ], [ 116.867569494, -8.449241318999952, 0.0 ], [ 116.866920229000016, -8.449324302999969, 0.0 ], [ 116.86659527200004, -8.449383688999944, 0.0 ], [ 116.866594801000019, -8.449383774999944, 0.0 ], [ 116.866348621000043, -8.449428766999972, 0.0 ], [ 116.866148570000064, -8.449394986999948, 0.0 ], [ 116.866147707000096, -8.449394840999958, 0.0 ], [ 116.866147416000103, -8.449394791999964, 0.0 ], [ 116.866147120000051, -8.449394742999971, 0.0 ], [ 116.865906478000056, -8.449354108999955, 0.0 ], [ 116.865905923000014, -8.449354186999926, 0.0 ], [ 116.865553754000075, -8.449420785999962, 0.0 ], [ 116.865552864000051, -8.449420953999947, 0.0 ], [ 116.865552338000043, -8.44942105299998, 0.0 ], [ 116.86509172500007, -8.449508161999972, 0.0 ], [ 116.865090720000012, -8.449508351999953, 0.0 ], [ 116.86509042800003, -8.449508477999927, 0.0 ], [ 116.86487661000001, -8.449600726999961, 0.0 ], [ 116.864876328000037, -8.449600848999978, 0.0 ], [ 116.86421051100001, -8.449888112999929, 0.0 ], [ 116.864119741000081, -8.44996184699994, 0.0 ], [ 116.86360133900007, -8.450384077999956, 0.0 ], [ 116.863502241000106, -8.450538307999977, 0.0 ], [ 116.862898873000063, -8.451172416999952, 0.0 ], [ 116.862318982000033, -8.45156828699993, 0.0 ], [ 116.862164356000108, -8.451686902999938, 0.0 ], [ 116.862164061000044, -8.451687129999925, 0.0 ], [ 116.862046626000051, -8.451777213999947, 0.0 ], [ 116.861885782000058, -8.45190815899997, 0.0 ], [ 116.86183913900004, -8.451946133999968, 0.0 ], [ 116.861693162000051, -8.451996890999965, 0.0 ], [ 116.861692374000086, -8.451996833999942, 0.0 ], [ 116.861600832000022, -8.451990253999952, 0.0 ], [ 116.861502800000039, -8.451983207999945, 0.0 ], [ 116.861502532000031, -8.45198301399995, 0.0 ], [ 116.861475311000049, -8.451963324999952, 0.0 ], [ 116.861405688000104, -8.451912959999959, 0.0 ], [ 116.86135519700008, -8.451796486999967, 0.0 ], [ 116.861311949000083, -8.451696722999941, 0.0 ], [ 116.861281236000082, -8.451636728999972, 0.0 ], [ 116.861280106000095, -8.451637141999981, 0.0 ], [ 116.861220662000051, -8.451663989999929, 0.0 ], [ 116.861220655000011, -8.451703026999951, 0.0 ], [ 116.86122131400009, -8.45180918799997, 0.0 ], [ 116.861222657000098, -8.45202571599998, 0.0 ], [ 116.861229479000031, -8.452143855999964, 0.0 ], [ 116.860993722000103, -8.45239326899997, 0.0 ], [ 116.860841421000032, -8.452480672999968, 0.0 ], [ 116.860609969000052, -8.45247089399993, 0.0 ], [ 116.860497628000076, -8.452412783999932, 0.0 ], [ 116.860497279000015, -8.452412600999935, 0.0 ], [ 116.860368399000095, -8.452345937999951, 0.0 ], [ 116.860009634000107, -8.452053018999948, 0.0 ], [ 116.859711854000011, -8.45193687699998, 0.0 ], [ 116.859569978000081, -8.451727590999951, 0.0 ], [ 116.859504364000031, -8.451630799999975, 0.0 ], [ 116.859207090000041, -8.451406738999935, 0.0 ], [ 116.858907794000061, -8.451326194999979, 0.0 ], [ 116.858685707000063, -8.45126158599993, 0.0 ], [ 116.858685206000018, -8.451261440999929, 0.0 ], [ 116.858498319000091, -8.451207070999942, 0.0 ], [ 116.858323743000028, -8.451171919999979, 0.0 ], [ 116.85821467400001, -8.451149960999942, 0.0 ], [ 116.857969610000055, -8.451094806999947, 0.0 ], [ 116.857763602000091, -8.450950833999968, 0.0 ], [ 116.85765579800011, -8.450760165999952, 0.0 ], [ 116.857655595000097, -8.450759805999951, 0.0 ], [ 116.857553279000058, -8.450578850999932, 0.0 ], [ 116.857454185000051, -8.450499774999969, 0.0 ], [ 116.857366267000089, -8.450449546999948, 0.0 ], [ 116.857344800000078, -8.450437285999953, 0.0 ], [ 116.857116364000035, -8.450182966999932, 0.0 ], [ 116.856456776000073, -8.449879894999981, 0.0 ], [ 116.856456382000033, -8.449879713999962, 0.0 ], [ 116.856455177000043, -8.449879160999956, 0.0 ], [ 116.85645458700003, -8.449878889999979, 0.0 ], [ 116.855995919000065, -8.449668137999936, 0.0 ], [ 116.855995551000092, -8.44966803899996, 0.0 ], [ 116.85592774700001, -8.449770978999936, 0.0 ], [ 116.8559064210001, -8.449828220999962, 0.0 ], [ 116.855887199000108, -8.449879812999939, 0.0 ], [ 116.855796343000065, -8.449911004999933, 0.0 ], [ 116.855643614000087, -8.449658214999943, 0.0 ], [ 116.855482859000062, -8.449589992999961, 0.0 ], [ 116.855482516000052, -8.44958984699997, 0.0 ], [ 116.855481359, -8.449590121999961, 0.0 ], [ 116.855420392000042, -8.449604590999968, 0.0 ], [ 116.855419765000079, -8.449604741999963, 0.0 ], [ 116.855309786000021, -8.449630849999949, 0.0 ], [ 116.854859696000062, -8.449926177999942, 0.0 ], [ 116.8547762500001, -8.450020896999945, 0.0 ], [ 116.854759961000013, -8.45021756999995, 0.0 ], [ 116.854759107000064, -8.450227860999973, 0.0 ], [ 116.854758103000108, -8.450392883999939, 0.0 ], [ 116.854708418000087, -8.450469557999952, 0.0 ], [ 116.854683456000089, -8.450508078999974, 0.0 ], [ 116.85447694100003, -8.450614979999955, 0.0 ], [ 116.854436882000073, -8.45062242399996, 0.0 ], [ 116.854125004000025, -8.450680378999948, 0.0 ], [ 116.854040814000086, -8.450671014999955, 0.0 ], [ 116.853949250000028, -8.450660839999955, 0.0 ], [ 116.853861239000025, -8.450629310999943, 0.0 ], [ 116.853746853000075, -8.450588333999974, 0.0 ], [ 116.853746264000051, -8.450588123999978, 0.0 ], [ 116.853745104000041, -8.450588454999945, 0.0 ], [ 116.853477253000051, -8.450664787999926, 0.0 ], [ 116.853174178000017, -8.450696938999954, 0.0 ], [ 116.853173640000023, -8.450696995999976, 0.0 ], [ 116.852886147000049, -8.45066281499993, 0.0 ], [ 116.852885682000078, -8.450662759999943, 0.0 ], [ 116.852885015000084, -8.450662680999926, 0.0 ], [ 116.852884688000017, -8.450662641999941, 0.0 ], [ 116.852884342000038, -8.45066259999993, 0.0 ], [ 116.852883010000028, -8.450662442999942, 0.0 ], [ 116.852882616000102, -8.450662395999927, 0.0 ], [ 116.852882214000033, -8.45066234899997, 0.0 ], [ 116.852508285000113, -8.450617890999979, 0.0 ], [ 116.852334372000087, -8.450621815999966, 0.0 ], [ 116.852097278000087, -8.450627167999926, 0.0 ], [ 116.851988217000098, -8.450632752999979, 0.0 ], [ 116.851753615, -8.450644764999936, 0.0 ], [ 116.851404134000063, -8.45058960199998, 0.0 ], [ 116.851335364000079, -8.450603630999979, 0.0 ], [ 116.851318169000024, -8.450607140999978, 0.0 ], [ 116.851209796000035, -8.450733093999929, 0.0 ], [ 116.851187318000029, -8.45083025699995, 0.0 ], [ 116.851148741000088, -8.450942979999979, 0.0 ], [ 116.851034542000093, -8.450983022999935, 0.0 ], [ 116.851034005000088, -8.450982644999954, 0.0 ], [ 116.850882765000051, -8.450876133999941, 0.0 ], [ 116.850554190000025, -8.450807789999942, 0.0 ], [ 116.850527127000078, -8.450734736999948, 0.0 ], [ 116.850517650000029, -8.450709148999977, 0.0 ], [ 116.85045711500004, -8.450615926999944, 0.0 ], [ 116.850206227000058, -8.450464143999966, 0.0 ], [ 116.849996299000054, -8.450387040999942, 0.0 ], [ 116.849995785000033, -8.45038685399993, 0.0 ], [ 116.849976286000015, -8.450379689999977, 0.0 ], [ 116.849847430000068, -8.45041724999993, 0.0 ], [ 116.849747850000085, -8.450531955999963, 0.0 ], [ 116.849725031000048, -8.450565360999974, 0.0 ], [ 116.84969946800004, -8.450602777999961, 0.0 ], [ 116.849698069000056, -8.45060295299993, 0.0 ], [ 116.849578921000102, -8.450617816999966, 0.0 ], [ 116.849577030000091, -8.450612408999973, 0.0 ], [ 116.849516902, -8.450438248999944, 0.0 ], [ 116.849430881000103, -8.45037345399993, 0.0 ], [ 116.849364628000103, -8.45032355099994, 0.0 ], [ 116.849119737000024, -8.45022776299993, 0.0 ], [ 116.849119383000016, -8.450227623999979, 0.0 ], [ 116.848939007000013, -8.450157071999968, 0.0 ], [ 116.848710543000038, -8.450006261999931, 0.0 ], [ 116.848220232000017, -8.449294394999981, 0.0 ], [ 116.848220032000086, -8.449294104999979, 0.0 ], [ 116.848182337000026, -8.449239379999938, 0.0 ], [ 116.848171069000045, -8.449225079999962, 0.0 ], [ 116.848170821000053, -8.44922476399995, 0.0 ], [ 116.848084475000064, -8.449115163999977, 0.0 ], [ 116.848084265000011, -8.449114897999948, 0.0 ], [ 116.848083720000091, -8.449115048999943, 0.0 ], [ 116.8480060710001, -8.44913663899996, 0.0 ], [ 116.847845495000115, -8.449181285999941, 0.0 ], [ 116.847572165000088, -8.44937020499998, 0.0 ], [ 116.847447796000097, -8.449391987999945, 0.0 ], [ 116.847447419000105, -8.449392053999929, 0.0 ], [ 116.847198742000046, -8.449435610999956, 0.0 ], [ 116.84697850200007, -8.449640923999937, 0.0 ], [ 116.846816506000096, -8.449791938999965, 0.0 ], [ 116.846783512000115, -8.449795907999942, 0.0 ], [ 116.846650710000063, -8.449811881999949, 0.0 ], [ 116.846650098000055, -8.449811955999962, 0.0 ], [ 116.84644513, -8.44974913599998, 0.0 ], [ 116.84644460200002, -8.449748973999931, 0.0 ], [ 116.846443708000038, -8.449749152999971, 0.0 ], [ 116.845962262000057, -8.449845653999944, 0.0 ], [ 116.845814252000082, -8.449875046999978, 0.0 ], [ 116.845556608000038, -8.449926207999965, 0.0 ], [ 116.845474042000092, -8.449927299999956, 0.0 ], [ 116.845472870000094, -8.449927316999947, 0.0 ], [ 116.845299475000047, -8.449929616999952, 0.0 ], [ 116.844811556000082, -8.449417910999955, 0.0 ], [ 116.844811234000076, -8.449417572999948, 0.0 ], [ 116.844810818000042, -8.449417439999934, 0.0 ], [ 116.844711645000075, -8.44938581699995, 0.0 ], [ 116.844686283000101, -8.449435174999962, 0.0 ], [ 116.844665256000098, -8.44947609999997, 0.0 ], [ 116.844650171000012, -8.44957286999994, 0.0 ], [ 116.844642806000024, -8.449620121999942, 0.0 ], [ 116.844537904000049, -8.449800744999948, 0.0 ], [ 116.844400254000107, -8.449918869999976, 0.0 ], [ 116.844222506000051, -8.449944731999949, 0.0 ], [ 116.843743181000036, -8.449951590999945, 0.0 ], [ 116.843544991000044, -8.450005757999975, 0.0 ], [ 116.842727330000116, -8.449919865999959, 0.0 ], [ 116.842580583000085, -8.449888252999926, 0.0 ], [ 116.842579339000054, -8.449887983999929, 0.0 ], [ 116.842439379000098, -8.449857835999978, 0.0 ], [ 116.842263733000095, -8.449775047999935, 0.0 ], [ 116.842208447000075, -8.449748990999979, 0.0 ], [ 116.842184343000099, -8.449731315999941, 0.0 ], [ 116.841871569000091, -8.449501981999958, 0.0 ], [ 116.841696481000099, -8.449424955999973, 0.0 ], [ 116.841546541000071, -8.449358994999955, 0.0 ], [ 116.841263680000111, -8.449254636999967, 0.0 ], [ 116.84088750300009, -8.449115852999967, 0.0 ], [ 116.840651742000091, -8.448931351999931, 0.0 ], [ 116.840423272000066, -8.448084906999952, 0.0 ], [ 116.840314202000059, -8.447770898999977, 0.0 ], [ 116.840314034000016, -8.447770415999969, 0.0 ], [ 116.840313909000088, -8.447770055999968, 0.0 ], [ 116.840313788000117, -8.447769705999974, 0.0 ], [ 116.840217772000074, -8.44749328499995, 0.0 ], [ 116.840120895000041, -8.447362976999955, 0.0 ], [ 116.839827253000067, -8.446968012999946, 0.0 ], [ 116.839705698000103, -8.446776201999967, 0.0 ], [ 116.839622190000114, -8.446616906999964, 0.0 ], [ 116.839622019000103, -8.446616576999929, 0.0 ], [ 116.83952544400006, -8.446432353999967, 0.0 ], [ 116.839448527000059, -8.44628563699996, 0.0 ], [ 116.839409770000088, -8.446207003999973, 0.0 ], [ 116.839369366000028, -8.446125025999947, 0.0 ], [ 116.839446299000087, -8.445900887999926, 0.0 ], [ 116.839526145000036, -8.445668258999945, 0.0 ], [ 116.83954028200003, -8.445627085999945, 0.0 ], [ 116.839660819000073, -8.445364007999956, 0.0 ], [ 116.83983024500003, -8.445174115999976, 0.0 ], [ 116.840493809, -8.444498300999953, 0.0 ], [ 116.840494055000022, -8.444498050999925, 0.0 ], [ 116.840545327000086, -8.444445833999964, 0.0 ], [ 116.840561545000014, -8.444433261999961, 0.0 ], [ 116.840951512000061, -8.444130959999939, 0.0 ], [ 116.841160681000019, -8.44397592699994, 0.0 ], [ 116.84134536800002, -8.443839041999979, 0.0 ], [ 116.84155966000003, -8.443778047999956, 0.0 ], [ 116.84168322700009, -8.443781936999926, 0.0 ], [ 116.841798458000085, -8.443902997999942, 0.0 ], [ 116.841881095000076, -8.443920961999936, 0.0 ], [ 116.841881381, -8.443921023999962, 0.0 ], [ 116.841881697000076, -8.443920906999949, 0.0 ], [ 116.842255306000084, -8.443782908999935, 0.0 ], [ 116.842408613000089, -8.443659897999964, 0.0 ], [ 116.842515533000096, -8.443488077999973, 0.0 ], [ 116.842621437000048, -8.443159046999938, 0.0 ], [ 116.842630849000102, -8.443077259999939, 0.0 ], [ 116.842650191000075, -8.442909146999966, 0.0 ], [ 116.842954764000069, -8.44262404899996, 0.0 ], [ 116.843044052000096, -8.442546668999967, 0.0 ], [ 116.843156960000101, -8.442448813999931, 0.0 ], [ 116.843443551000064, -8.442252266999958, 0.0 ], [ 116.843483007000032, -8.442225206999979, 0.0 ], [ 116.84396963100005, -8.441793710999946, 0.0 ], [ 116.844080759, -8.441708579999954, 0.0 ], [ 116.844201567000027, -8.441616032999946, 0.0 ], [ 116.844703844000037, -8.441376842999944, 0.0 ], [ 116.844807591000063, -8.441305460999956, 0.0 ], [ 116.844940086000065, -8.441214299999956, 0.0 ], [ 116.845396957000048, -8.440958014999978, 0.0 ], [ 116.845782654000118, -8.440819414999964, 0.0 ], [ 116.846046210000054, -8.44072470499998, 0.0 ], [ 116.846320567000021, -8.440623667999944, 0.0 ], [ 116.846512174000054, -8.44055534499995, 0.0 ], [ 116.846512482000094, -8.440555234999977, 0.0 ], [ 116.846762800000079, -8.440465976999974, 0.0 ], [ 116.847013698000069, -8.440362, 0.0 ], [ 116.847015390000024, -8.440361957999926, 0.0 ], [ 116.847091063000107, -8.440360044999977, 0.0 ], [ 116.847091356000078, -8.440360037999938, 0.0 ], [ 116.84715919100006, -8.440466446999949, 0.0 ], [ 116.84721335800009, -8.440566015999934, 0.0 ], [ 116.847425481000073, -8.440625877999935, 0.0 ], [ 116.847426195000025, -8.440626079999959, 0.0 ], [ 116.847426656000039, -8.440625955999963, 0.0 ], [ 116.847670268000115, -8.440560164999965, 0.0 ], [ 116.847866509000028, -8.440482835999944, 0.0 ], [ 116.847866975000102, -8.440482652999947, 0.0 ], [ 116.847970049000082, -8.440442037999958, 0.0 ], [ 116.848073685000031, -8.440426440999943, 0.0 ], [ 116.848073939000074, -8.440426402999947, 0.0 ], [ 116.848320518000037, -8.440389294999932, 0.0 ], [ 116.848465117000046, -8.44037046699998, 0.0 ], [ 116.84846656000002, -8.44037024499994, 0.0 ], [ 116.848526305000064, -8.440335502999972, 0.0 ], [ 116.848571399000093, -8.440309271999979, 0.0 ], [ 116.848576556000012, -8.440289776999975, 0.0 ], [ 116.848596350000093, -8.440215051999928, 0.0 ], [ 116.848588035000034, -8.440089110999963, 0.0 ], [ 116.848717880000095, -8.439960243999963, 0.0 ], [ 116.848731322000049, -8.439957204999928, 0.0 ], [ 116.848731595000118, -8.439957142999958, 0.0 ], [ 116.848907726000107, -8.439917296999965, 0.0 ], [ 116.848958881000044, -8.439905701999976, 0.0 ], [ 116.849006839000026, -8.439894833999972, 0.0 ], [ 116.849194572000101, -8.439858332999961, 0.0 ], [ 116.849411024, -8.439816247999943, 0.0 ], [ 116.85117384800003, -8.439803093999956, 0.0 ], [ 116.851175197000089, -8.439803083999948, 0.0 ], [ 116.851175654000031, -8.439803050999956, 0.0 ], [ 116.851301626, -8.439793966999957, 0.0 ], [ 116.851301956000043, -8.439793942999927, 0.0 ], [ 116.851302420000025, -8.439793908999945, 0.0 ], [ 116.851303584000107, -8.439793824999981, 0.0 ], [ 116.851303908000091, -8.439793800999951, 0.0 ], [ 116.851308515000028, -8.439793465999969, 0.0 ], [ 116.851439699000025, -8.439784007999947, 0.0 ], [ 116.851584259000106, -8.439756171999932, 0.0 ], [ 116.851584868000032, -8.439756053999929, 0.0 ], [ 116.851746310000067, -8.43972496799995, 0.0 ], [ 116.851858178000043, -8.439723580999953, 0.0 ], [ 116.851858801000049, -8.439723572999981, 0.0 ], [ 116.851859079000064, -8.439723568999966, 0.0 ], [ 116.851902059000054, -8.439723036999965, 0.0 ], [ 116.85190392200002, -8.439723013999981, 0.0 ], [ 116.852142152000056, -8.439852841999937, 0.0 ], [ 116.852229084000101, -8.439907424999944, 0.0 ], [ 116.852229355000077, -8.439907595999955, 0.0 ], [ 116.852310109000086, -8.439958300999933, 0.0 ], [ 116.852338326000108, -8.439975907999951, 0.0 ], [ 116.852416496000046, -8.440024677999929, 0.0 ], [ 116.852637209000022, -8.44009793999993, 0.0 ], [ 116.852637877, -8.44009816099998, 0.0 ], [ 116.852884186000097, -8.440179915999977, 0.0 ], [ 116.854453003000117, -8.440371272999926, 0.0 ], [ 116.854670853000016, -8.440388054999971, 0.0 ], [ 116.85467131900009, -8.440388090999932, 0.0 ], [ 116.855042246000039, -8.44041666399994, 0.0 ], [ 116.855341021000072, -8.440400073999967, 0.0 ], [ 116.85547718600003, -8.440392762999977, 0.0 ], [ 116.855879849000075, -8.440394148999928, 0.0 ], [ 116.855880400000046, -8.440394149999975, 0.0 ], [ 116.855880895000041, -8.440394151999953, 0.0 ], [ 116.855881354000076, -8.440394152999943, 0.0 ], [ 116.855881809000039, -8.440394153999932, 0.0 ], [ 116.855882295000015, -8.440394154999979, 0.0 ], [ 116.855882855000118, -8.440394156999957, 0.0 ], [ 116.856180127000016, -8.44039517899995, 0.0 ], [ 116.85681997800009, -8.440503062999937, 0.0 ], [ 116.85682079500009, -8.440502995999964, 0.0 ], [ 116.856881901000065, -8.44049597399993, 0.0 ], [ 116.856882194000036, -8.440495940999938, 0.0 ], [ 116.856882462000044, -8.440495909999981, 0.0 ], [ 116.857253519000096, -8.440453265999963, 0.0 ], [ 116.857643642000085, -8.44039795499998, 0.0 ], [ 116.857643999000061, -8.440397903999951, 0.0 ], [ 116.857849066000085, -8.440368828999965, 0.0 ], [ 116.858450423000022, -8.440455694999969, 0.0 ], [ 116.858451811, -8.440455439999937, 0.0 ], [ 116.858541739000088, -8.440438474999951, 0.0 ], [ 116.858544032000054, -8.440438041999926, 0.0 ], [ 116.858544494000057, -8.440437954999936, 0.0 ], [ 116.858546130000036, -8.440437645999964, 0.0 ], [ 116.858546515000057, -8.44043757299994, 0.0 ], [ 116.8588409890001, -8.440382012999976, 0.0 ], [ 116.858890957000085, -8.440374372999941, 0.0 ], [ 116.85889256300004, -8.440374125999938, 0.0 ], [ 116.858892937000064, -8.440374067999926, 0.0 ], [ 116.859082661000116, -8.44034505999997, 0.0 ], [ 116.859083558000066, -8.440344922999941, 0.0 ], [ 116.859428344000094, -8.440354000999946, 0.0 ], [ 116.859428642000012, -8.440354007999929, 0.0 ], [ 116.859429319000014, -8.440354026999955, 0.0 ], [ 116.85943020000002, -8.440354049999939, 0.0 ], [ 116.859430620000012, -8.440354060999937, 0.0 ], [ 116.859620069000016, -8.440359049999927, 0.0 ], [ 116.859802297000101, -8.440412799999933, 0.0 ], [ 116.85984019600005, -8.440423978999945, 0.0 ], [ 116.859867645, -8.440432802999965, 0.0 ], [ 116.859868002000098, -8.440432916999953, 0.0 ], [ 116.859868622000022, -8.440433116999941, 0.0 ], [ 116.86008627800004, -8.440503080999974, 0.0 ], [ 116.860156249000056, -8.440510050999933, 0.0 ], [ 116.860157174000051, -8.440510146999941, 0.0 ], [ 116.860252690000038, -8.440519665999943, 0.0 ], [ 116.86025298900006, -8.44052, 0.0 ], [ 116.86028327300005, -8.440553919999957, 0.0 ], [ 116.860724698000013, -8.44104833199998, 0.0 ], [ 116.860791160000076, -8.441084185999955, 0.0 ], [ 116.860792512000103, -8.441084914999976, 0.0 ], [ 116.860792699000058, -8.441084150999927, 0.0 ], [ 116.860842522000098, -8.440880612999933, 0.0 ], [ 116.86084264200008, -8.440880129999925, 0.0 ], [ 116.860847725000099, -8.440859381999928, 0.0 ], [ 116.860850810000102, -8.440835302999972, 0.0 ], [ 116.860869166000043, -8.440691952999941, 0.0 ], [ 116.861001033000093, -8.440559415999928, 0.0 ], [ 116.861138683000036, -8.440421066999932, 0.0 ], [ 116.861310632000027, -8.440310377999936, 0.0 ], [ 116.861539866000044, -8.440162812999972, 0.0 ], [ 116.861874530000023, -8.440055331999929, 0.0 ], [ 116.861875712000028, -8.440054951999969, 0.0 ], [ 116.862005582000052, -8.440131101999953, 0.0 ], [ 116.862062845000082, -8.440165989999969, 0.0 ], [ 116.862063081000088, -8.440166132999934, 0.0 ], [ 116.862068077000117, -8.440169181999977, 0.0 ], [ 116.862086116000114, -8.440153836999968, 0.0 ], [ 116.86208633800004, -8.440153649999957, 0.0 ], [ 116.862153039000077, -8.440096925999967, 0.0 ], [ 116.862182809000046, -8.440070050999964, 0.0 ], [ 116.862195469000085, -8.440058102999956, 0.0 ], [ 116.862485899000035, -8.439784033999956, 0.0 ], [ 116.862594297000101, -8.439709333999929, 0.0 ], [ 116.862627328000031, -8.439731353999946, 0.0 ], [ 116.862746610000045, -8.439810868999928, 0.0 ], [ 116.862761925000086, -8.439822116999949, 0.0 ], [ 116.862793683000064, -8.439845435999928, 0.0 ], [ 116.862794472000019, -8.439846015999933, 0.0 ], [ 116.862795170000027, -8.439845420999973, 0.0 ], [ 116.862977545000035, -8.439689792999957, 0.0 ], [ 116.863136643000075, -8.43955411099995, 0.0 ], [ 116.863155248000112, -8.439544912999963, 0.0 ], [ 116.863347452000085, -8.439449893999949, 0.0 ], [ 116.863347961000045, -8.439449642999932, 0.0 ], [ 116.863478283000063, -8.439441832999933, 0.0 ], [ 116.863623169000107, -8.439472558999967, 0.0 ], [ 116.863624368000046, -8.439472162999948, 0.0 ], [ 116.863714565, -8.43943792999994, 0.0 ], [ 116.863787070000058, -8.439344751999954, 0.0 ], [ 116.863854718000084, -8.439257808999969, 0.0 ], [ 116.864225864000105, -8.439039234999939, 0.0 ], [ 116.864226320000057, -8.439038965999941, 0.0 ], [ 116.864272516000028, -8.439011760999961, 0.0 ], [ 116.86492811100004, -8.438667143999965, 0.0 ], [ 116.86524880200011, -8.43853387799993, 0.0 ], [ 116.86578966400009, -8.438295163999953, 0.0 ], [ 116.866002976000118, -8.43820584499997, 0.0 ], [ 116.866121171000032, -8.438142458999948, 0.0 ], [ 116.866243239000028, -8.438076993999971, 0.0 ], [ 116.866368987000101, -8.438025042999925, 0.0 ], [ 116.866369285000019, -8.438024918999929, 0.0 ], [ 116.866474669000013, -8.437981382999965, 0.0 ], [ 116.866475966000053, -8.437980846999949, 0.0 ], [ 116.866577595000081, -8.438032029999931, 0.0 ], [ 116.866577945000017, -8.438032204999956, 0.0 ], [ 116.866600994, -8.438043809999954, 0.0 ], [ 116.866746012000021, -8.438170200999934, 0.0 ], [ 116.86688946400011, -8.438190227999939, 0.0 ], [ 116.867041266000115, -8.438140949999934, 0.0 ], [ 116.867078746000061, -8.438046466999936, 0.0 ], [ 116.867096463000053, -8.438001800999928, 0.0 ], [ 116.867120435000061, -8.437919320999981, 0.0 ], [ 116.867302966000011, -8.437866113999974, 0.0 ], [ 116.867379095000047, -8.437822660999927, 0.0 ], [ 116.867448443000058, -8.437643009999931, 0.0 ], [ 116.867477139000016, -8.437421305999976, 0.0 ], [ 116.867491849000089, -8.437307676999978, 0.0 ], [ 116.8674979540001, -8.437257605999946, 0.0 ], [ 116.867509464000022, -8.437163154999951, 0.0 ], [ 116.86759242800008, -8.437020156999949, 0.0 ], [ 116.867661994000059, -8.436975675999975, 0.0 ], [ 116.867842832000065, -8.436860043999957, 0.0 ], [ 116.868028258000095, -8.436760345999971, 0.0 ], [ 116.868057089000104, -8.436744819999944, 0.0 ], [ 116.868061459000046, -8.436725022999951, 0.0 ], [ 116.868111849000115, -8.436494928999934, 0.0 ], [ 116.868195298000046, -8.436066830999948, 0.0 ], [ 116.868301686000109, -8.43591009599993, 0.0 ], [ 116.868347451000091, -8.43587935599993, 0.0 ], [ 116.868492069000013, -8.435782217999929, 0.0 ], [ 116.868812762000061, -8.435726079999938, 0.0 ], [ 116.869195497000078, -8.435524979999968, 0.0 ], [ 116.869347292000043, -8.435380978999945, 0.0 ], [ 116.869384264000018, -8.435166009999932, 0.0 ], [ 116.869392208000022, -8.435119819999954, 0.0 ], [ 116.869400202000065, -8.435099942999955, 0.0 ], [ 116.86944639, -8.434985087999962, 0.0 ], [ 116.86945972500007, -8.434883922999973, 0.0 ], [ 116.869490269000039, -8.434652154999981, 0.0 ], [ 116.869528348000017, -8.43435293999994, 0.0 ], [ 116.869543507000117, -8.433900924999932, 0.0 ], [ 116.869818341000041, -8.433159907999936, 0.0 ], [ 116.869979429000068, -8.432901203999961, 0.0 ], [ 116.870307482000044, -8.432629804999976, 0.0 ], [ 116.870326072000012, -8.432618456999933, 0.0 ], [ 116.870553015000041, -8.432479924999939, 0.0 ], [ 116.870887867000079, -8.432302752999931, 0.0 ], [ 116.870997765000084, -8.432229632999963, 0.0 ], [ 116.871245180000074, -8.432065018999936, 0.0 ], [ 116.871466792000092, -8.431984926999974, 0.0 ], [ 116.871712396000021, -8.431925993999926, 0.0 ], [ 116.871712657000103, -8.431925930999967, 0.0 ], [ 116.871713011000111, -8.431925845999956, 0.0 ], [ 116.871773886000028, -8.431911240999966, 0.0 ], [ 116.871868558000074, -8.431890172999942, 0.0 ], [ 116.871869701000037, -8.431889917999968, 0.0 ], [ 116.871870733000037, -8.431889687999956, 0.0 ], [ 116.872497772000088, -8.431750155999964, 0.0 ], [ 116.872840884000084, -8.431742448999955, 0.0 ], [ 116.872842275000039, -8.431742416999953, 0.0 ], [ 116.873497517000033, -8.431727699999954, 0.0 ], [ 116.873866995000071, -8.431692503999955, 0.0 ], [ 116.87386726200009, -8.431692476999956, 0.0 ], [ 116.873902165000118, -8.431689152999979, 0.0 ], [ 116.874000920000071, -8.431682419999959, 0.0 ], [ 116.874001645000021, -8.431682369999976, 0.0 ], [ 116.874360583000112, -8.431657897999969, 0.0 ], [ 116.874580194000032, -8.431667669999968, 0.0 ], [ 116.874915040000019, -8.431694002999961, 0.0 ], [ 116.875000000000114, -8.431700834999958, 0.0 ], [ 116.875252396000064, -8.431719921999957, 0.0 ], [ 116.875759060000064, -8.431714888999977, 0.0 ], [ 116.875760044000117, -8.431714878999969, 0.0 ], [ 116.875760611000032, -8.431714872999976, 0.0 ], [ 116.87576113700004, -8.431714867999972, 0.0 ], [ 116.876631863000057, -8.431706209999959, 0.0 ], [ 116.876632692000044, -8.43170641599994, 0.0 ], [ 116.877117968000107, -8.431823006999934, 0.0 ], [ 116.877119469000036, -8.431823384999973, 0.0 ], [ 116.87726353100004, -8.431803698999943, 0.0 ], [ 116.877366044000041, -8.431789697999932, 0.0 ], [ 116.877366971000015, -8.431789977999927, 0.0 ], [ 116.877829779000081, -8.431927868999935, 0.0 ], [ 116.878264690000037, -8.431973735999975, 0.0 ], [ 116.878417139000021, -8.431953564999958, 0.0 ], [ 116.878417851000108, -8.431953469999939, 0.0 ], [ 116.878737210000054, -8.431911215999946, 0.0 ], [ 116.879069235000088, -8.431875547999937, 0.0 ], [ 116.879069644000083, -8.431875503999947, 0.0 ], [ 116.879318600000033, -8.431848758999934, 0.0 ], [ 116.879523612000071, -8.43188194499993, 0.0 ], [ 116.879590699, -8.43194306099997, 0.0 ], [ 116.879716004000102, -8.432057219999933, 0.0 ], [ 116.880264929000077, -8.432183946999942, 0.0 ], [ 116.880265629000064, -8.432184108999934, 0.0 ], [ 116.880266255000038, -8.432183834999933, 0.0 ], [ 116.880301554000084, -8.432168378999961, 0.0 ], [ 116.880340294, -8.432151402999978, 0.0 ], [ 116.880590649000055, -8.432040119999954, 0.0 ], [ 116.88078689800011, -8.432008355999926, 0.0 ], [ 116.880813861000092, -8.432004015999951, 0.0 ], [ 116.8809865180001, -8.432030198999939, 0.0 ], [ 116.880987527000116, -8.43203035199997, 0.0 ], [ 116.881040747000043, -8.432047445999956, 0.0 ], [ 116.881078811000066, -8.43206698299997, 0.0 ], [ 116.881278014000031, -8.432209, 0.0 ], [ 116.881356765000078, -8.432318703999954, 0.0 ], [ 116.881357062, -8.432319115999974, 0.0 ], [ 116.881385924000028, -8.43235933099993, 0.0 ], [ 116.881417397000064, -8.432406209999954, 0.0 ], [ 116.881559373000073, -8.432617672999982, 0.0 ], [ 116.881559652000078, -8.43261808799997, 0.0 ], [ 116.881560994000097, -8.43261771799996, 0.0 ], [ 116.881593078000037, -8.432608868999978, 0.0 ], [ 116.881630471000108, -8.432598535999944, 0.0 ], [ 116.881687310000075, -8.432515666999961, 0.0 ], [ 116.881706123000072, -8.432488237999962, 0.0 ], [ 116.881842778000077, -8.432337906999976, 0.0 ], [ 116.881843519000086, -8.432337799999971, 0.0 ], [ 116.882027828000105, -8.432310032999965, 0.0 ], [ 116.882028123000055, -8.432310094999934, 0.0 ], [ 116.882263601000091, -8.432359326999972, 0.0 ], [ 116.88240535400007, -8.43241493599993, 0.0 ], [ 116.882612064000114, -8.432496024999978, 0.0 ], [ 116.882860973000106, -8.432621074999929, 0.0 ], [ 116.882861382000101, -8.432621279999978, 0.0 ], [ 116.882912345000022, -8.432646881999972, 0.0 ], [ 116.882975436000038, -8.432748081999932, 0.0 ], [ 116.883018243000038, -8.432816744999968, 0.0 ], [ 116.883055606000084, -8.432860480999977, 0.0 ], [ 116.883195501000046, -8.433024222999961, 0.0 ], [ 116.883349447000114, -8.433089995999978, 0.0 ], [ 116.883436547000088, -8.433127206999927, 0.0 ], [ 116.883804655000063, -8.433312681999951, 0.0 ], [ 116.883821034000107, -8.43329691699995, 0.0 ], [ 116.883821269, -8.433296681999934, 0.0 ], [ 116.88385637500005, -8.433262899999932, 0.0 ], [ 116.883985968000047, -8.433085604999974, 0.0 ], [ 116.883986234000076, -8.433085241999947, 0.0 ], [ 116.884005061000039, -8.433097293999936, 0.0 ], [ 116.884005376000118, -8.433097503999932, 0.0 ], [ 116.884050227000102, -8.433126237999943, 0.0 ], [ 116.88411024100003, -8.433300026999973, 0.0 ], [ 116.884185900000034, -8.433390329999952, 0.0 ], [ 116.884261800000104, -8.433408202999942, 0.0 ], [ 116.884336339000015, -8.433425750999959, 0.0 ], [ 116.884337202000097, -8.433425953999972, 0.0 ], [ 116.884337502000108, -8.433425718999956, 0.0 ], [ 116.88437916700002, -8.433393057999979, 0.0 ], [ 116.884407538, -8.433370811999964, 0.0 ], [ 116.88456033600005, -8.433247270999971, 0.0 ], [ 116.88456071600001, -8.43324724699994, 0.0 ], [ 116.884735567, -8.433236060999945, 0.0 ], [ 116.884780438, -8.433234166999966, 0.0 ], [ 116.884781827000097, -8.433234108999955, 0.0 ], [ 116.884782127000108, -8.433234096999968, 0.0 ], [ 116.884782473000087, -8.433234082999945, 0.0 ], [ 116.885002075000102, -8.433224819999964, 0.0 ], [ 116.885229992000063, -8.43330487999998, 0.0 ], [ 116.885347527000022, -8.433347942999944, 0.0 ], [ 116.885445821000076, -8.433383954999954, 0.0 ], [ 116.885606442000039, -8.433475251999937, 0.0 ], [ 116.885987176000071, -8.433804281999926, 0.0 ], [ 116.886093588000108, -8.433967313999972, 0.0 ], [ 116.88638302600009, -8.434088369999927, 0.0 ], [ 116.886626072000013, -8.434008785999936, 0.0 ], [ 116.886673532000032, -8.433996771999944, 0.0 ], [ 116.886673987000108, -8.433996657999955, 0.0 ], [ 116.88681117100009, -8.433961929999953, 0.0 ], [ 116.886811531000035, -8.433962118999943, 0.0 ], [ 116.886956373000089, -8.434038403999978, 0.0 ], [ 116.88720602, -8.434169889999964, 0.0 ], [ 116.887725414000101, -8.434506726999928, 0.0 ], [ 116.888123, -8.434859131999929, 0.0 ], [ 116.888237002000096, -8.434960178999972, 0.0 ], [ 116.888403127000061, -8.435030088999952, 0.0 ], [ 116.888557213000013, -8.43509493199997, 0.0 ], [ 116.888652691000061, -8.435117994999928, 0.0 ], [ 116.88883295200003, -8.435161535999953, 0.0 ], [ 116.888834048000035, -8.435161800999936, 0.0 ], [ 116.888834886000041, -8.435161746999938, 0.0 ], [ 116.889028532000111, -8.435149312999954, 0.0 ], [ 116.889028808000035, -8.435149294999974, 0.0 ], [ 116.889077611000062, -8.435146158999942, 0.0 ], [ 116.889184031000013, -8.435142486999951, 0.0 ], [ 116.889184988000011, -8.435142453999958, 0.0 ], [ 116.889289409000071, -8.435138852999955, 0.0 ], [ 116.889530230000105, -8.43520680499995, 0.0 ], [ 116.889530478000097, -8.435206874999949, 0.0 ], [ 116.89012324600003, -8.435374134999961, 0.0 ], [ 116.890207238000016, -8.435465399999941, 0.0 ], [ 116.890287675000081, -8.43555280399994, 0.0 ], [ 116.890400230000068, -8.43563820199995, 0.0 ], [ 116.890465880000079, -8.435688009999978, 0.0 ], [ 116.890616566000062, -8.435751266999944, 0.0 ], [ 116.890806056000088, -8.435830814999974, 0.0 ], [ 116.89080655500004, -8.435831023999981, 0.0 ], [ 116.890807613000106, -8.435830866999936, 0.0 ], [ 116.890960870000072, -8.435808091999945, 0.0 ], [ 116.890964778000011, -8.435805779999953, 0.0 ], [ 116.891111633000037, -8.435718278999957, 0.0 ], [ 116.891264320000118, -8.43564215899994, 0.0 ], [ 116.891281080000113, -8.435633802999973, 0.0 ], [ 116.891390930000057, -8.435688551999931, 0.0 ], [ 116.891418230000113, -8.435702161999927, 0.0 ], [ 116.8914184570001, -8.435702324999966, 0.0 ], [ 116.891420433, -8.435703737999972, 0.0 ], [ 116.892213469000012, -8.436272291999956, 0.0 ], [ 116.892524862000073, -8.436429984999961, 0.0 ], [ 116.892679147000081, -8.436399218999952, 0.0 ], [ 116.892868501000066, -8.436279153999976, 0.0 ], [ 116.893013505000113, -8.436186898999949, 0.0 ], [ 116.893013740000015, -8.436187164999978, 0.0 ], [ 116.893060659000071, -8.436240239999961, 0.0 ], [ 116.89325559100007, -8.436460740999962, 0.0 ], [ 116.893366981000099, -8.436504618999948, 0.0 ], [ 116.893472384, -8.436546136999937, 0.0 ], [ 116.89360853800008, -8.436609153999939, 0.0 ], [ 116.893608973000028, -8.436609031999978, 0.0 ], [ 116.893739388000085, -8.436573007999925, 0.0 ], [ 116.893914622000011, -8.436531997999964, 0.0 ], [ 116.893915334000098, -8.436532120999971, 0.0 ], [ 116.894140211000035, -8.436571133999962, 0.0 ], [ 116.894697035000036, -8.436667734999958, 0.0 ], [ 116.894884867000087, -8.436731300999952, 0.0 ], [ 116.894885273000114, -8.436731435999945, 0.0 ], [ 116.895005045000062, -8.436771971999974, 0.0 ], [ 116.895005654000101, -8.436772177999956, 0.0 ], [ 116.895006404000014, -8.436771804999978, 0.0 ], [ 116.895156935000045, -8.436696994999977, 0.0 ], [ 116.895333651000101, -8.436499788999981, 0.0 ], [ 116.895463242, -8.436379600999942, 0.0 ], [ 116.895514709000054, -8.436331869999947, 0.0 ], [ 116.89567347000002, -8.436279407999962, 0.0 ], [ 116.895674326000062, -8.436279124999942, 0.0 ], [ 116.89572006800006, -8.436325566999926, 0.0 ], [ 116.89576860000011, -8.436374841999964, 0.0 ], [ 116.896066416000053, -8.436629861999961, 0.0 ], [ 116.896155321000037, -8.43670599099994, 0.0 ], [ 116.896155670000098, -8.436706289999961, 0.0 ], [ 116.896155982000096, -8.436706253999944, 0.0 ], [ 116.896376286000077, -8.436680916999933, 0.0 ], [ 116.896530706000021, -8.436621506999927, 0.0 ], [ 116.896531147000019, -8.436621337999952, 0.0 ], [ 116.896613554000055, -8.436589630999947, 0.0 ], [ 116.896836172, -8.436538843999926, 0.0 ], [ 116.897066177000056, -8.436497753999959, 0.0 ], [ 116.897398966000083, -8.436438299999963, 0.0 ], [ 116.897550570000021, -8.436469159999945, 0.0 ], [ 116.897551023, -8.436469251999938, 0.0 ], [ 116.897643505000019, -8.436488076999979, 0.0 ], [ 116.897660845000019, -8.436490616999947, 0.0 ], [ 116.897661318000019, -8.436490684999967, 0.0 ], [ 116.897661891000098, -8.436490767999942, 0.0 ], [ 116.897662315000048, -8.436490830999958, 0.0 ], [ 116.89794215400002, -8.436531822999939, 0.0 ], [ 116.897943293000026, -8.436531989999935, 0.0 ], [ 116.897943851000036, -8.436531790999936, 0.0 ], [ 116.898185378000107, -8.436445628999934, 0.0 ], [ 116.898242352000011, -8.43640480199997, 0.0 ], [ 116.898242996000022, -8.436404338999978, 0.0 ], [ 116.898345466000023, -8.43633091199996, 0.0 ], [ 116.898371313000098, -8.436307244999966, 0.0 ], [ 116.89850806600009, -8.436182025999926, 0.0 ], [ 116.898509762000117, -8.436182217999942, 0.0 ], [ 116.898590031000026, -8.436191287999975, 0.0 ], [ 116.898750164000035, -8.436293287999945, 0.0 ], [ 116.898816935000013, -8.436334536999937, 0.0 ], [ 116.899014941000019, -8.436456851999935, 0.0 ], [ 116.899015677000079, -8.436457306999955, 0.0 ], [ 116.89901658000008, -8.436457164999979, 0.0 ], [ 116.899148996, -8.436436306999951, 0.0 ], [ 116.899433141000031, -8.436409547999972, 0.0 ], [ 116.899435842000116, -8.43640929399993, 0.0 ], [ 116.899436217000016, -8.436409258999959, 0.0 ], [ 116.8996517920001, -8.436388959999931, 0.0 ], [ 116.899652098000047, -8.43638905399996, 0.0 ], [ 116.899719886000071, -8.43640989499994, 0.0 ], [ 116.899720303000095, -8.436410025999976, 0.0 ], [ 116.899832857000092, -8.43644463399994, 0.0 ], [ 116.899919244000102, -8.436435819999929, 0.0 ], [ 116.899920606000023, -8.436435676999963, 0.0 ], [ 116.900014905000035, -8.436426059999974, 0.0 ], [ 116.900540327000044, -8.436353053999937, 0.0 ], [ 116.900541613000087, -8.436352874999955, 0.0 ], [ 116.900732983000012, -8.436373837999952, 0.0 ], [ 116.901101340000082, -8.436453670999981, 0.0 ], [ 116.901101898000093, -8.436453790999963, 0.0 ], [ 116.901146030000064, -8.436463354999944, 0.0 ], [ 116.90114751200008, -8.436463654999955, 0.0 ], [ 116.901367572000026, -8.436414848999959, 0.0 ], [ 116.901612650000061, -8.436360176999926, 0.0 ], [ 116.901612962000058, -8.436360210999965, 0.0 ], [ 116.901874140000018, -8.436388415999943, 0.0 ], [ 116.901874944000042, -8.436388503999979, 0.0 ], [ 116.902236475000109, -8.436427547999926, 0.0 ], [ 116.902616714000033, -8.436490026999934, 0.0 ], [ 116.90282112400007, -8.436523913999963, 0.0 ], [ 116.90282275900006, -8.436524146999943, 0.0 ], [ 116.902931106000096, -8.436468079999941, 0.0 ], [ 116.903033589000074, -8.436421608999979, 0.0 ], [ 116.903034078000019, -8.43642138599995, 0.0 ], [ 116.903099041000019, -8.436391928999967, 0.0 ], [ 116.903254685000093, -8.436404810999932, 0.0 ], [ 116.903255038000111, -8.436404839999966, 0.0 ], [ 116.903255525000077, -8.436404879999941, 0.0 ], [ 116.903255831000024, -8.436404904999961, 0.0 ], [ 116.903257339000106, -8.436405029999946, 0.0 ], [ 116.903464627000062, -8.436422186999948, 0.0 ], [ 116.90357837800002, -8.436326024999971, 0.0 ], [ 116.903623738000078, -8.43622595599993, 0.0 ], [ 116.903586162000011, -8.435978951999971, 0.0 ], [ 116.903624771000068, -8.435914650999962, 0.0 ], [ 116.903672641000071, -8.435834923999948, 0.0 ], [ 116.903857702000096, -8.435702226999979, 0.0 ], [ 116.903869272000065, -8.435693931999936, 0.0 ], [ 116.904069495000044, -8.435625030999972, 0.0 ], [ 116.904264949000094, -8.435600461999968, 0.0 ], [ 116.904265940000073, -8.435600336999926, 0.0 ], [ 116.904266435000068, -8.435600274999956, 0.0 ], [ 116.904267041000026, -8.435600197999975, 0.0 ], [ 116.904395156000078, -8.435584093999978, 0.0 ], [ 116.904395523000062, -8.435584047999953, 0.0 ], [ 116.904436983000096, -8.435605000999942, 0.0 ], [ 116.904480479000085, -8.435626983999953, 0.0 ], [ 116.904678664000016, -8.435728977999929, 0.0 ], [ 116.904678987000011, -8.435728947999962, 0.0 ], [ 116.904968628, -8.435690919999956, 0.0 ], [ 116.905047742000079, -8.43565343299997, 0.0 ], [ 116.905048153000052, -8.43565323699994, 0.0 ], [ 116.905165318000059, -8.435597720999965, 0.0 ], [ 116.90533224100011, -8.435500803999957, 0.0 ], [ 116.90557981500001, -8.435357059999944, 0.0 ], [ 116.905580864000058, -8.435357114999931, 0.0 ], [ 116.905630469000016, -8.435359729999959, 0.0 ], [ 116.905630914000085, -8.435359753999933, 0.0 ], [ 116.905783822000103, -8.43536781499995, 0.0 ], [ 116.905930549000118, -8.435389304999944, 0.0 ], [ 116.905930888000057, -8.435389353999938, 0.0 ], [ 116.906105847000049, -8.435414977999926, 0.0 ], [ 116.906107030000044, -8.435415150999972, 0.0 ], [ 116.906107816000031, -8.435414869999931, 0.0 ], [ 116.906288802000063, -8.435350333999963, 0.0 ], [ 116.906326130000025, -8.435337023999978, 0.0 ], [ 116.906608300000016, -8.435291141999926, 0.0 ], [ 116.906974983000055, -8.435202398999934, 0.0 ], [ 116.90697538500001, -8.435202301999936, 0.0 ], [ 116.906975572000079, -8.435202101999948, 0.0 ], [ 116.906994006000104, -8.435182395999959, 0.0 ], [ 116.907102762000022, -8.435066121999967, 0.0 ], [ 116.907208058000037, -8.434987305999925, 0.0 ], [ 116.907265844000108, -8.434944055999949, 0.0 ], [ 116.907266507000031, -8.434944319999943, 0.0 ], [ 116.907311321000066, -8.43496221099997, 0.0 ], [ 116.907340503000114, -8.434973862999925, 0.0 ], [ 116.907377724000071, -8.435015313999941, 0.0 ], [ 116.907464525000023, -8.435111975999973, 0.0 ], [ 116.907691981000085, -8.43531016999998, 0.0 ], [ 116.907827402000066, -8.435390499999926, 0.0 ], [ 116.908035162000033, -8.435513741999955, 0.0 ], [ 116.90810852200002, -8.435532644999967, 0.0 ], [ 116.908108838000089, -8.435532725999963, 0.0 ], [ 116.908289013000058, -8.435579146999942, 0.0 ], [ 116.908600917000058, -8.435593291999965, 0.0 ], [ 116.909406670000067, -8.435523278999938, 0.0 ], [ 116.909408037000048, -8.435523159999946, 0.0 ], [ 116.909409772000117, -8.43552300999994, 0.0 ], [ 116.909431555000083, -8.435521122999944, 0.0 ], [ 116.909432222000078, -8.435521064999932, 0.0 ], [ 116.909458631, -8.43552099599998, 0.0 ], [ 116.909459047000041, -8.435520994999933, 0.0 ], [ 116.909643557000095, -8.43552056599998, 0.0 ], [ 116.909927172000039, -8.435614790999978, 0.0 ], [ 116.909994665000113, -8.43564523799995, 0.0 ], [ 116.90999492200001, -8.435645353999973, 0.0 ], [ 116.910142505000067, -8.435711926999943, 0.0 ], [ 116.910523735000083, -8.435740232999933, 0.0 ], [ 116.910774601000071, -8.435714375999964, 0.0 ], [ 116.911034831000052, -8.435704093999959, 0.0 ], [ 116.9111719980001, -8.435764175999964, 0.0 ], [ 116.911308147000113, -8.435886186999937, 0.0 ], [ 116.91134761, -8.435922646999927, 0.0 ], [ 116.911347918000047, -8.435922933999962, 0.0 ], [ 116.911348150000094, -8.435923145999936, 0.0 ], [ 116.911590306000107, -8.436146875999952, 0.0 ], [ 116.912245338000048, -8.436487113999931, 0.0 ], [ 116.912377808000087, -8.436518883999952, 0.0 ], [ 116.912378504000117, -8.436519050999948, 0.0 ], [ 116.912477307000017, -8.43654274599993, 0.0 ], [ 116.912554360000058, -8.436560520999933, 0.0 ], [ 116.912555070000053, -8.43656068699994, 0.0 ], [ 116.91274179800007, -8.436603765999962, 0.0 ], [ 116.913201392000019, -8.436715031999938, 0.0 ], [ 116.913202168000112, -8.436715220999929, 0.0 ], [ 116.91342132200009, -8.436768277999931, 0.0 ], [ 116.913615331000074, -8.436746600999982, 0.0 ], [ 116.913615697000068, -8.43674656099995, 0.0 ], [ 116.913665883000021, -8.436740952999969, 0.0 ], [ 116.913938722000012, -8.436742887999969, 0.0 ], [ 116.914510804000088, -8.436853188999976, 0.0 ], [ 116.914593497000055, -8.436870542999941, 0.0 ], [ 116.914690049000114, -8.436890806999941, 0.0 ], [ 116.914963894000039, -8.436948907999977, 0.0 ], [ 116.915933369000072, -8.437486814999943, 0.0 ], [ 116.916106574000082, -8.437511207999933, 0.0 ], [ 116.916838316000053, -8.437397001999955, 0.0 ], [ 116.91713637700002, -8.437340411999969, 0.0 ], [ 116.917136798000115, -8.437340330999973, 0.0 ], [ 116.917290850000086, -8.43731108299994, 0.0 ], [ 116.917711161000057, -8.437216902999978, 0.0 ], [ 116.918290587000115, -8.436965003999944, 0.0 ], [ 116.918389644000058, -8.436934113999939, 0.0 ], [ 116.918389922000074, -8.43693402599996, 0.0 ], [ 116.918469352000102, -8.436909257999957, 0.0 ], [ 116.918470643000092, -8.436908854999956, 0.0 ], [ 116.918497626000089, -8.43693142199993, 0.0 ], [ 116.918497824000042, -8.436931597999944, 0.0 ], [ 116.918519042000071, -8.436949351999942, 0.0 ], [ 116.918641077000075, -8.437030900999957, 0.0 ], [ 116.91873057600003, -8.437073095999949, 0.0 ], [ 116.918906004000064, -8.437155802999939, 0.0 ], [ 116.918907002000083, -8.437155636999933, 0.0 ], [ 116.919080833000066, -8.437116833999937, 0.0 ], [ 116.919312807000097, -8.437049084999956, 0.0 ], [ 116.919313379000073, -8.437048917999959, 0.0 ], [ 116.919786277000071, -8.436910804999968, 0.0 ], [ 116.92012628000009, -8.43681545499993, 0.0 ], [ 116.920219724000049, -8.436789247999968, 0.0 ], [ 116.920624390000057, -8.436703334999947, 0.0 ], [ 116.92067952900004, -8.436678029999939, 0.0 ], [ 116.920680064000067, -8.436677782999936, 0.0 ], [ 116.920791312, -8.436626728999954, 0.0 ], [ 116.921158935000108, -8.436528608999936, 0.0 ], [ 116.921334171000012, -8.436455878999936, 0.0 ], [ 116.921448859000066, -8.436340181999981, 0.0 ], [ 116.921486942000115, -8.436191788999963, 0.0 ], [ 116.921540664000077, -8.435957946999963, 0.0 ], [ 116.921710593000057, -8.435801453999943, 0.0 ], [ 116.921737324000105, -8.435776838999971, 0.0 ], [ 116.921749333000093, -8.435770654999942, 0.0 ], [ 116.921749622000107, -8.435770505999926, 0.0 ], [ 116.921929717000012, -8.435677751999947, 0.0 ], [ 116.922347260000038, -8.435459700999957, 0.0 ], [ 116.922347516000059, -8.435459566999953, 0.0 ], [ 116.922347762000072, -8.435459250999941, 0.0 ], [ 116.922491475000015, -8.435275049999973, 0.0 ], [ 116.922659915000054, -8.435129587999938, 0.0 ], [ 116.922853615, -8.434976784999947, 0.0 ], [ 116.92320324700006, -8.434700972999963, 0.0 ], [ 116.923524713, -8.434383242999957, 0.0 ], [ 116.923956898000029, -8.433956081999952, 0.0 ], [ 116.924086766000073, -8.433588972999928, 0.0 ], [ 116.924231254, -8.433350767999968, 0.0 ], [ 116.924315706000016, -8.433193112999959, 0.0 ], [ 116.924575843000071, -8.432520483999951, 0.0 ], [ 116.924575992000086, -8.432520097999941, 0.0 ], [ 116.924613988000033, -8.432421853999926, 0.0 ], [ 116.924650494000048, -8.432345677999933, 0.0 ], [ 116.924650885, -8.432344857999965, 0.0 ], [ 116.925138704, -8.431326946999945, 0.0 ], [ 116.925834334000115, -8.430293060999929, 0.0 ], [ 116.925893859000098, -8.430059218999929, 0.0 ], [ 116.925975008000023, -8.429781267999942, 0.0 ], [ 116.925975128000118, -8.429780858999948, 0.0 ], [ 116.926034525000091, -8.429577428999949, 0.0 ], [ 116.926163637000059, -8.429305575999933, 0.0 ], [ 116.926313658000026, -8.428989695999974, 0.0 ], [ 116.926588991000017, -8.428724126999953, 0.0 ], [ 116.926751049000018, -8.428573825999933, 0.0 ], [ 116.926865297000063, -8.428467867999927, 0.0 ], [ 116.926940457000114, -8.428450790999932, 0.0 ], [ 116.927008842000077, -8.428456235999931, 0.0 ], [ 116.927009141000099, -8.428456258999972, 0.0 ], [ 116.927055550000091, -8.428459951999969, 0.0 ], [ 116.927056755000081, -8.428459963999956, 0.0 ], [ 116.927096710000114, -8.428424451999945, 0.0 ], [ 116.927130810000108, -8.428394140999956, 0.0 ], [ 116.92715132, -8.428311943999972, 0.0 ], [ 116.927162595000027, -8.428266752999946, 0.0 ], [ 116.927176010000039, -8.428176769999936, 0.0 ], [ 116.927176053000039, -8.428176469999926, 0.0 ], [ 116.927221613000029, -8.427870875999929, 0.0 ], [ 116.927422085000103, -8.427528088999964, 0.0 ], [ 116.927506254000036, -8.42738417299995, 0.0 ], [ 116.928177456000071, -8.426609983999981, 0.0 ], [ 116.928177942000048, -8.426610050999955, 0.0 ], [ 116.928374605000045, -8.426637350999954, 0.0 ], [ 116.928390256000057, -8.426556798999968, 0.0 ], [ 116.92838142800008, -8.426158455999939, 0.0 ], [ 116.928426813000101, -8.42585483299996, 0.0 ], [ 116.928573301000029, -8.425710852999941, 0.0 ], [ 116.928579520000085, -8.42570655399993, 0.0 ], [ 116.928804249000109, -8.42555120399993, 0.0 ], [ 116.929184467000027, -8.425414028999967, 0.0 ], [ 116.929573522000055, -8.425329120999947, 0.0 ], [ 116.929690945000061, -8.425299729999949, 0.0 ], [ 116.929691731000048, -8.425299532999929, 0.0 ], [ 116.930166582000084, -8.425180721999936, 0.0 ], [ 116.930548302000034, -8.424986914999977, 0.0 ], [ 116.931546193000031, -8.42478902299996, 0.0 ], [ 116.931547529000113, -8.424788757999977, 0.0 ], [ 116.931816544000071, -8.424788736999972, 0.0 ], [ 116.932210191000081, -8.424779972999943, 0.0 ], [ 116.93221151900002, -8.424779927999964, 0.0 ], [ 116.933693445000017, -8.424497312999961, 0.0 ], [ 116.934264053000106, -8.424404046999939, 0.0 ], [ 116.935089027000117, -8.424254100999974, 0.0 ], [ 116.935090583000033, -8.424253818999944, 0.0 ], [ 116.935150080000085, -8.424242985999967, 0.0 ], [ 116.935161171000118, -8.424236993999955, 0.0 ], [ 116.935161942000036, -8.424236577999977, 0.0 ], [ 116.935586020000073, -8.424007202999974, 0.0 ], [ 116.935754449000115, -8.423914929999967, 0.0 ], [ 116.936134343000049, -8.423871047999967, 0.0 ], [ 116.936134656000036, -8.42387101099996, 0.0 ], [ 116.936178054000038, -8.423853353999959, 0.0 ], [ 116.93642262100002, -8.423753859999977, 0.0 ], [ 116.936759989000052, -8.42358934899994, 0.0 ], [ 116.936791222000011, -8.423535663999928, 0.0 ], [ 116.93679170200005, -8.423534841999981, 0.0 ], [ 116.936928397000088, -8.42329990099995, 0.0 ], [ 116.936972654000101, -8.423285768999961, 0.0 ], [ 116.937018665000096, -8.42327107899996, 0.0 ], [ 116.937445274000083, -8.423287182999957, 0.0 ], [ 116.937636170000019, -8.423124679999944, 0.0 ], [ 116.937841654000067, -8.422881053999959, 0.0 ], [ 116.937865101000057, -8.422722908999958, 0.0 ], [ 116.937911012000086, -8.422597725999935, 0.0 ], [ 116.93791201800002, -8.422595033999926, 0.0 ], [ 116.937974018000091, -8.422575958999971, 0.0 ], [ 116.937974737000104, -8.422576051999954, 0.0 ], [ 116.938231691000055, -8.422609179999938, 0.0 ], [ 116.938879940000106, -8.422224042999972, 0.0 ], [ 116.939459359000011, -8.421832046999953, 0.0 ], [ 116.939614701000096, -8.421776922999982, 0.0 ], [ 116.939806061000013, -8.42170901999998, 0.0 ], [ 116.939994302000059, -8.421646413999952, 0.0 ], [ 116.940199409000115, -8.421578195999928, 0.0 ], [ 116.940663312000083, -8.421426379999957, 0.0 ], [ 116.940818402000104, -8.421375625999929, 0.0 ], [ 116.940948926000033, -8.421357152999974, 0.0 ], [ 116.940950127000065, -8.421356979999928, 0.0 ], [ 116.94108390800011, -8.421338048999928, 0.0 ], [ 116.941211020000082, -8.421328020999965, 0.0 ], [ 116.941211284000019, -8.421328, 0.0 ], [ 116.941212022000059, -8.421327942999937, 0.0 ], [ 116.941300711000054, -8.42132094699997, 0.0 ], [ 116.941301444000032, -8.421321008999939, 0.0 ], [ 116.941528295000012, -8.421340276999956, 0.0 ], [ 116.941528972000015, -8.421340334999968, 0.0 ], [ 116.941559409000092, -8.42134293099997, 0.0 ], [ 116.941859767000096, -8.421292499999936, 0.0 ], [ 116.941862011000012, -8.421292121999954, 0.0 ], [ 116.942030420000037, -8.421263851999981, 0.0 ], [ 116.942264171000033, -8.421203305999938, 0.0 ], [ 116.942705105000073, -8.421089095999946, 0.0 ], [ 116.943282190000104, -8.421052995999958, 0.0 ], [ 116.943282636000049, -8.421052956999972, 0.0 ], [ 116.943302875000086, -8.421049386999925, 0.0 ], [ 116.943498352, -8.421014886999956, 0.0 ], [ 116.943718490000037, -8.420968031999962, 0.0 ], [ 116.944008932000088, -8.420884068999953, 0.0 ], [ 116.944155900000055, -8.420843950999938, 0.0 ], [ 116.94427543900008, -8.420811318999938, 0.0 ], [ 116.944322801000112, -8.42080641299998, 0.0 ], [ 116.944323382000107, -8.420806353999978, 0.0 ], [ 116.944336479000071, -8.420805001999952, 0.0 ], [ 116.944382373000053, -8.420799619999968, 0.0 ], [ 116.944539957000075, -8.42081378499995, 0.0 ], [ 116.94477378800002, -8.42087635799993, 0.0 ], [ 116.945001341000079, -8.420937252999977, 0.0 ], [ 116.945439531000034, -8.420934185999954, 0.0 ], [ 116.945440987000097, -8.420934174999957, 0.0 ], [ 116.945626173000051, -8.420932879999953, 0.0 ], [ 116.945808200000101, -8.42067287499998, 0.0 ], [ 116.945808347000025, -8.420672663999937, 0.0 ], [ 116.945914604000109, -8.420520888999931, 0.0 ], [ 116.946052302000112, -8.42047596599997, 0.0 ], [ 116.946244849000095, -8.420450577999929, 0.0 ], [ 116.946245808000072, -8.420450451999955, 0.0 ], [ 116.94660392600008, -8.420403233999934, 0.0 ], [ 116.947977096000045, -8.42015527999996, 0.0 ], [ 116.947977837000053, -8.420155233999935, 0.0 ], [ 116.948600383000098, -8.420116237999935, 0.0 ], [ 116.948801526000011, -8.420104885999933, 0.0 ], [ 116.948981110000091, -8.420094748999929, 0.0 ], [ 116.949618311000108, -8.420069528999932, 0.0 ], [ 116.949906705000103, -8.420058113999971, 0.0 ], [ 116.950284908000071, -8.420029455999952, 0.0 ], [ 116.950286500000061, -8.420029334999981, 0.0 ], [ 116.951188574000071, -8.419960980999974, 0.0 ], [ 116.951189159000023, -8.41996106199997, 0.0 ] ] ] ] } },
{ "type": "Feature","id":1, "properties": { "OBJECTID_1": 32, "OBJECTID": 32, "NAMA_KWS": "TWA Suranadi (RTK.5)", "NOREGKK": "100253058", "NUPT": "Balai KSDA Nusa Tenggara Barat", "NPULAU": "Bali Nusra", "NPROV": "Nusa Tenggara Barat", "FGSKWS": "TWA", "LUAS_HA": 52.0, "SUMBERDATA": "Peta Penetapan Kawasan Hutan periode Juli 2024", "KETERANGAN": "SK Kawasan", "PROYEKSI": "World Cylindrical Equal Area", "Area": 51.028799559100001, "Perimeter": 3.9275607862799999, "UGrid": 1 }, "geometry": { "type": "MultiPolygon", "coordinates": [ [ [ [ 116.241447801000049, -8.565794643999936, 0.0 ], [ 116.241370480000114, -8.56605043999997, 0.0 ], [ 116.241334690000031, -8.566115516999957, 0.0 ], [ 116.241239617000019, -8.566288390999944, 0.0 ], [ 116.241073058000097, -8.566347883999981, 0.0 ], [ 116.240894602000026, -8.56645496699997, 0.0 ], [ 116.240501990000098, -8.566454983999961, 0.0 ], [ 116.240275939000071, -8.566466889999958, 0.0 ], [ 116.239716766000015, -8.566562089999934, 0.0 ], [ 116.23946692100003, -8.566550203999952, 0.0 ], [ 116.238991031000069, -8.566657298999928, 0.0 ], [ 116.238741187000073, -8.566657307999947, 0.0 ], [ 116.238384271000086, -8.566823884999963, 0.0 ], [ 116.238093980000031, -8.566873864999934, 0.0 ], [ 116.237751329000048, -8.56676680299995, 0.0 ], [ 116.237365845000113, -8.56654552699996, 0.0 ], [ 116.23706603100004, -8.566488430999925, 0.0 ], [ 116.236659128000042, -8.566181495999956, 0.0 ], [ 116.23610945900009, -8.565874565999934, 0.0 ], [ 116.235681173000103, -8.566409963999945, 0.0 ], [ 116.235692966000101, -8.566429289999974, 0.0 ], [ 116.235938173000022, -8.566831119999961, 0.0 ], [ 116.236230864000049, -8.567180889999975, 0.0 ], [ 116.23636650800006, -8.567494975999978, 0.0 ], [ 116.236359374000017, -8.567709127999933, 0.0 ], [ 116.236266593000096, -8.568137434999926, 0.0 ], [ 116.236116724000112, -8.569079711999962, 0.0 ], [ 116.236036328000068, -8.56911187399993, 0.0 ], [ 116.236009650000028, -8.56912254599996, 0.0 ], [ 116.235724111000081, -8.569044034999934, 0.0 ], [ 116.235445714000093, -8.56907973899996, 0.0 ], [ 116.235224404000064, -8.568608611999935, 0.0 ], [ 116.23508163200006, -8.568551509999963, 0.0 ], [ 116.234968242000036, -8.568584434999934, 0.0 ], [ 116.234860343000037, -8.568615764999947, 0.0 ], [ 116.234510576000048, -8.56896556099997, 0.0 ], [ 116.234360683000091, -8.569336762999967, 0.0 ], [ 116.234162628000036, -8.569894432999945, 0.0 ], [ 116.233911003000117, -8.570364711999957, 0.0 ], [ 116.233725414000105, -8.570557457999939, 0.0 ], [ 116.233154351000053, -8.57085729399995, 0.0 ], [ 116.233061552000095, -8.570835881999926, 0.0 ], [ 116.233054353000057, -8.570811202999948, 0.0 ], [ 116.233011574000102, -8.570664561999934, 0.0 ], [ 116.232790267000041, -8.570207710999966, 0.0 ], [ 116.232611800000086, -8.57007208899995, 0.0 ], [ 116.232502185000044, -8.570048450999934, 0.0 ], [ 116.232247738000069, -8.569993580999949, 0.0 ], [ 116.232250293000106, -8.569955235999942, 0.0 ], [ 116.232254873000102, -8.569886503999953, 0.0 ], [ 116.232290559000035, -8.569743734999975, 0.0 ], [ 116.232263690000082, -8.569696718999978, 0.0 ], [ 116.232204890000048, -8.569593831999953, 0.0 ], [ 116.232095765000054, -8.569494457999951, 0.0 ], [ 116.23191504700003, -8.56932988899996, 0.0 ], [ 116.23180512600004, -8.569229789999952, 0.0 ], [ 116.231740763000062, -8.569131719999973, 0.0 ], [ 116.231642397000087, -8.56898184399995, 0.0 ], [ 116.231505294000044, -8.568772943999932, 0.0 ], [ 116.231376792000106, -8.568558794999944, 0.0 ], [ 116.231219742, -8.568423170999949, 0.0 ], [ 116.23112336500003, -8.568180469999959, 0.0 ], [ 116.231007958000077, -8.568126936999931, 0.0 ], [ 116.231067177000114, -8.568049075999966, 0.0 ], [ 116.231858575000047, -8.567008551999947, 0.0 ], [ 116.232704358000092, -8.566130376999979, 0.0 ], [ 116.232792478000079, -8.56603888199993, 0.0 ], [ 116.233928652000031, -8.565402327999948, 0.0 ], [ 116.23567159400011, -8.564849032999973, 0.0 ], [ 116.23640919200011, -8.563903164999942, 0.0 ], [ 116.236986178000052, -8.562957301999973, 0.0 ], [ 116.237349031, -8.562564675999965, 0.0 ], [ 116.238294850000102, -8.562023309999972, 0.0 ], [ 116.23959758, -8.56122613499997, 0.0 ], [ 116.240686167000035, -8.560714506999943, 0.0 ], [ 116.241156177000107, -8.562278988999935, 0.0 ], [ 116.241394187000083, -8.563891068999965, 0.0 ], [ 116.241401698000118, -8.564335060999952, 0.0 ], [ 116.241412985000011, -8.565002199999981, 0.0 ], [ 116.241418039000109, -8.565300903999969, 0.0 ], [ 116.241400205000105, -8.565568595999935, 0.0 ], [ 116.241447801000049, -8.565794643999936, 0.0 ] ] ] ] } },
{ "type": "Feature","id":2, "properties": { "OBJECTID_1": 42, "OBJECTID": 42, "NAMA_KWS": "TWA Bangko Bangko", "NOREGKK": "100253061", "NUPT": "Balai KSDA Nusa Tenggara Barat", "NPULAU": "Bali Nusra", "NPROV": "Nusa Tenggara Barat", "FGSKWS": "TWA", "LUAS_HA": 2176.4, "SUMBERDATA": "Peta Penetapan Kawasan Hutan periode Juli 2024", "KETERANGAN": "SK Kawasan", "PROYEKSI": "World Cylindrical Equal Area", "Area": 2176.3995891599998, "Perimeter": 38.319077528599998, "UGrid": 3 }, "geometry": { "type": "MultiPolygon", "coordinates": [ [ [ [ 115.866871100000026, -8.725495468999952, 0.0 ], [ 115.867401552000047, -8.726399223999977, 0.0 ], [ 115.867478461000019, -8.72657019199994, 0.0 ], [ 115.867515292, -8.726652068999954, 0.0 ], [ 115.867705644000011, -8.727001102999964, 0.0 ], [ 115.867804228000068, -8.72724272399995, 0.0 ], [ 115.867887704000054, -8.727350122999951, 0.0 ], [ 115.868044589000078, -8.727554917999953, 0.0 ], [ 115.868111325000086, -8.727642034999974, 0.0 ], [ 115.868448182000066, -8.727924692999977, 0.0 ], [ 115.868602980000105, -8.727983084999948, 0.0 ], [ 115.868658973000038, -8.72800420599998, 0.0 ], [ 115.868940551000037, -8.728292045999979, 0.0 ], [ 115.868940769, -8.728292267999961, 0.0 ], [ 115.86896506000005, -8.728317100999959, 0.0 ], [ 115.86897672300006, -8.728396559999965, 0.0 ], [ 115.869018787000073, -8.728683721999971, 0.0 ], [ 115.868981716, -8.729600931999926, 0.0 ], [ 115.868796767000049, -8.729979370999956, 0.0 ], [ 115.868636034000019, -8.730308260999948, 0.0 ], [ 115.868483706, -8.730614712999966, 0.0 ], [ 115.868483552000043, -8.730615022999928, 0.0 ], [ 115.86837833300001, -8.730826699999966, 0.0 ], [ 115.868217747000017, -8.73083793099994, 0.0 ], [ 115.86817729400002, -8.730858380999962, 0.0 ], [ 115.868133822000118, -8.730880358999968, 0.0 ], [ 115.868124495000075, -8.730899608999948, 0.0 ], [ 115.868064467000067, -8.731023891999939, 0.0 ], [ 115.868040582000049, -8.731091190999962, 0.0 ], [ 115.868013691000101, -8.731166651999956, 0.0 ], [ 115.867669045000071, -8.731067268999936, 0.0 ], [ 115.86727845300004, -8.730861918999949, 0.0 ], [ 115.86693252200007, -8.730733271999952, 0.0 ], [ 115.866605813000092, -8.73061106199998, 0.0 ], [ 115.866590023000072, -8.730579404999958, 0.0 ], [ 115.866510192000078, -8.730419354999981, 0.0 ], [ 115.866485348000083, -8.73015129099997, 0.0 ], [ 115.866415419000077, -8.72994689899997, 0.0 ], [ 115.866397258, -8.729589523999948, 0.0 ], [ 115.866565216000026, -8.729188040999929, 0.0 ], [ 115.866867773000081, -8.728812482999956, 0.0 ], [ 115.866989461000117, -8.728634905999968, 0.0 ], [ 115.867138320000095, -8.728417684999954, 0.0 ], [ 115.867023343000028, -8.728264204999959, 0.0 ], [ 115.866690974000107, -8.727893130999973, 0.0 ], [ 115.86637788400003, -8.72750935199997, 0.0 ], [ 115.866129001000104, -8.727100241999949, 0.0 ], [ 115.865943887000071, -8.72681255699996, 0.0 ], [ 115.865790702000027, -8.726569631999951, 0.0 ], [ 115.865727746000061, -8.726180219999947, 0.0 ], [ 115.865613002000032, -8.725950170999965, 0.0 ], [ 115.865472473000068, -8.725764709999964, 0.0 ], [ 115.86526784900002, -8.725566295999954, 0.0 ], [ 115.865107385000101, -8.725610480999933, 0.0 ], [ 115.864952989000017, -8.725769536999962, 0.0 ], [ 115.864733841000088, -8.726132582999981, 0.0 ], [ 115.864501715000074, -8.726546634999977, 0.0 ], [ 115.864455589000045, -8.726954862999946, 0.0 ], [ 115.864364165000097, -8.727496949999932, 0.0 ], [ 115.864215388000048, -8.727917631999958, 0.0 ], [ 115.863996181000061, -8.728299818999972, 0.0 ], [ 115.863828706000049, -8.728541783999958, 0.0 ], [ 115.863558735000083, -8.72874515899997, 0.0 ], [ 115.863542998000071, -8.728751657999965, 0.0 ], [ 115.863282618000085, -8.728859184999976, 0.0 ], [ 115.863121883000076, -8.728992697999956, 0.0 ], [ 115.862852413000041, -8.729030174999934, 0.0 ], [ 115.862672844000031, -8.72902963599995, 0.0 ], [ 115.8625006850001, -8.72894764299997, 0.0 ], [ 115.862416682000116, -8.728907634999928, 0.0 ], [ 115.862154012000019, -8.728817516999982, 0.0 ], [ 115.861854445000063, -8.72862504699998, 0.0 ], [ 115.861814770000024, -8.728599555999949, 0.0 ], [ 115.861609934000057, -8.728471327999955, 0.0 ], [ 115.861373130000061, -8.728311098999939, 0.0 ], [ 115.861296616000118, -8.728164112999934, 0.0 ], [ 115.86135511000009, -8.727909059999945, 0.0 ], [ 115.861483368000108, -8.72771314299996, 0.0 ], [ 115.861496856000031, -8.727692540999954, 0.0 ], [ 115.861677432000079, -8.727361285999962, 0.0 ], [ 115.861704069000098, -8.727035949999959, 0.0 ], [ 115.861612631000071, -8.726915492999979, 0.0 ], [ 115.861582704000057, -8.726876067999967, 0.0 ], [ 115.861249064000049, -8.726926112999934, 0.0 ], [ 115.860999260000085, -8.726823271999933, 0.0 ], [ 115.860682519000079, -8.726955177999969, 0.0 ], [ 115.860664461000056, -8.727256154999964, 0.0 ], [ 115.860618639000108, -8.727562291999959, 0.0 ], [ 115.860578922000059, -8.727970536999976, 0.0 ], [ 115.860410978000118, -8.728365635999978, 0.0 ], [ 115.860178941000072, -8.72874778299996, 0.0 ], [ 115.860030277000078, -8.729130177999934, 0.0 ], [ 115.85984377200009, -8.729301895999981, 0.0 ], [ 115.859599759000048, -8.729403253999976, 0.0 ], [ 115.859182862000011, -8.729414761999976, 0.0 ], [ 115.858573552000053, -8.729432071999952, 0.0 ], [ 115.85801393600002, -8.729405075999978, 0.0 ], [ 115.857874021000043, -8.729164970999932, 0.0 ], [ 115.857832981000115, -8.728982024999937, 0.0 ], [ 115.857682963000116, -8.728132019999975, 0.0 ], [ 115.857645037000111, -8.727885971999967, 0.0 ], [ 115.857746991000113, -8.727214031999949, 0.0 ], [ 115.857813968000073, -8.727124991999972, 0.0 ], [ 115.857844975000035, -8.727083041999947, 0.0 ], [ 115.857917972000109, -8.727060024999957, 0.0 ], [ 115.858382001000109, -8.727132035999944, 0.0 ], [ 115.858821964000072, -8.727255964999927, 0.0 ], [ 115.859208029000115, -8.727358030999937, 0.0 ], [ 115.859506010000018, -8.727341023999941, 0.0 ], [ 115.859759977000067, -8.727232020999963, 0.0 ], [ 115.859990972000105, -8.727035967999939, 0.0 ], [ 115.860060965000116, -8.726818001999959, 0.0 ], [ 115.86007324600007, -8.72661177699996, 0.0 ], [ 115.860075021000057, -8.726581967999948, 0.0 ], [ 115.860032286000092, -8.72648690099993, 0.0 ], [ 115.860031117000062, -8.726484299999981, 0.0 ], [ 115.860095376000118, -8.726385024999956, 0.0 ], [ 115.86011507, -8.726354599999979, 0.0 ], [ 115.860435474000042, -8.725776657999972, 0.0 ], [ 115.860789153000042, -8.725251604999926, 0.0 ], [ 115.861053461000097, -8.724859229999936, 0.0 ], [ 115.861118953000073, -8.724761690999969, 0.0 ], [ 115.86114502800001, -8.724722855999971, 0.0 ], [ 115.861180846000025, -8.724695319999967, 0.0 ], [ 115.861297603000025, -8.724605561999965, 0.0 ], [ 115.861358317000054, -8.724550913999963, 0.0 ], [ 115.861412044000076, -8.724502555999948, 0.0 ], [ 115.861546531000045, -8.724335728999961, 0.0 ], [ 115.861889673000064, -8.723910073999946, 0.0 ], [ 115.862041153000064, -8.723764931999938, 0.0 ], [ 115.862081147000026, -8.723717755999928, 0.0 ], [ 115.862086249000072, -8.723711737999963, 0.0 ], [ 115.862192022000045, -8.723558560999948, 0.0 ], [ 115.8621922640001, -8.723558208999975, 0.0 ], [ 115.862280912000074, -8.723429834999934, 0.0 ], [ 115.862503029000095, -8.723236031999932, 0.0 ], [ 115.86252596700001, -8.723217180999939, 0.0 ], [ 115.862908716000106, -8.722902648999934, 0.0 ], [ 115.863103358000103, -8.722709068999961, 0.0 ], [ 115.86324938100006, -8.722563845999957, 0.0 ], [ 115.863397847000101, -8.722473762999925, 0.0 ], [ 115.863398296000014, -8.722473491999949, 0.0 ], [ 115.863464171000032, -8.722433520999971, 0.0 ], [ 115.863536920000115, -8.722386032999964, 0.0 ], [ 115.863537383000107, -8.722385728999939, 0.0 ], [ 115.863745330000029, -8.722249989999966, 0.0 ], [ 115.864059192000013, -8.722026918999973, 0.0 ], [ 115.864137389, -8.722018107999929, 0.0 ], [ 115.864175439000064, -8.721985902999961, 0.0 ], [ 115.864274560000013, -8.721970781999971, 0.0 ], [ 115.865125134000095, -8.721865995999963, 0.0 ], [ 115.865126293000117, -8.72186585299994, 0.0 ], [ 115.865218269000025, -8.721828904999938, 0.0 ], [ 115.865349926000022, -8.721776015999978, 0.0 ], [ 115.86539403300003, -8.721701738999968, 0.0 ], [ 115.865402099000107, -8.721688152999945, 0.0 ], [ 115.865412150000111, -8.72166148499997, 0.0 ], [ 115.865479752000056, -8.721482144999982, 0.0 ], [ 115.865592975000027, -8.721179009999958, 0.0 ], [ 115.865593272000069, -8.721177363999971, 0.0 ], [ 115.865630027000066, -8.720976936999932, 0.0 ], [ 115.865699384000095, -8.720865142999969, 0.0 ], [ 115.865804770000068, -8.720811420999951, 0.0 ], [ 115.866004351000015, -8.720804119999968, 0.0 ], [ 115.866111864000118, -8.720860755999979, 0.0 ], [ 115.866138161000094, -8.720904063999967, 0.0 ], [ 115.866138346000071, -8.720904368999982, 0.0 ], [ 115.86618804200009, -8.720986191999941, 0.0 ], [ 115.866191297000114, -8.720996628999956, 0.0 ], [ 115.866241227000046, -8.721156059999942, 0.0 ], [ 115.866241458000104, -8.721217639999963, 0.0 ], [ 115.866242241, -8.721426002999976, 0.0 ], [ 115.866189537000082, -8.721651981999969, 0.0 ], [ 115.86602111600007, -8.721866306999971, 0.0 ], [ 115.865815108000106, -8.722062028999972, 0.0 ], [ 115.865578867000067, -8.722464258999935, 0.0 ], [ 115.865591144000064, -8.722600763999935, 0.0 ], [ 115.865599769000028, -8.722696669999948, 0.0 ], [ 115.865636741000117, -8.722796180999978, 0.0 ], [ 115.865636834000043, -8.72279642899997, 0.0 ], [ 115.86567793200004, -8.722907048999957, 0.0 ], [ 115.865772762, -8.723148454999944, 0.0 ], [ 115.865889240000115, -8.723444972999971, 0.0 ], [ 115.865943527000013, -8.723565883999981, 0.0 ], [ 115.86598304100005, -8.72365388999998, 0.0 ], [ 115.866203655000049, -8.724075142999936, 0.0 ], [ 115.866292050000084, -8.724276922999934, 0.0 ], [ 115.866378368000028, -8.724473960999944, 0.0 ], [ 115.866607336000015, -8.725046081999949, 0.0 ], [ 115.866871100000026, -8.725495468999952, 0.0 ] ] ], [ [ [ 115.859314187000109, -8.726582536999956, 0.0 ], [ 115.859375000000114, -8.726586337999947, 0.0 ], [ 115.859808001000033, -8.726567342999942, 0.0 ], [ 115.859804773000064, -8.726645945999962, 0.0 ], [ 115.85979700900009, -8.726835022999978, 0.0 ], [ 115.859672011000043, -8.726951012999962, 0.0 ], [ 115.859429019000117, -8.727074967999954, 0.0 ], [ 115.859237965000034, -8.727125025999953, 0.0 ], [ 115.858903963000103, -8.727107023999963, 0.0 ], [ 115.858781015000091, -8.727042005999976, 0.0 ], [ 115.858556026000088, -8.726938976999975, 0.0 ], [ 115.857643991000032, -8.726825021999957, 0.0 ], [ 115.857528983000066, -8.726884982999934, 0.0 ], [ 115.857488975000024, -8.726928985999962, 0.0 ], [ 115.857403998000109, -8.727022039999952, 0.0 ], [ 115.857296974000064, -8.727241972999934, 0.0 ], [ 115.857254980000107, -8.727741035999941, 0.0 ], [ 115.857315028000016, -8.728181000999939, 0.0 ], [ 115.857492016000037, -8.72849202499998, 0.0 ], [ 115.857459024000036, -8.728792018999968, 0.0 ], [ 115.857495030000109, -8.729053973999953, 0.0 ], [ 115.857622010000114, -8.729270992999943, 0.0 ], [ 115.857699292, -8.729393563999963, 0.0 ], [ 115.857579583000074, -8.729403557999944, 0.0 ], [ 115.857521009000038, -8.729684131999932, 0.0 ], [ 115.857517245000054, -8.729719298999953, 0.0 ], [ 115.857481405000044, -8.730054092999978, 0.0 ], [ 115.857499752000081, -8.730347660999939, 0.0 ], [ 115.857646247000048, -8.730679898999938, 0.0 ], [ 115.857793109000113, -8.730890903999978, 0.0 ], [ 115.857808206000072, -8.730942987999981, 0.0 ], [ 115.857842643000026, -8.731061792999981, 0.0 ], [ 115.857926390000102, -8.731350715999952, 0.0 ], [ 115.857927276000055, -8.731371148999926, 0.0 ], [ 115.857944369000052, -8.731765515999939, 0.0 ], [ 115.857954516000063, -8.731796112999973, 0.0 ], [ 115.858020628000077, -8.731995449999943, 0.0 ], [ 115.85806350200005, -8.732659171999956, 0.0 ], [ 115.858042497000042, -8.733239751999974, 0.0 ], [ 115.858163593000086, -8.733488963999946, 0.0 ], [ 115.858187043000044, -8.733537162999937, 0.0 ], [ 115.858277761000068, -8.733723618999932, 0.0 ], [ 115.858291061000045, -8.733750956999927, 0.0 ], [ 115.858392858000116, -8.734019252999929, 0.0 ], [ 115.85841756100001, -8.734331981999958, 0.0 ], [ 115.858410390000017, -8.734580806999929, 0.0 ], [ 115.858306943000116, -8.734854865999978, 0.0 ], [ 115.858120492000012, -8.735007440999937, 0.0 ], [ 115.857869985000093, -8.73513429999997, 0.0 ], [ 115.857568191000041, -8.735254624999925, 0.0 ], [ 115.857471507000014, -8.735413850999976, 0.0 ], [ 115.857156769000085, -8.735572419999926, 0.0 ], [ 115.856823337000037, -8.73555227199995, 0.0 ], [ 115.856786388000046, -8.73554016199995, 0.0 ], [ 115.856769711000084, -8.735534695999945, 0.0 ], [ 115.856711115000053, -8.735501815999953, 0.0 ], [ 115.85663760400007, -8.735468763999961, 0.0 ], [ 115.856432747000099, -8.735346911999955, 0.0 ], [ 115.856354598000053, -8.735257235999939, 0.0 ], [ 115.856172768000079, -8.735023579999961, 0.0 ], [ 115.855860440000015, -8.734805819999963, 0.0 ], [ 115.855532894000021, -8.734706845999938, 0.0 ], [ 115.855145672000049, -8.734600333999936, 0.0 ], [ 115.854650198000058, -8.734533364999947, 0.0 ], [ 115.854648532000056, -8.734553914999935, 0.0 ], [ 115.854640582000116, -8.73455304099997, 0.0 ], [ 115.854640298000049, -8.734553009999956, 0.0 ], [ 115.854440570000065, -8.734568834999948, 0.0 ], [ 115.85428386600006, -8.734650287999955, 0.0 ], [ 115.854196476000084, -8.734695710999972, 0.0 ], [ 115.85419546300011, -8.735027503999959, 0.0 ], [ 115.8542010970001, -8.735282748999964, 0.0 ], [ 115.854130318000102, -8.735359102999951, 0.0 ], [ 115.853925560000107, -8.735205347999965, 0.0 ], [ 115.853675908000014, -8.735051455999951, 0.0 ], [ 115.853418871000031, -8.73521657699996, 0.0 ], [ 115.853174522000018, -8.735426400999927, 0.0 ], [ 115.852855326000054, -8.735626584999977, 0.0 ], [ 115.852840389000107, -8.735635952999928, 0.0 ], [ 115.852531771000031, -8.73589024599994, 0.0 ], [ 115.852267791000031, -8.73622762399998, 0.0 ], [ 115.852206848000037, -8.736369089999926, 0.0 ], [ 115.852201090000108, -8.736364974999958, 0.0 ], [ 115.852182482000103, -8.73642565199998, 0.0 ], [ 115.852157983000097, -8.736482517999946, 0.0 ], [ 115.852187177000019, -8.737264554999967, 0.0 ], [ 115.852188060000117, -8.737313939999979, 0.0 ], [ 115.852188544000114, -8.737341063999963, 0.0 ], [ 115.85219341800007, -8.737478012999929, 0.0 ], [ 115.852093230000037, -8.737487673999965, 0.0 ], [ 115.85209485300004, -8.737486752999928, 0.0 ], [ 115.851884866000091, -8.737505332999945, 0.0 ], [ 115.851640511000028, -8.737435084999959, 0.0 ], [ 115.851641869000105, -8.73743983199995, 0.0 ], [ 115.851629613000114, -8.737434562999965, 0.0 ], [ 115.8514937220001, -8.737376131999952, 0.0 ], [ 115.851488266000047, -8.737373785999978, 0.0 ], [ 115.851277427000014, -8.737111538999955, 0.0 ], [ 115.85111173700011, -8.736766479999972, 0.0 ], [ 115.851039311000022, -8.736518701999955, 0.0 ], [ 115.851016534000109, -8.736440776999927, 0.0 ], [ 115.850959614000089, -8.736178995999978, 0.0 ], [ 115.850838545000101, -8.735923401999969, 0.0 ], [ 115.850839189000112, -8.735712840999952, 0.0 ], [ 115.850981960000013, -8.735164534999967, 0.0 ], [ 115.851035045000117, -8.734584052999935, 0.0 ], [ 115.851248148000082, -8.734106146999977, 0.0 ], [ 115.85138384000004, -8.733774762999928, 0.0 ], [ 115.851628599000037, -8.733430946999931, 0.0 ], [ 115.851950589000012, -8.73299803499998, 0.0 ], [ 115.852355811000052, -8.73261003999994, 0.0 ], [ 115.852819028000113, -8.732132889999946, 0.0 ], [ 115.853125895000062, -8.731941359999951, 0.0 ], [ 115.853429455000082, -8.731751893999956, 0.0 ], [ 115.853795903000105, -8.731459488999974, 0.0 ], [ 115.854290734000074, -8.731129188999944, 0.0 ], [ 115.854720789000112, -8.731009253999957, 0.0 ], [ 115.85480120200009, -8.731005746999926, 0.0 ], [ 115.855131295000092, -8.730991350999943, 0.0 ], [ 115.85524660100009, -8.73095783399998, 0.0 ], [ 115.85541372800003, -8.730909254999972, 0.0 ], [ 115.856023975000085, -8.730585679999933, 0.0 ], [ 115.856063409000058, -8.730033130999971, 0.0 ], [ 115.856117764000032, -8.729271538999967, 0.0 ], [ 115.856008694000025, -8.729251762999979, 0.0 ], [ 115.854905042000041, -8.729051659999925, 0.0 ], [ 115.854829414000051, -8.729037947999927, 0.0 ], [ 115.854558795000116, -8.729451875999928, 0.0 ], [ 115.854031123000027, -8.730037305999929, 0.0 ], [ 115.853490777000047, -8.730571650999934, 0.0 ], [ 115.853104835000067, -8.73094694599996, 0.0 ], [ 115.85237117500003, -8.731780596999954, 0.0 ], [ 115.851888543000086, -8.73231511399996, 0.0 ], [ 115.85136039300005, -8.733053673999962, 0.0 ], [ 115.850974271000041, -8.733486390999929, 0.0 ], [ 115.850793430000067, -8.733900587999926, 0.0 ], [ 115.850766801000077, -8.734219541999948, 0.0 ], [ 115.850766078000106, -8.734455624999953, 0.0 ], [ 115.850643484000102, -8.734697718999939, 0.0 ], [ 115.850444046, -8.734901296999965, 0.0 ], [ 115.850270419000026, -8.735053905999962, 0.0 ], [ 115.850141979000114, -8.735110942999938, 0.0 ], [ 115.849956051000049, -8.735091236999949, 0.0 ], [ 115.849750827000094, -8.735090614999933, 0.0 ], [ 115.849634997000067, -8.735217876999968, 0.0 ], [ 115.849499516000037, -8.735479072999965, 0.0 ], [ 115.849537585, -8.735613182999941, 0.0 ], [ 115.849665361, -8.735773087999974, 0.0 ], [ 115.849780331000034, -8.735926572999972, 0.0 ], [ 115.849811576000093, -8.736194655999952, 0.0 ], [ 115.849765959000024, -8.736430602999974, 0.0 ], [ 115.849758685000097, -8.736711330999981, 0.0 ], [ 115.849687122000091, -8.737042909999957, 0.0 ], [ 115.849558132000084, -8.737278602999936, 0.0 ], [ 115.849351791000117, -8.737641675999953, 0.0 ], [ 115.849274361000084, -8.737794576999931, 0.0 ], [ 115.849292564000052, -8.738132807999932, 0.0 ], [ 115.849330124000062, -8.738432813999964, 0.0 ], [ 115.849444959000039, -8.738630963999981, 0.0 ], [ 115.849726539000017, -8.738829619999933, 0.0 ], [ 115.849988858000074, -8.739034597999932, 0.0 ], [ 115.850231667000116, -8.739328845999978, 0.0 ], [ 115.850608861000069, -8.739719211999954, 0.0 ], [ 115.850678685000048, -8.739955508999969, 0.0 ], [ 115.850712222000084, -8.74022337599996, 0.0 ], [ 115.850714704000097, -8.740243198999963, 0.0 ], [ 115.85067122800001, -8.740370453999958, 0.0 ], [ 115.850723653000045, -8.740406934999953, 0.0 ], [ 115.850725581, -8.740446340999938, 0.0 ], [ 115.850734353, -8.74062564999997, 0.0 ], [ 115.850732867000033, -8.741110576999972, 0.0 ], [ 115.850732953000033, -8.741124914999943, 0.0 ], [ 115.850737128000105, -8.741812464999953, 0.0 ], [ 115.850767826000038, -8.742259204999925, 0.0 ], [ 115.850866014000076, -8.742469721999953, 0.0 ], [ 115.85086466100006, -8.742472203999966, 0.0 ], [ 115.850876206000066, -8.74249157099996, 0.0 ], [ 115.85087894500009, -8.74249744399998, 0.0 ], [ 115.850886821000017, -8.742514330999938, 0.0 ], [ 115.850951813000052, -8.742653674999929, 0.0 ], [ 115.85095260300011, -8.74265536799993, 0.0 ], [ 115.851220953000052, -8.743007149999926, 0.0 ], [ 115.85147427000004, -8.743286606999959, 0.0 ], [ 115.851892212000052, -8.743601217999981, 0.0 ], [ 115.851909170000113, -8.743617356999948, 0.0 ], [ 115.852164213000037, -8.743845028999942, 0.0 ], [ 115.852318164000053, -8.743982458999938, 0.0 ], [ 115.852794745000097, -8.744268883999951, 0.0 ], [ 115.853282998000054, -8.744469386999981, 0.0 ], [ 115.853784017000066, -8.744780951999928, 0.0 ], [ 115.853792542000065, -8.744784674999948, 0.0 ], [ 115.854254931000014, -8.744986624999967, 0.0 ], [ 115.854599943000039, -8.745384586999933, 0.0 ], [ 115.854740525000011, -8.745604817999947, 0.0 ], [ 115.854820633000031, -8.745747660999939, 0.0 ], [ 115.854833098000086, -8.745769883999969, 0.0 ], [ 115.854833223000014, -8.745770401999948, 0.0 ], [ 115.85497612100005, -8.746360554999967, 0.0 ], [ 115.854983274, -8.746390093999935, 0.0 ], [ 115.855077455000014, -8.746944439999936, 0.0 ], [ 115.855078907, -8.746952978999957, 0.0 ], [ 115.85510031900003, -8.747427838999954, 0.0 ], [ 115.855102686, -8.747480361999976, 0.0 ], [ 115.855238155000052, -8.747844542999928, 0.0 ], [ 115.855254126000091, -8.747887477999939, 0.0 ], [ 115.855396995000092, -8.748171175999971, 0.0 ], [ 115.855435495000052, -8.748247625999966, 0.0 ], [ 115.855472626000051, -8.748303920999945, 0.0 ], [ 115.855482860000052, -8.748319434999928, 0.0 ], [ 115.855556770000021, -8.748431489999973, 0.0 ], [ 115.855727534000039, -8.748703295999974, 0.0 ], [ 115.855820158000029, -8.748829265999973, 0.0 ], [ 115.85585853200007, -8.748886784999968, 0.0 ], [ 115.855850421000014, -8.749257263999937, 0.0 ], [ 115.855840428000079, -8.749713454999949, 0.0 ], [ 115.855834925000067, -8.749964754999951, 0.0 ], [ 115.855844660000116, -8.750070734999952, 0.0 ], [ 115.855854616000101, -8.750179099999968, 0.0 ], [ 115.855997159000026, -8.750448594999966, 0.0 ], [ 115.856020037, -8.750491849999946, 0.0 ], [ 115.856228551000072, -8.750785783999959, 0.0 ], [ 115.856315875000064, -8.750908877999962, 0.0 ], [ 115.856322910000017, -8.750908151999965, 0.0 ], [ 115.856324509000046, -8.75091049699995, 0.0 ], [ 115.856493554000053, -8.751158453999949, 0.0 ], [ 115.856633282000075, -8.751328735999948, 0.0 ], [ 115.856664138000042, -8.751366339999947, 0.0 ], [ 115.856787488, -8.751516660999926, 0.0 ], [ 115.857017986000074, -8.751644971999951, 0.0 ], [ 115.857191095000076, -8.75166463599993, 0.0 ], [ 115.857556785000043, -8.751627455999937, 0.0 ], [ 115.857858573000044, -8.751513514999942, 0.0 ], [ 115.858260551000058, -8.750091832999942, 0.0 ], [ 115.858720577000099, -8.748561852999956, 0.0 ], [ 115.859031884000046, -8.747427026999958, 0.0 ], [ 115.859103619000052, -8.747038019999934, 0.0 ], [ 115.85909833200003, -8.746667923999951, 0.0 ], [ 115.859099497000102, -8.746285085999943, 0.0 ], [ 115.859120213000097, -8.745800214999974, 0.0 ], [ 115.859031395000102, -8.745480912999938, 0.0 ], [ 115.859032638000031, -8.745072550999964, 0.0 ], [ 115.859001349000096, -8.744817229999967, 0.0 ], [ 115.858912007000072, -8.744670203999931, 0.0 ], [ 115.858746072000031, -8.744401714999981, 0.0 ], [ 115.85858690200007, -8.744018392999976, 0.0 ], [ 115.858497696000086, -8.743826702999968, 0.0 ], [ 115.858254315000067, -8.743717497999967, 0.0 ], [ 115.857998128000077, -8.743601872999932, 0.0 ], [ 115.857664998000018, -8.743479635999961, 0.0 ], [ 115.85719102600001, -8.743274022999969, 0.0 ], [ 115.856774834000021, -8.743049442999961, 0.0 ], [ 115.856493287000035, -8.742838030999962, 0.0 ], [ 115.85619895100001, -8.742613817999938, 0.0 ], [ 115.85580901700007, -8.742191514999945, 0.0 ], [ 115.855560062000109, -8.741807921999964, 0.0 ], [ 115.855361830000106, -8.741615901999978, 0.0 ], [ 115.855214868000076, -8.741436798999928, 0.0 ], [ 115.855087434000097, -8.741442449999965, 0.0 ], [ 115.854945466000117, -8.741448745999946, 0.0 ], [ 115.854806962000112, -8.741461500999947, 0.0 ], [ 115.854811314000017, -8.741455211999948, 0.0 ], [ 115.8547777550001, -8.741449410999962, 0.0 ], [ 115.854699664, -8.74143590999995, 0.0 ], [ 115.854421809000087, -8.741253803999939, 0.0 ], [ 115.854356105000079, -8.741193838999948, 0.0 ], [ 115.854154175000076, -8.741009541999972, 0.0 ], [ 115.853751920000036, -8.740674301999945, 0.0 ], [ 115.853737645000024, -8.740662332999932, 0.0 ], [ 115.853722816000072, -8.740646251999976, 0.0 ], [ 115.853622115, -8.74052159699994, 0.0 ], [ 115.853405266000095, -8.740253168999971, 0.0 ], [ 115.853404195000053, -8.740251810999951, 0.0 ], [ 115.853338230000077, -8.740152289999969, 0.0 ], [ 115.853338029000042, -8.740151986999933, 0.0 ], [ 115.853325111000117, -8.740132498999969, 0.0 ], [ 115.853039584000044, -8.73970103299996, 0.0 ], [ 115.852892631000032, -8.739521949999926, 0.0 ], [ 115.852655572000117, -8.739438290999942, 0.0 ], [ 115.852360557000111, -8.739443773999938, 0.0 ], [ 115.85219394100011, -8.739398582999968, 0.0 ], [ 115.852184822000027, -8.739385923999976, 0.0 ], [ 115.852161827000032, -8.73935398499998, 0.0 ], [ 115.852091768000037, -8.739257921999979, 0.0 ], [ 115.852089899000021, -8.739198085999931, 0.0 ], [ 115.852074624000011, -8.738709082999947, 0.0 ], [ 115.8520691760001, -8.738534030999972, 0.0 ], [ 115.852067151000028, -8.738469074999955, 0.0 ], [ 115.852063061000081, -8.738337782999963, 0.0 ], [ 115.852062793000073, -8.738329181999973, 0.0 ], [ 115.852061350000099, -8.738135204999935, 0.0 ], [ 115.852064443000017, -8.738135284999942, 0.0 ], [ 115.85206878300005, -8.738135396999951, 0.0 ], [ 115.852165790000072, -8.738139349999926, 0.0 ], [ 115.852324517000056, -8.738141998999936, 0.0 ], [ 115.852326106000078, -8.738142042999925, 0.0 ], [ 115.852691948000029, -8.738047431999973, 0.0 ], [ 115.853027114000042, -8.737947834999943, 0.0 ], [ 115.853028558, -8.737947405999932, 0.0 ], [ 115.853030506000096, -8.737946826999973, 0.0 ], [ 115.853032099000075, -8.737946353999973, 0.0 ], [ 115.853078347000064, -8.73789824499994, 0.0 ], [ 115.853078751000112, -8.737897823999958, 0.0 ], [ 115.853079811000043, -8.73789672099997, 0.0 ], [ 115.853081066000072, -8.737895413999979, 0.0 ], [ 115.853276627000014, -8.737691853999934, 0.0 ], [ 115.853405771000098, -8.737405112999966, 0.0 ], [ 115.853579787000058, -8.737124888999972, 0.0 ], [ 115.853830649000088, -8.736883181999929, 0.0 ], [ 115.853990888000112, -8.73676076299995, 0.0 ], [ 115.854113497000071, -8.736667092999937, 0.0 ], [ 115.854344773000093, -8.736572944999978, 0.0 ], [ 115.854346454000051, -8.736572260999935, 0.0 ], [ 115.854345973000022, -8.736573388999943, 0.0 ], [ 115.854350728000099, -8.736570520999976, 0.0 ], [ 115.854373237000118, -8.73656135799996, 0.0 ], [ 115.85483935000002, -8.736292826999943, 0.0 ], [ 115.854925300000104, -8.736230216999957, 0.0 ], [ 115.855205726, -8.736025943999948, 0.0 ], [ 115.85526087900007, -8.736020885999949, 0.0 ], [ 115.855475161000072, -8.736001233999957, 0.0 ], [ 115.855917641000019, -8.736015331999965, 0.0 ], [ 115.856037908000076, -8.736101346999931, 0.0 ], [ 115.85605057500004, -8.73611170099997, 0.0 ], [ 115.856141764000085, -8.736321375999978, 0.0 ], [ 115.856307677000018, -8.736553003999973, 0.0 ], [ 115.856399251000084, -8.736601470999972, 0.0 ], [ 115.856421068000031, -8.736613018999947, 0.0 ], [ 115.856478766, -8.736654342999941, 0.0 ], [ 115.856490654000027, -8.736664838999957, 0.0 ], [ 115.856537632000027, -8.736706316999971, 0.0 ], [ 115.856755373000055, -8.736809064999932, 0.0 ], [ 115.857063096000047, -8.736848276999979, 0.0 ], [ 115.85726231700005, -8.736714882999934, 0.0 ], [ 115.857499610000104, -8.736715597999932, 0.0 ], [ 115.857768891000092, -8.736741931999973, 0.0 ], [ 115.858147685000063, -8.736609078999948, 0.0 ], [ 115.858507492000058, -8.736393218999979, 0.0 ], [ 115.858848736000027, -8.735953976999951, 0.0 ], [ 115.859113272000059, -8.73543155599998, 0.0 ], [ 115.85930117800001, -8.734800431999929, 0.0 ], [ 115.859276824000062, -8.734372851999979, 0.0 ], [ 115.85920769400002, -8.733906852999951, 0.0 ], [ 115.859073906000049, -8.733612936999975, 0.0 ], [ 115.858953220000103, -8.733229731999927, 0.0 ], [ 115.85889032700004, -8.732821178999927, 0.0 ], [ 115.858853439000086, -8.732297849999952, 0.0 ], [ 115.858857743000044, -8.732021939999981, 0.0 ], [ 115.858861402000116, -8.731787416999964, 0.0 ], [ 115.858871549000014, -8.731732832999967, 0.0 ], [ 115.858913562000112, -8.731506822999961, 0.0 ], [ 115.859048512000072, -8.73141789899995, 0.0 ], [ 115.859318410000014, -8.731240050999929, 0.0 ], [ 115.859665209000013, -8.731081576999941, 0.0 ], [ 115.859998929000085, -8.731006010999977, 0.0 ], [ 115.860248600000091, -8.731153516999939, 0.0 ], [ 115.86053667300007, -8.731326661999958, 0.0 ], [ 115.860824590000107, -8.731550851999941, 0.0 ], [ 115.861208436000084, -8.731864658999939, 0.0 ], [ 115.861515382000107, -8.73215909299995, 0.0 ], [ 115.861758583000096, -8.732325721999928, 0.0 ], [ 115.861924824000084, -8.732492117999925, 0.0 ], [ 115.862392508000084, -8.732653039999946, 0.0 ], [ 115.862822042000062, -8.732705372999931, 0.0 ], [ 115.863283952000074, -8.732655712999929, 0.0 ], [ 115.863790889000029, -8.73256152099998, 0.0 ], [ 115.864317240000105, -8.732409959999927, 0.0 ], [ 115.86517655900002, -8.73243167399994, 0.0 ], [ 115.865605881000079, -8.732554191999952, 0.0 ], [ 115.866143980000061, -8.732759983999927, 0.0 ], [ 115.866515313000036, -8.73297165799994, 0.0 ], [ 115.86691900400001, -8.733087716999933, 0.0 ], [ 115.867271870000081, -8.733044105999966, 0.0 ], [ 115.867373328000099, -8.732974623999951, 0.0 ], [ 115.867316107000079, -8.733235819999948, 0.0 ], [ 115.86730929600003, -8.733266908999951, 0.0 ], [ 115.867293177000079, -8.73367791499993, 0.0 ], [ 115.867267469000012, -8.733767794999949, 0.0 ], [ 115.867256592000103, -8.733805830999927, 0.0 ], [ 115.866898292000087, -8.734490200999971, 0.0 ], [ 115.866845607000073, -8.734601975999965, 0.0 ], [ 115.866715235000015, -8.735256100999948, 0.0 ], [ 115.866487593000102, -8.735880948999977, 0.0 ], [ 115.86648746700007, -8.735881294999956, 0.0 ], [ 115.866447224000012, -8.735991755999976, 0.0 ], [ 115.866079607000074, -8.736699027999975, 0.0 ], [ 115.865745287000095, -8.73719792199995, 0.0 ], [ 115.86542406600006, -8.737783219999926, 0.0 ], [ 115.865423928000041, -8.737783470999943, 0.0 ], [ 115.865423706000115, -8.737783874999934, 0.0 ], [ 115.86542290400007, -8.737785337999981, 0.0 ], [ 115.864883703000032, -8.73876781499996, 0.0 ], [ 115.864869242000054, -8.738830397999948, 0.0 ], [ 115.864797752000072, -8.73913977199993, 0.0 ], [ 115.864710831000025, -8.739971621999928, 0.0 ], [ 115.864710803000094, -8.739971892999961, 0.0 ], [ 115.864707982000027, -8.739998892999949, 0.0 ], [ 115.864712392000115, -8.740030657999966, 0.0 ], [ 115.86476850400004, -8.740434839999978, 0.0 ], [ 115.864815577000059, -8.740624278999974, 0.0 ], [ 115.864815646000011, -8.740624551999929, 0.0 ], [ 115.864961372000039, -8.74121099599995, 0.0 ], [ 115.865128789000096, -8.741515067999956, 0.0 ], [ 115.865235693000045, -8.741796762999968, 0.0 ], [ 115.865294014000028, -8.741863006999949, 0.0 ], [ 115.865332790000025, -8.741907053999967, 0.0 ], [ 115.865301542000111, -8.742196990999958, 0.0 ], [ 115.865256319000082, -8.742243256999927, 0.0 ], [ 115.865213233000077, -8.742287327999975, 0.0 ], [ 115.865139525000018, -8.742313966999973, 0.0 ], [ 115.86510381800008, -8.742326871999978, 0.0 ], [ 115.865066455000033, -8.742355738999947, 0.0 ], [ 115.864998950000086, -8.742407897999954, 0.0 ], [ 115.864858229000106, -8.742575365999926, 0.0 ], [ 115.864845134, -8.742590948999975, 0.0 ], [ 115.864867087000107, -8.742709097999978, 0.0 ], [ 115.864883534000114, -8.74273528599997, 0.0 ], [ 115.864883285000019, -8.742735534999952, 0.0 ], [ 115.863950153000019, -8.743668765999928, 0.0 ], [ 115.863269990000049, -8.744270448999941, 0.0 ], [ 115.862380545000065, -8.745029092999971, 0.0 ], [ 115.862359935000086, -8.745048117999943, 0.0 ], [ 115.861700383000084, -8.745656934999943, 0.0 ], [ 115.860994059000063, -8.74686029999998, 0.0 ], [ 115.860706299000071, -8.748246786999971, 0.0 ], [ 115.860967899000116, -8.749005430999944, 0.0 ], [ 115.861307981000095, -8.749607111999978, 0.0 ], [ 115.861203340000088, -8.749894873999949, 0.0 ], [ 115.861046379000072, -8.750653516999932, 0.0 ], [ 115.860706298000082, -8.751778401999957, 0.0 ], [ 115.860549337000066, -8.752510884999936, 0.0 ], [ 115.861124859000029, -8.752563205999934, 0.0 ], [ 115.862615987000027, -8.752772486999959, 0.0 ], [ 115.863191510000092, -8.752929446999929, 0.0 ], [ 115.863714711000057, -8.753112568999939, 0.0 ], [ 115.864054792000047, -8.754080491999957, 0.0 ], [ 115.864447195000025, -8.754943775999948, 0.0 ], [ 115.864368714000079, -8.755911700999945, 0.0 ], [ 115.864813436000077, -8.756644183999981, 0.0 ], [ 115.865231998000013, -8.757272027999932, 0.0 ], [ 115.865938321000044, -8.757978349999973, 0.0 ], [ 115.866644646000054, -8.758710832999952, 0.0 ], [ 115.866644645000065, -8.759809557999972, 0.0 ], [ 115.866906247000088, -8.760620522999943, 0.0 ], [ 115.867534090000049, -8.760855962999926, 0.0 ], [ 115.86821425200003, -8.761039083999947, 0.0 ], [ 115.868606653000029, -8.761536125999953, 0.0 ], [ 115.868946736000112, -8.762530210999955, 0.0 ], [ 115.868894416000103, -8.763288854999928, 0.0 ], [ 115.868842095000105, -8.76399517699997, 0.0 ], [ 115.869103696000025, -8.764884620999965, 0.0 ], [ 115.869853482000053, -8.765625996999972, 0.0 ], [ 115.86972331000004, -8.767144655999971, 0.0 ], [ 115.869549749000043, -8.767903983999929, 0.0 ], [ 115.86944127400011, -8.76861992299996, 0.0 ], [ 115.869397886000115, -8.769183996999971, 0.0 ], [ 115.869332798000073, -8.769834849999938, 0.0 ], [ 115.869267713000113, -8.770724348999977, 0.0 ], [ 115.8692894080001, -8.771635543999935, 0.0 ], [ 115.869094153000106, -8.772177921999969, 0.0 ], [ 115.869072458, -8.77269860399997, 0.0 ], [ 115.869224324000015, -8.773414542999944, 0.0 ], [ 115.869180933000052, -8.774000310999952, 0.0 ], [ 115.869094153000106, -8.774412517999963, 0.0 ], [ 115.868660252000041, -8.775171846999967, 0.0 ], [ 115.868833811000059, -8.775735919999931, 0.0 ], [ 115.869202629000029, -8.77662541899997, 0.0 ], [ 115.86913754200009, -8.777081016999944, 0.0 ], [ 115.868920592000109, -8.777883736999968, 0.0 ], [ 115.868768726000098, -8.778534589999936, 0.0 ], [ 115.868963982000082, -8.779250528999967, 0.0 ], [ 115.869289409000089, -8.779771210999968, 0.0 ], [ 115.86950635900007, -8.780443759999969, 0.0 ], [ 115.869788396000104, -8.781311564999953, 0.0 ], [ 115.870048737000047, -8.781723771999964, 0.0 ], [ 115.86965822500008, -8.782157673999961, 0.0 ], [ 115.869137543000079, -8.783047174999979, 0.0 ], [ 115.869072458, -8.783719721999944, 0.0 ], [ 115.868877202000021, -8.784262099999978, 0.0 ], [ 115.868443300000081, -8.785043124999959, 0.0 ], [ 115.868052788000114, -8.78552041699993, 0.0 ], [ 115.86792261700009, -8.786062794999964, 0.0 ], [ 115.867922616000101, -8.786648562999972, 0.0 ], [ 115.86768397000003, -8.787364501999946, 0.0 ], [ 115.867575494000107, -8.787950270999943, 0.0 ], [ 115.867662275000043, -8.78827569699996, 0.0 ], [ 115.86761888400008, -8.788969939999959, 0.0 ], [ 115.867879226000014, -8.789685878999933, 0.0 ], [ 115.868226348, -8.790163170999961, 0.0 ], [ 115.868182957000045, -8.790770634999944, 0.0 ], [ 115.868161262000058, -8.791161146999968, 0.0 ], [ 115.868117873000074, -8.791703523999956, 0.0 ], [ 115.868269737000105, -8.792441157999974, 0.0 ], [ 115.868117873000074, -8.792831669999941, 0.0 ], [ 115.867984137, -8.793372030999933, 0.0 ], [ 115.867984050000018, -8.793372380999926, 0.0 ], [ 115.867534047000049, -8.793415739999944, 0.0 ], [ 115.866906787000062, -8.793450586999938, 0.0 ], [ 115.866368321000095, -8.793854434999957, 0.0 ], [ 115.866279526000085, -8.793921031999957, 0.0 ], [ 115.86608091100004, -8.793620099999941, 0.0 ], [ 115.865704536000067, -8.793049836999955, 0.0 ], [ 115.865146970000069, -8.792004403999954, 0.0 ], [ 115.86458940600005, -8.791115783999942, 0.0 ], [ 115.864258352000093, -8.790627914999959, 0.0 ], [ 115.864049265000062, -8.790192316999935, 0.0 ], [ 115.863648515000023, -8.789669598999978, 0.0 ], [ 115.862794743000109, -8.78888552199993, 0.0 ], [ 115.86195839700008, -8.788397653999937, 0.0 ], [ 115.861278865000031, -8.787927207999928, 0.0 ], [ 115.860878113000012, -8.787735545999965, 0.0 ], [ 115.860372821000055, -8.787526458999935, 0.0 ], [ 115.85967586400011, -8.787230251999972, 0.0 ], [ 115.859100875000081, -8.786602991999928, 0.0 ], [ 115.858421342000042, -8.78635905699997, 0.0 ], [ 115.857445605000066, -8.78623708799995, 0.0 ], [ 115.856888040000058, -8.785348469999974, 0.0 ], [ 115.8567312240001, -8.784738632999961, 0.0 ], [ 115.856138810000061, -8.783937133999927, 0.0 ], [ 115.855860029000041, -8.78337956799993, 0.0 ], [ 115.855441854000105, -8.782961395999962, 0.0 ], [ 115.855006256000024, -8.782647763999933, 0.0 ], [ 115.854588083000067, -8.782612916999938, 0.0 ], [ 115.854047942000079, -8.78224701399995, 0.0 ], [ 115.853246443000103, -8.782403829999964, 0.0 ], [ 115.852375246000065, -8.781968230999951, 0.0 ], [ 115.852079040000035, -8.781602329999942, 0.0 ], [ 115.851904801000046, -8.781271275999927, 0.0 ], [ 115.851382226000055, -8.780774192999957, 0.0 ], [ 115.851190421000069, -8.780591742999945, 0.0 ], [ 115.850371497000083, -8.780173568999942, 0.0 ], [ 115.849970748000032, -8.779825090999964, 0.0 ], [ 115.849360910000087, -8.778953895999962, 0.0 ], [ 115.849308640000118, -8.778152395999939, 0.0 ], [ 115.848402595000039, -8.777350895999973, 0.0 ], [ 115.84796699900005, -8.77684560299997, 0.0 ], [ 115.847182922000115, -8.776270612999951, 0.0 ], [ 115.846433694000098, -8.775730472999953, 0.0 ], [ 115.846207184000036, -8.775172907999945, 0.0 ], [ 115.845876130000079, -8.774650190999978, 0.0 ], [ 115.845457955000029, -8.773761570999966, 0.0 ], [ 115.84510947800004, -8.773064614999953, 0.0 ], [ 115.844639032000032, -8.77254189699994, 0.0 ], [ 115.843645868000067, -8.771879788999968, 0.0 ], [ 115.843088303000059, -8.77113056099995, 0.0 ], [ 115.842548162000071, -8.770660114999941, 0.0 ], [ 115.841938325000115, -8.770067702999938, 0.0 ], [ 115.840823196000088, -8.770067702999938, 0.0 ], [ 115.840352751000069, -8.769806344999949, 0.0 ], [ 115.839533826000093, -8.768882876999953, 0.0 ], [ 115.838697480000064, -8.768534398999975, 0.0 ], [ 115.838209609000046, -8.768098800999951, 0.0 ], [ 115.837791436000089, -8.767628355999932, 0.0 ], [ 115.83719902200005, -8.76686170399995, 0.0 ], [ 115.836467218000053, -8.766408682999952, 0.0 ], [ 115.835874806000106, -8.766042779999964, 0.0 ], [ 115.835299818000067, -8.765676877999965, 0.0 ], [ 115.834742252000069, -8.765310975999967, 0.0 ], [ 115.83408014500003, -8.764945074999957, 0.0 ], [ 115.833540003000053, -8.764474627999959, 0.0 ], [ 115.833226372000013, -8.76400418299994, 0.0 ], [ 115.832773350000025, -8.763620856999978, 0.0 ], [ 115.832302905, -8.763167834999933, 0.0 ], [ 115.831780187000049, -8.762749661999976, 0.0 ], [ 115.831187774000114, -8.762244367999926, 0.0 ], [ 115.830682482000043, -8.762000432999969, 0.0 ], [ 115.830229460000055, -8.761948161999953, 0.0 ], [ 115.829846134000036, -8.761704226999939, 0.0 ], [ 115.829410536000069, -8.761669378999954, 0.0 ], [ 115.82894009100005, -8.761704227999928, 0.0 ], [ 115.828382527000031, -8.761773922999964, 0.0 ], [ 115.827581025000086, -8.76163453199996, 0.0 ], [ 115.826831797000068, -8.761408019999976, 0.0 ], [ 115.826047721, -8.761599682999929, 0.0 ], [ 115.825471511000046, -8.761408514999971, 0.0 ], [ 115.824930860000109, -8.761052205999931, 0.0 ], [ 115.824344902, -8.760665985999935, 0.0 ], [ 115.824361651000117, -8.760598656999946, 0.0 ], [ 115.824364347000028, -8.760587817999976, 0.0 ], [ 115.824379733000114, -8.76047878199995, 0.0 ], [ 115.824379776000114, -8.760478464999949, 0.0 ], [ 115.824408222000102, -8.760276872999953, 0.0 ], [ 115.824399732000074, -8.760072994999973, 0.0 ], [ 115.824388280000107, -8.759798012999966, 0.0 ], [ 115.82431866200011, -8.759272123999949, 0.0 ], [ 115.824318624000057, -8.759271835999925, 0.0 ], [ 115.824271058000022, -8.758912530999964, 0.0 ], [ 115.824248658000101, -8.758615751999969, 0.0 ], [ 115.824263263000034, -8.758364856999947, 0.0 ], [ 115.824249630000054, -8.758174848999943, 0.0 ], [ 115.824242316000095, -8.758072951999964, 0.0 ], [ 115.824372183000037, -8.757505704999971, 0.0 ], [ 115.824227672, -8.757099094999944, 0.0 ], [ 115.824127596000039, -8.756814002999931, 0.0 ], [ 115.824022199000069, -8.756630963999953, 0.0 ], [ 115.823868427000093, -8.756451793999929, 0.0 ], [ 115.823594587000116, -8.756073005999951, 0.0 ], [ 115.823372427000095, -8.755882629999974, 0.0 ], [ 115.823350462, -8.755864948999942, 0.0 ], [ 115.823350183000116, -8.75586472599997, 0.0 ], [ 115.823272369000051, -8.755802093999932, 0.0 ], [ 115.823218163000092, -8.755730803999938, 0.0 ], [ 115.823117722, -8.755657791999965, 0.0 ], [ 115.823117467000088, -8.755657602999975, 0.0 ], [ 115.823075153000104, -8.755626847999963, 0.0 ], [ 115.823065280000037, -8.755548120999947, 0.0 ], [ 115.823050236000086, -8.755428162999976, 0.0 ], [ 115.823049714000035, -8.755378863999965, 0.0 ], [ 115.822391230000107, -8.754815577999977, 0.0 ], [ 115.822273648000078, -8.754714994999972, 0.0 ], [ 115.822182076000104, -8.754568177999943, 0.0 ], [ 115.821898222000073, -8.754113077999932, 0.0 ], [ 115.821875305000049, -8.754052926999975, 0.0 ], [ 115.8218402010001, -8.753960789999951, 0.0 ], [ 115.821876303000067, -8.753885785999955, 0.0 ], [ 115.821905520000087, -8.753825087999928, 0.0 ], [ 115.821944196000118, -8.753742534999958, 0.0 ], [ 115.82194503300002, -8.753740740999945, 0.0 ], [ 115.821947631000057, -8.753725344999964, 0.0 ], [ 115.821952898000063, -8.753693762999944, 0.0 ], [ 115.821950441000013, -8.753684796999949, 0.0 ], [ 115.821950369000092, -8.753684534999934, 0.0 ], [ 115.82189870600007, -8.753496073999941, 0.0 ], [ 115.821854199000086, -8.753439663999927, 0.0 ], [ 115.821763556000064, -8.753324780999947, 0.0 ], [ 115.821612628000025, -8.753136072999951, 0.0 ], [ 115.821586297000067, -8.753103152999927, 0.0 ], [ 115.821573418000071, -8.753076466999971, 0.0 ], [ 115.821496520000096, -8.752917129999958, 0.0 ], [ 115.821485245000076, -8.752876796999942, 0.0 ], [ 115.821478909, -8.752854164999974, 0.0 ], [ 115.821218719000058, -8.752731169999947, 0.0 ], [ 115.821066903000087, -8.752610612999945, 0.0 ], [ 115.820982441000069, -8.752418745999933, 0.0 ], [ 115.820990266000081, -8.752208339999981, 0.0 ], [ 115.821145780000052, -8.752004315999955, 0.0 ], [ 115.821298346000049, -8.751804161999928, 0.0 ], [ 115.821472066000069, -8.751677758999961, 0.0 ], [ 115.821484106000071, -8.751663554999936, 0.0 ], [ 115.821645836000016, -8.751472747999969, 0.0 ], [ 115.8219944760001, -8.751247132999936, 0.0 ], [ 115.82199507100006, -8.751246748999961, 0.0 ], [ 115.822304380000105, -8.751046585999973, 0.0 ], [ 115.822655860000054, -8.750871353999969, 0.0 ], [ 115.822717453000109, -8.75085293099994, 0.0 ], [ 115.82271829900003, -8.750852677999944, 0.0 ], [ 115.822718679000104, -8.750852564999946, 0.0 ], [ 115.822719655000014, -8.750852271999975, 0.0 ], [ 115.822930186, -8.75078930199993, 0.0 ], [ 115.823697982000112, -8.750616052999931, 0.0 ], [ 115.824225701000046, -8.750500321999937, 0.0 ], [ 115.824609415000054, -8.750492063999957, 0.0 ], [ 115.824886362000029, -8.75054219499998, 0.0 ], [ 115.824886647000085, -8.750542246999942, 0.0 ], [ 115.824919317000081, -8.750548158999948, 0.0 ], [ 115.825154964000035, -8.750634078999951, 0.0 ], [ 115.825326590000032, -8.750634079999941, 0.0 ], [ 115.825676624000039, -8.750453660999938, 0.0 ], [ 115.825676908000105, -8.750453513999958, 0.0 ], [ 115.825820953000061, -8.750379265999982, 0.0 ], [ 115.82625440400011, -8.750000005999937, 0.0 ], [ 115.826292497000054, -8.749967260999938, 0.0 ], [ 115.826322757000071, -8.749935588999961, 0.0 ], [ 115.826334677000091, -8.749930966999955, 0.0 ], [ 115.826335546000109, -8.749930635999931, 0.0 ], [ 115.826355491000072, -8.749922896999976, 0.0 ], [ 115.826470710000081, -8.749892133999936, 0.0 ], [ 115.826492650000091, -8.74981400799993, 0.0 ], [ 115.826775803000032, -8.749502106999955, 0.0 ], [ 115.826888703, -8.749378852999939, 0.0 ], [ 115.827032491000068, -8.749221877999958, 0.0 ], [ 115.827235392000034, -8.748961803999975, 0.0 ], [ 115.827432354000052, -8.748709342999973, 0.0 ], [ 115.827492900000038, -8.748638049999954, 0.0 ], [ 115.827530461000038, -8.748578046999967, 0.0 ], [ 115.827548297000021, -8.74855527099993, 0.0 ], [ 115.827611889000082, -8.74847406899994, 0.0 ], [ 115.827746071000092, -8.748286, 0.0 ], [ 115.827836534000085, -8.748159206999958, 0.0 ], [ 115.828019096000048, -8.74789020399993, 0.0 ], [ 115.828063567000072, -8.747809641999936, 0.0 ], [ 115.828168898000058, -8.747618828999975, 0.0 ], [ 115.82833233100007, -8.747184244999971, 0.0 ], [ 115.828454536000095, -8.746859291999954, 0.0 ], [ 115.828988549000087, -8.745829813999933, 0.0 ], [ 115.829126042000098, -8.745622947999948, 0.0 ], [ 115.82929062900007, -8.745375317999958, 0.0 ], [ 115.829495688000065, -8.745061172999954, 0.0 ], [ 115.829644638000104, -8.74483298499996, 0.0 ], [ 115.82989601700001, -8.744624059999978, 0.0 ], [ 115.830064720000109, -8.74451776899997, 0.0 ], [ 115.830419731, -8.744294096999965, 0.0 ], [ 115.830646019000028, -8.744185176999963, 0.0 ], [ 115.830681422000112, -8.744168137999964, 0.0 ], [ 115.830821336000099, -8.744092338999963, 0.0 ], [ 115.830821615000104, -8.744092187999968, 0.0 ], [ 115.830821917000094, -8.744092024999929, 0.0 ], [ 115.830822185000102, -8.744091878999939, 0.0 ], [ 115.83082245300011, -8.744091732999948, 0.0 ], [ 115.830962308000039, -8.744015965999949, 0.0 ], [ 115.830962546000023, -8.744015836999949, 0.0 ], [ 115.830983907000018, -8.74401570699996, 0.0 ], [ 115.83098419800001, -8.744015703999935, 0.0 ], [ 115.831039730000043, -8.744015368999953, 0.0 ], [ 115.831363024000098, -8.743995844999972, 0.0 ], [ 115.831460034000088, -8.743989987999953, 0.0 ], [ 115.831553699000096, -8.743941955999958, 0.0 ], [ 115.831596199000046, -8.743920160999949, 0.0 ], [ 115.831825133000052, -8.743800073999978, 0.0 ], [ 115.83197692300007, -8.743711714999961, 0.0 ], [ 115.832030946000032, -8.743688744999929, 0.0 ], [ 115.832031369000106, -8.743688565999946, 0.0 ], [ 115.832176602000118, -8.743626810999956, 0.0 ], [ 115.832398210000065, -8.743496943999958, 0.0 ], [ 115.832520771000077, -8.743440035999981, 0.0 ], [ 115.832617873000117, -8.743394949999981, 0.0 ], [ 115.833454733000053, -8.742999711999971, 0.0 ], [ 115.833456220000016, -8.742999009999949, 0.0 ], [ 115.833595652000099, -8.742933157999971, 0.0 ], [ 115.833785998000053, -8.742842850999978, 0.0 ], [ 115.834366918000114, -8.742417648999947, 0.0 ], [ 115.834465252000086, -8.742312607999963, 0.0 ], [ 115.834465494000028, -8.742312345999949, 0.0 ], [ 115.834525015000054, -8.742248768999957, 0.0 ], [ 115.834646993000092, -8.742131149999977, 0.0 ], [ 115.834647203000031, -8.742130947999954, 0.0 ], [ 115.834786226, -8.741996892999964, 0.0 ], [ 115.834946839000054, -8.741904637999937, 0.0 ], [ 115.835005355000021, -8.741894093999974, 0.0 ], [ 115.835006057000101, -8.74189396099996, 0.0 ], [ 115.835028290000082, -8.741889961999959, 0.0 ], [ 115.83509820200004, -8.741876885999943, 0.0 ], [ 115.835098872000117, -8.741876762999937, 0.0 ], [ 115.835189917000093, -8.741859731999966, 0.0 ], [ 115.835919137000019, -8.741848129999937, 0.0 ], [ 115.835919403000048, -8.741848125999979, 0.0 ], [ 115.836174594000113, -8.741844015999959, 0.0 ], [ 115.836293251000029, -8.741763684999967, 0.0 ], [ 115.836364875000072, -8.741715195999973, 0.0 ], [ 115.836381156000016, -8.74170264199995, 0.0 ], [ 115.83649524000009, -8.74161468099993, 0.0 ], [ 115.836731961000055, -8.741410101999975, 0.0 ], [ 115.836788280000064, -8.741334550999966, 0.0 ], [ 115.83685201500009, -8.741249052999933, 0.0 ], [ 115.836886966000066, -8.741159655999979, 0.0 ], [ 115.836946293000096, -8.741007908999961, 0.0 ], [ 115.837242552000021, -8.74026887499997, 0.0 ], [ 115.837259567000046, -8.74014770499997, 0.0 ], [ 115.837272304000066, -8.740057001999958, 0.0 ], [ 115.837290772000074, -8.739910700999928, 0.0 ], [ 115.837357777000079, -8.73937991899993, 0.0 ], [ 115.837405219000061, -8.738468714999954, 0.0 ], [ 115.837405236000109, -8.738468377999936, 0.0 ], [ 115.837417322000078, -8.738236216999951, 0.0 ], [ 115.837430917, -8.737618698999938, 0.0 ], [ 115.837485629000071, -8.735362993999956, 0.0 ], [ 115.837561269000048, -8.733388939999941, 0.0 ], [ 115.837570114000073, -8.732998906999967, 0.0 ], [ 115.837571563000097, -8.732988487999933, 0.0 ], [ 115.837571610000055, -8.732988164999938, 0.0 ], [ 115.837610164000012, -8.732710936999979, 0.0 ], [ 115.837651004, -8.732443330999956, 0.0 ], [ 115.837654044000033, -8.73242339199993, 0.0 ], [ 115.837814169000012, -8.731572051999933, 0.0 ], [ 115.837824759000114, -8.731513919999941, 0.0 ], [ 115.837891797000111, -8.731145918999971, 0.0 ], [ 115.837975790000087, -8.730722213999968, 0.0 ], [ 115.838154424000095, -8.729999815999975, 0.0 ], [ 115.838154608000082, -8.729999066999937, 0.0 ], [ 115.838362298000106, -8.729159166999978, 0.0 ], [ 115.838628825000114, -8.728766741999948, 0.0 ], [ 115.838759910000022, -8.728596009999933, 0.0 ], [ 115.838783648000117, -8.728565093999975, 0.0 ], [ 115.838847938000072, -8.728474253999934, 0.0 ], [ 115.839071120000085, -8.72815890399994, 0.0 ], [ 115.839202439000019, -8.727970054999957, 0.0 ], [ 115.839872656000011, -8.72737988199998, 0.0 ], [ 115.84010219400011, -8.727224526999976, 0.0 ], [ 115.840333496000085, -8.727067976999933, 0.0 ], [ 115.840462787000092, -8.72700968099997, 0.0 ], [ 115.840463022000108, -8.727009573999965, 0.0 ], [ 115.84050675900005, -8.726989854999943, 0.0 ], [ 115.840697130000081, -8.726944944999957, 0.0 ], [ 115.841116452000051, -8.726732641999945, 0.0 ], [ 115.84128536500009, -8.72663401799997, 0.0 ], [ 115.841327509000052, -8.72660949599998, 0.0 ], [ 115.841485050000074, -8.726517829999977, 0.0 ], [ 115.841896120000115, -8.726299085999926, 0.0 ], [ 115.841896549000012, -8.726298856999961, 0.0 ], [ 115.842139093000014, -8.726169791999951, 0.0 ], [ 115.84278834700001, -8.725501020999957, 0.0 ], [ 115.842903067000066, -8.725315039999941, 0.0 ], [ 115.842970886000103, -8.725206174999926, 0.0 ], [ 115.843260348000058, -8.725109061999945, 0.0 ], [ 115.843825632000062, -8.725069986999927, 0.0 ], [ 115.844045789, -8.725057291999974, 0.0 ], [ 115.844274737000092, -8.725044140999955, 0.0 ], [ 115.844380225, -8.725015791999965, 0.0 ], [ 115.844514470000036, -8.72497971599995, 0.0 ], [ 115.844652145000055, -8.724874258999932, 0.0 ], [ 115.844791456000053, -8.724766305999935, 0.0 ], [ 115.844825381000078, -8.724740016999931, 0.0 ], [ 115.845669894000025, -8.724226621999946, 0.0 ], [ 115.845670477000112, -8.724226266999949, 0.0 ], [ 115.845670799000118, -8.724226070999975, 0.0 ], [ 115.845671086000038, -8.72422589699994, 0.0 ], [ 115.846756491000065, -8.72356605899995, 0.0 ], [ 115.84700005000002, -8.723448861999941, 0.0 ], [ 115.84704504900003, -8.723416386999929, 0.0 ], [ 115.847045447000028, -8.723416099999952, 0.0 ], [ 115.847045906000062, -8.723415767999938, 0.0 ], [ 115.847289543000102, -8.723239940999974, 0.0 ], [ 115.8478397, -8.722812319999946, 0.0 ], [ 115.848631395000098, -8.722352023999974, 0.0 ], [ 115.848993215000064, -8.722128607999935, 0.0 ], [ 115.848993532, -8.72212841299995, 0.0 ], [ 115.849198215000115, -8.722002025999927, 0.0 ], [ 115.849541376000047, -8.721750116999942, 0.0 ], [ 115.850762196, -8.721180947999926, 0.0 ], [ 115.851478805000056, -8.720746013999928, 0.0 ], [ 115.852073837000034, -8.720272042999966, 0.0 ], [ 115.852076449000037, -8.720270054999958, 0.0 ], [ 115.852110409000034, -8.720244204999972, 0.0 ], [ 115.852292594, -8.720193064999933, 0.0 ], [ 115.85229297, -8.720192959999963, 0.0 ], [ 115.852612625, -8.720203744999935, 0.0 ], [ 115.852612977000035, -8.720203756999979, 0.0 ], [ 115.852614065000012, -8.720203793999929, 0.0 ], [ 115.852711073000023, -8.720207068999969, 0.0 ], [ 115.852712764000103, -8.720207125999934, 0.0 ], [ 115.8529129530001, -8.72029157399993, 0.0 ], [ 115.853431852000085, -8.720522952999943, 0.0 ], [ 115.853705688000105, -8.720605906999936, 0.0 ], [ 115.854026399000077, -8.720882198999959, 0.0 ], [ 115.854047758000092, -8.72090211699998, 0.0 ], [ 115.854280280000012, -8.721118976999946, 0.0 ], [ 115.854319513000064, -8.721193998999979, 0.0 ], [ 115.854346128000088, -8.721244896999963, 0.0 ], [ 115.854392522000012, -8.721385000999931, 0.0 ], [ 115.854395232000115, -8.721426149999957, 0.0 ], [ 115.854401812000106, -8.721526065999967, 0.0 ], [ 115.854432589000112, -8.721743776999972, 0.0 ], [ 115.854493107000053, -8.721908782999947, 0.0 ], [ 115.854599489000066, -8.721988812999939, 0.0 ], [ 115.854737644000011, -8.722074753999948, 0.0 ], [ 115.854854849000048, -8.722133776999954, 0.0 ], [ 115.854881141000078, -8.72214701799993, 0.0 ], [ 115.85495336200006, -8.722161441999958, 0.0 ], [ 115.854953683000076, -8.722161505999964, 0.0 ], [ 115.854954555000063, -8.722161678999953, 0.0 ], [ 115.854955246000031, -8.722161816999972, 0.0 ], [ 115.855286798000066, -8.722228030999929, 0.0 ], [ 115.855450767000093, -8.722294647999945, 0.0 ], [ 115.855453714000078, -8.72229585499997, 0.0 ], [ 115.855476665000083, -8.722308311999939, 0.0 ], [ 115.85547732200007, -8.722308669999961, 0.0 ], [ 115.856131239000092, -8.722663946999944, 0.0 ], [ 115.856360700000096, -8.72298023999997, 0.0 ], [ 115.856427042000064, -8.723120867999967, 0.0 ], [ 115.856507168, -8.723290720999955, 0.0 ], [ 115.856554076000066, -8.723610921999978, 0.0 ], [ 115.856572981000113, -8.723719352999979, 0.0 ], [ 115.856588631000022, -8.723809114999938, 0.0 ], [ 115.856656814000075, -8.72400287499994, 0.0 ], [ 115.856729308000013, -8.724208890999932, 0.0 ], [ 115.856820095000103, -8.72438367999996, 0.0 ], [ 115.856852695000043, -8.724451392999981, 0.0 ], [ 115.856916678000061, -8.724584297999968, 0.0 ], [ 115.857173567000018, -8.725192351999965, 0.0 ], [ 115.857223755000064, -8.725311146999957, 0.0 ], [ 115.857243656000037, -8.72535462899998, 0.0 ], [ 115.857330314000023, -8.725543974999937, 0.0 ], [ 115.857443346000082, -8.725690911999948, 0.0 ], [ 115.857635487000039, -8.725940691999938, 0.0 ], [ 115.857757242000048, -8.72600917699998, 0.0 ], [ 115.857757571000093, -8.726009362999946, 0.0 ], [ 115.857767369000044, -8.72601793399997, 0.0 ], [ 115.857925426000065, -8.726156229999958, 0.0 ], [ 115.858168542000044, -8.726247393999927, 0.0 ], [ 115.858551028000079, -8.726390819999949, 0.0 ], [ 115.859237659000087, -8.726577755999926, 0.0 ], [ 115.859314187000109, -8.726582536999956, 0.0 ] ] ] ] } },
{ "type": "Feature","id":3, "properties": { "OBJECTID_1": 60, "OBJECTID": 60, "NAMA_KWS": "TWA Danau Rawa Taliwang (RTK 76)", "NOREGKK": "100253065", "NUPT": "Balai KSDA Nusa Tenggara Barat", "NPULAU": "Bali Nusra", "NPROV": "Nusa Tenggara Barat", "FGSKWS": "TWA", "LUAS_HA": 819.2, "SUMBERDATA": "Peta Penetapan Kawasan Hutan periode Juli 2024", "KETERANGAN": "SK Kawasan", "PROYEKSI": "World Cylindrical Equal Area", "Area": 819.85328116799997, "Perimeter": 23.778296647800001, "UGrid": 2 }, "geometry": { "type": "MultiPolygon", "coordinates": [ [ [ [ 116.871012072000099, -8.684217399999966, 0.0 ], [ 116.871592796000073, -8.684908649999954, 0.0 ], [ 116.872283524000068, -8.685836560999974, 0.0 ], [ 116.872458887000107, -8.687149441999964, 0.0 ], [ 116.872745574000078, -8.688561948999961, 0.0 ], [ 116.873551756000097, -8.689775361999978, 0.0 ], [ 116.874096276000046, -8.690574415999947, 0.0 ], [ 116.874304996000092, -8.691650955999933, 0.0 ], [ 116.873954991, -8.693080889999976, 0.0 ], [ 116.873445464000042, -8.694726678999928, 0.0 ], [ 116.873671123, -8.695446481999966, 0.0 ], [ 116.873727744, -8.696026207999978, 0.0 ], [ 116.874303033000047, -8.696994869999969, 0.0 ], [ 116.874529949000021, -8.697770300999935, 0.0 ], [ 116.874114456000029, -8.699293829999931, 0.0 ], [ 116.873059027000068, -8.700937717999977, 0.0 ], [ 116.872245231000079, -8.70200830899995, 0.0 ], [ 116.871913632000087, -8.702455844999974, 0.0 ], [ 116.871288422000021, -8.703380777999939, 0.0 ], [ 116.870786772000088, -8.703716908999979, 0.0 ], [ 116.870380437000108, -8.704183322999938, 0.0 ], [ 116.870330288000105, -8.704883766999956, 0.0 ], [ 116.870495255000037, -8.705235410999933, 0.0 ], [ 116.871124881000014, -8.705241412999953, 0.0 ], [ 116.871893816000011, -8.705124989999945, 0.0 ], [ 116.872779555000079, -8.704778131999944, 0.0 ], [ 116.873466959000098, -8.705161515999976, 0.0 ], [ 116.873492554000109, -8.706098698999938, 0.0 ], [ 116.873209343000099, -8.706466925999962, 0.0 ], [ 116.872965980000117, -8.706741637999926, 0.0 ], [ 116.872475866000059, -8.707100478999962, 0.0 ], [ 116.871525812000073, -8.707552418999967, 0.0 ], [ 116.870858568000017, -8.707751911999935, 0.0 ], [ 116.870495332000019, -8.708185686999968, 0.0 ], [ 116.87005402300008, -8.708564258999957, 0.0 ], [ 116.869371657000102, -8.708322337999959, 0.0 ], [ 116.869068398000081, -8.708552252999937, 0.0 ], [ 116.868997350000086, -8.708954831999961, 0.0 ], [ 116.868374220000078, -8.709076092999965, 0.0 ], [ 116.867181204000076, -8.708627125999953, 0.0 ], [ 116.866505426000117, -8.708532004999938, 0.0 ], [ 116.866211616000101, -8.70876599199994, 0.0 ], [ 116.866212859000029, -8.710130913999933, 0.0 ], [ 116.86610479400008, -8.710825276999969, 0.0 ], [ 116.866560482000068, -8.711447927999927, 0.0 ], [ 116.866986076000103, -8.712337762999937, 0.0 ], [ 116.868319241000108, -8.712139322999974, 0.0 ], [ 116.869092060000071, -8.712138775999961, 0.0 ], [ 116.869844857000089, -8.71194221099995, 0.0 ], [ 116.870216036000102, -8.712496621999946, 0.0 ], [ 116.870417563000046, -8.712797630999944, 0.0 ], [ 116.869626167000092, -8.713407187999962, 0.0 ], [ 116.869540052000048, -8.713420750999944, 0.0 ], [ 116.868387819000077, -8.713602227999957, 0.0 ], [ 116.866645628000015, -8.713857058999963, 0.0 ], [ 116.865736384000115, -8.713426864999974, 0.0 ], [ 116.865720597000063, -8.713419395999949, 0.0 ], [ 116.865090542000075, -8.71381453999993, 0.0 ], [ 116.864504069000077, -8.713351939999939, 0.0 ], [ 116.864286349000054, -8.713147424999931, 0.0 ], [ 116.863882459000024, -8.712768031999929, 0.0 ], [ 116.863460162000024, -8.712327467999955, 0.0 ], [ 116.862604176000104, -8.712286003999964, 0.0 ], [ 116.862598098000035, -8.712283485999933, 0.0 ], [ 116.862007175000031, -8.712038672999938, 0.0 ], [ 116.861420437000106, -8.712555301999942, 0.0 ], [ 116.860788092, -8.712992677999978, 0.0 ], [ 116.859944774000041, -8.713730959999964, 0.0 ], [ 116.859656173000076, -8.71398361599995, 0.0 ], [ 116.859156668000082, -8.714838021999981, 0.0 ], [ 116.85917138100001, -8.714844132999929, 0.0 ], [ 116.859804029000088, -8.715106903999981, 0.0 ], [ 116.860047051000038, -8.715786197999932, 0.0 ], [ 116.860995093000042, -8.716683829999965, 0.0 ], [ 116.861825243000112, -8.717048925999961, 0.0 ], [ 116.862724417000095, -8.71710623599995, 0.0 ], [ 116.863308508000046, -8.717381601999932, 0.0 ], [ 116.863973325000075, -8.716909770999962, 0.0 ], [ 116.865507058000048, -8.717466958999978, 0.0 ], [ 116.865587184000105, -8.718387065999934, 0.0 ], [ 116.86587419500006, -8.719136109999965, 0.0 ], [ 116.866537732000097, -8.719714150999948, 0.0 ], [ 116.866572065000014, -8.719770877999963, 0.0 ], [ 116.867338828000015, -8.721037745999979, 0.0 ], [ 116.86821696700008, -8.72122184899996, 0.0 ], [ 116.868258815000104, -8.722439889999976, 0.0 ], [ 116.867548112, -8.722570798999925, 0.0 ], [ 116.866710546000036, -8.723323337999943, 0.0 ], [ 116.86760063700001, -8.723922802999937, 0.0 ], [ 116.867470157000071, -8.724755186999971, 0.0 ], [ 116.866876395000077, -8.725451810999971, 0.0 ], [ 116.866363929000045, -8.726053056999945, 0.0 ], [ 116.866523387000029, -8.726238390999981, 0.0 ], [ 116.86688791600011, -8.726662072999943, 0.0 ], [ 116.867095331000087, -8.727052717999982, 0.0 ], [ 116.86687014600011, -8.728058916999942, 0.0 ], [ 116.866724767000051, -8.728852400999926, 0.0 ], [ 116.866725578000114, -8.729216853999958, 0.0 ], [ 116.866725817000088, -8.72932407299993, 0.0 ], [ 116.866726180000114, -8.729487012999925, 0.0 ], [ 116.866541385, -8.730930470999965, 0.0 ], [ 116.866215389000104, -8.731386286999964, 0.0 ], [ 116.866173000000117, -8.731445556999972, 0.0 ], [ 116.864712946000054, -8.731379459999971, 0.0 ], [ 116.863657705000037, -8.73127603699993, 0.0 ], [ 116.86307991700005, -8.731219407999959, 0.0 ], [ 116.861699697000063, -8.730879349999952, 0.0 ], [ 116.861291820000019, -8.730245675999981, 0.0 ], [ 116.860746525000081, -8.729252946999964, 0.0 ], [ 116.860526809000021, -8.727968357999941, 0.0 ], [ 116.860575126000072, -8.726875624999934, 0.0 ], [ 116.860942643000044, -8.72576618599993, 0.0 ], [ 116.860900195000113, -8.724514044999978, 0.0 ], [ 116.861024889000078, -8.724298484999963, 0.0 ], [ 116.861635234, -8.723243370999967, 0.0 ], [ 116.861841892000029, -8.722209941999949, 0.0 ], [ 116.861760394000044, -8.721580094999979, 0.0 ], [ 116.860402251000096, -8.720889449999959, 0.0 ], [ 116.859283136000045, -8.720395168999971, 0.0 ], [ 116.857531195000092, -8.71941075999996, 0.0 ], [ 116.856374649000031, -8.719587248999972, 0.0 ], [ 116.855339102000016, -8.719767487999945, 0.0 ], [ 116.854269928, -8.719923832999939, 0.0 ], [ 116.853820666000047, -8.719634123999981, 0.0 ], [ 116.853043787000047, -8.719515602999934, 0.0 ], [ 116.852621970000087, -8.719443659999968, 0.0 ], [ 116.852333638000118, -8.719394483999963, 0.0 ], [ 116.851974148000068, -8.718541924999954, 0.0 ], [ 116.851756991000116, -8.716854276999982, 0.0 ], [ 116.851800641000068, -8.714743144999943, 0.0 ], [ 116.851974366000036, -8.714058852999926, 0.0 ], [ 116.852053119000061, -8.713071690999925, 0.0 ], [ 116.852373378000038, -8.711953556999958, 0.0 ], [ 116.852188146000117, -8.711383817999945, 0.0 ], [ 116.852055351000104, -8.710862219999967, 0.0 ], [ 116.852327359000014, -8.710375964999969, 0.0 ], [ 116.852664129000118, -8.710032016999946, 0.0 ], [ 116.852846862000092, -8.709783253999944, 0.0 ], [ 116.853615850000097, -8.709335631999977, 0.0 ], [ 116.854049264000082, -8.708965125999953, 0.0 ], [ 116.854165147000117, -8.709032376999971, 0.0 ], [ 116.854693867000037, -8.709043251999958, 0.0 ], [ 116.854916167000056, -8.708969527999955, 0.0 ], [ 116.855512014000055, -8.708407866999949, 0.0 ], [ 116.855385018000106, -8.708162603999938, 0.0 ], [ 116.855146370000057, -8.707960894999928, 0.0 ], [ 116.854801299000087, -8.708152884999947, 0.0 ], [ 116.854166527000075, -8.708521413999961, 0.0 ], [ 116.853615546000015, -8.708719291999955, 0.0 ], [ 116.852849088000085, -8.707347200999948, 0.0 ], [ 116.852361526000095, -8.707169363999981, 0.0 ], [ 116.8518951960001, -8.707327563999968, 0.0 ], [ 116.851533957000015, -8.706791313999929, 0.0 ], [ 116.851348864000101, -8.706341423999959, 0.0 ], [ 116.851520906000019, -8.705770376999965, 0.0 ], [ 116.851535203000026, -8.705016826999952, 0.0 ], [ 116.851586581000106, -8.704282556999942, 0.0 ], [ 116.851598662000015, -8.703618914999936, 0.0 ], [ 116.851429257000063, -8.702810570999929, 0.0 ], [ 116.850867498000071, -8.702235074999976, 0.0 ], [ 116.850619258000052, -8.701935490999972, 0.0 ], [ 116.849995548000038, -8.701476924999952, 0.0 ], [ 116.849340051000013, -8.700945983999929, 0.0 ], [ 116.848830161000024, -8.700027783999928, 0.0 ], [ 116.848334998000041, -8.699113840999928, 0.0 ], [ 116.848023079000086, -8.697360032999939, 0.0 ], [ 116.848927940000067, -8.696486714999935, 0.0 ], [ 116.850009917000079, -8.695750591999968, 0.0 ], [ 116.850739514000111, -8.695083251999961, 0.0 ], [ 116.851458630000025, -8.694019092999952, 0.0 ], [ 116.851411720000101, -8.692641126999945, 0.0 ], [ 116.851294242000108, -8.691560992999939, 0.0 ], [ 116.851344898000093, -8.691181781999944, 0.0 ], [ 116.851420441000073, -8.690616255999942, 0.0 ], [ 116.851450149000016, -8.690393860999961, 0.0 ], [ 116.851913311000089, -8.689450804999979, 0.0 ], [ 116.852515421000021, -8.68884672799993, 0.0 ], [ 116.853117255000029, -8.688242559999935, 0.0 ], [ 116.85413333200006, -8.688115411999945, 0.0 ], [ 116.855099761000019, -8.688027408999972, 0.0 ], [ 116.855824445000053, -8.687860200999978, 0.0 ], [ 116.855874690000064, -8.687848607999967, 0.0 ], [ 116.856127307000065, -8.687724537999941, 0.0 ], [ 116.856708884000113, -8.687438902999929, 0.0 ], [ 116.85768, -8.686964030999945, 0.0 ], [ 116.858517242000062, -8.686657710999953, 0.0 ], [ 116.859189871000012, -8.686315958999955, 0.0 ], [ 116.859813146000079, -8.685951575999979, 0.0 ], [ 116.860501676000013, -8.685621768999965, 0.0 ], [ 116.861291890000075, -8.685388328999977, 0.0 ], [ 116.861962716000107, -8.685239868999929, 0.0 ], [ 116.862557533000086, -8.685130093999931, 0.0 ], [ 116.863245287000041, -8.685014286999944, 0.0 ], [ 116.863458069000103, -8.684978457999932, 0.0 ], [ 116.86433424900008, -8.684811885999977, 0.0 ], [ 116.865100012000084, -8.68481640899995, 0.0 ], [ 116.865920892000076, -8.684734115999959, 0.0 ], [ 116.866695404000097, -8.684672698999975, 0.0 ], [ 116.867170562000069, -8.684648170999935, 0.0 ], [ 116.867864754000038, -8.684480170999962, 0.0 ], [ 116.869266231000097, -8.68412237299998, 0.0 ], [ 116.869766072000061, -8.683687558999964, 0.0 ], [ 116.870350237000025, -8.683875808999971, 0.0 ], [ 116.871012072000099, -8.684217399999966, 0.0 ] ], [ [ 116.864709285000117, -8.696714907999933, 0.0 ], [ 116.865691352000113, -8.696979745999954, 0.0 ], [ 116.86686958700011, -8.696901972999967, 0.0 ], [ 116.867839957000115, -8.698256062999974, 0.0 ], [ 116.867368062000082, -8.701374072999954, 0.0 ], [ 116.86847853900008, -8.703001220999965, 0.0 ], [ 116.8685412640001, -8.702553595999973, 0.0 ], [ 116.869750659000033, -8.702454522999972, 0.0 ], [ 116.870058073000109, -8.702487289999965, 0.0 ], [ 116.872310042000095, -8.700287532999937, 0.0 ], [ 116.872306611000113, -8.700281032999953, 0.0 ], [ 116.871867644000076, -8.699449462999951, 0.0 ], [ 116.871248771000069, -8.69883469499996, 0.0 ], [ 116.870490418000031, -8.698081369999954, 0.0 ], [ 116.870177856000055, -8.697859859999937, 0.0 ], [ 116.869453159000045, -8.697346274999973, 0.0 ], [ 116.868951467000102, -8.696990730999971, 0.0 ], [ 116.868460231000086, -8.696642597999926, 0.0 ], [ 116.868158034000089, -8.696428433999927, 0.0 ], [ 116.86842644, -8.696012953999968, 0.0 ], [ 116.868987925000056, -8.695830885999953, 0.0 ], [ 116.869246418000102, -8.695301573999927, 0.0 ], [ 116.86936637000008, -8.695055950999972, 0.0 ], [ 116.868828839000116, -8.69447774899993, 0.0 ], [ 116.868597112000089, -8.694506676999936, 0.0 ], [ 116.867088289000094, -8.694695034999938, 0.0 ], [ 116.865237258000093, -8.695085988999949, 0.0 ], [ 116.86453803400002, -8.695489364999958, 0.0 ], [ 116.864531064000062, -8.69551747099996, 0.0 ], [ 116.864444094000078, -8.695868144999963, 0.0 ], [ 116.864446358, -8.695875372999978, 0.0 ], [ 116.864709285000117, -8.696714907999933, 0.0 ] ], [ [ 116.873163392000038, -8.700114909999968, 0.0 ], [ 116.873468344000116, -8.700228347999939, 0.0 ], [ 116.87354274900008, -8.699621485999955, 0.0 ], [ 116.873549564000086, -8.69956590399994, 0.0 ], [ 116.873248125000032, -8.699549521999927, 0.0 ], [ 116.87319057600007, -8.699933521999981, 0.0 ], [ 116.873163392000038, -8.700114909999968, 0.0 ] ], [ [ 116.867452487000037, -8.705891786999928, 0.0 ], [ 116.868516911000029, -8.705971355999964, 0.0 ], [ 116.868966385000022, -8.704761438999981, 0.0 ], [ 116.869036803000085, -8.704571883999961, 0.0 ], [ 116.868938376000074, -8.704525119999971, 0.0 ], [ 116.868548022000027, -8.704339655999945, 0.0 ], [ 116.867867028000092, -8.704402672999947, 0.0 ], [ 116.867452487000037, -8.705891786999928, 0.0 ] ], [ [ 116.860812191000036, -8.719113032999928, 0.0 ], [ 116.861370861000069, -8.720041545999948, 0.0 ], [ 116.863410550000026, -8.720275379999975, 0.0 ], [ 116.864282925000111, -8.720296857999926, 0.0 ], [ 116.864369153000098, -8.719925944999943, 0.0 ], [ 116.863898757000015, -8.71948391899997, 0.0 ], [ 116.862640622000072, -8.719032652999942, 0.0 ], [ 116.861632437000026, -8.718245535999927, 0.0 ], [ 116.860812191000036, -8.719113032999928, 0.0 ] ], [ [ 116.865684534000025, -8.721455240999944, 0.0 ], [ 116.866533765000099, -8.722179780999966, 0.0 ], [ 116.867074450000018, -8.721832001999928, 0.0 ], [ 116.866624356000102, -8.721036046999927, 0.0 ], [ 116.865779924000094, -8.721274209999933, 0.0 ], [ 116.865548764000096, -8.72133940599997, 0.0 ], [ 116.865684534000025, -8.721455240999944, 0.0 ] ] ] ] } },
{ "type": "Feature","id":4, "properties": { "OBJECTID_1": 93, "OBJECTID": 93, "NAMA_KWS": "TN Gunung Rinjani", "NOREGKK": "100243025", "NUPT": "Balai Taman Nasional Gunung Rinjani", "NPULAU": "Bali Nusra", "NPROV": "Nusa Tenggara Barat", "FGSKWS": "TN", "LUAS_HA": 41330.0, "SUMBERDATA": "Peta Penetapan Kawasan Hutan periode Juli 2024", "KETERANGAN": "SK Kawasan", "PROYEKSI": "World Cylindrical Equal Area", "Area": 38964.7340234, "Perimeter": 149.96966078899999, "UGrid": 5 }, "geometry": { "type": "MultiPolygon", "coordinates": [ [ [ [ 116.35400771400009, -8.306436491999932, 0.0 ], [ 116.354723779000096, -8.306532883999978, 0.0 ], [ 116.3552065, -8.306283200999928, 0.0 ], [ 116.355476710000062, -8.306143436999946, 0.0 ], [ 116.356034819000115, -8.306304928999964, 0.0 ], [ 116.35662125500005, -8.306508408999946, 0.0 ], [ 116.356673914000112, -8.30656397599995, 0.0 ], [ 116.357231805000083, -8.307152663999943, 0.0 ], [ 116.357852569000102, -8.307453645999942, 0.0 ], [ 116.358088584000029, -8.307568077999974, 0.0 ], [ 116.358547359000113, -8.307903341999975, 0.0 ], [ 116.358763620000104, -8.308061380999959, 0.0 ], [ 116.359386732000075, -8.308450830999959, 0.0 ], [ 116.359991906, -8.30861869599994, 0.0 ], [ 116.361178309000024, -8.309458842999959, 0.0 ], [ 116.36137077300009, -8.309504054999934, 0.0 ], [ 116.362524915000108, -8.309775176999949, 0.0 ], [ 116.363096444, -8.309988499999974, 0.0 ], [ 116.363620611000101, -8.309579291999967, 0.0 ], [ 116.363722180000082, -8.3095, 0.0 ], [ 116.36389620500006, -8.309706195999979, 0.0 ], [ 116.364066912000112, -8.309908459999974, 0.0 ], [ 116.364393645000064, -8.310295591999932, 0.0 ], [ 116.364722300000039, -8.310962875999962, 0.0 ], [ 116.364892003000023, -8.311668772999951, 0.0 ], [ 116.365327381000043, -8.312109802999942, 0.0 ], [ 116.365722194000114, -8.312305567999942, 0.0 ], [ 116.365999967000107, -8.313388863999933, 0.0 ], [ 116.366361127000118, -8.313666664999971, 0.0 ], [ 116.366631712000071, -8.314692829999956, 0.0 ], [ 116.366864282000051, -8.314651454999932, 0.0 ], [ 116.36724773100002, -8.314583237999955, 0.0 ], [ 116.367725391000022, -8.314498260999926, 0.0 ], [ 116.36802779300001, -8.314444461999926, 0.0 ], [ 116.368666643000097, -8.314444481999942, 0.0 ], [ 116.369611113000019, -8.314305511999976, 0.0 ], [ 116.370930524000073, -8.313867095999967, 0.0 ], [ 116.371494793000011, -8.313469877999978, 0.0 ], [ 116.371912379000037, -8.313437271999931, 0.0 ], [ 116.372676653000099, -8.313567675999934, 0.0 ], [ 116.37276328300004, -8.313586694999969, 0.0 ], [ 116.372984090000045, -8.313635168999951, 0.0 ], [ 116.373196688, -8.31373105299997, 0.0 ], [ 116.373265237000055, -8.313761967999937, 0.0 ], [ 116.373379605000082, -8.313811656999974, 0.0 ], [ 116.373500078, -8.313863996999942, 0.0 ], [ 116.37410005400011, -8.314052252999943, 0.0 ], [ 116.374210667000057, -8.314146237999978, 0.0 ], [ 116.374829452000085, -8.314672007999945, 0.0 ], [ 116.374815960000092, -8.315071866999972, 0.0 ], [ 116.374794138000084, -8.315718756999956, 0.0 ], [ 116.375326987000108, -8.315935463999949, 0.0 ], [ 116.375664734000111, -8.315808046999962, 0.0 ], [ 116.376048440000091, -8.315663290999964, 0.0 ], [ 116.376127221000047, -8.315608044999976, 0.0 ], [ 116.377006146000099, -8.314991695999936, 0.0 ], [ 116.377252078000083, -8.315029250999942, 0.0 ], [ 116.377954641000088, -8.315136534999965, 0.0 ], [ 116.378187730000036, -8.315149590999965, 0.0 ], [ 116.378648528000099, -8.315175401999966, 0.0 ], [ 116.378786990000094, -8.315183157999968, 0.0 ], [ 116.378439329000116, -8.316245166999977, 0.0 ], [ 116.378457946000026, -8.316934118999939, 0.0 ], [ 116.378672638000012, -8.317766128999949, 0.0 ], [ 116.378539740000065, -8.318394058999957, 0.0 ], [ 116.378598318000058, -8.31918753399998, 0.0 ], [ 116.379055467000057, -8.318649983999933, 0.0 ], [ 116.379818373000035, -8.317752900999949, 0.0 ], [ 116.380107954000096, -8.317412388999969, 0.0 ], [ 116.380111077000038, -8.315805557999965, 0.0 ], [ 116.380854696000029, -8.315866487999926, 0.0 ], [ 116.381306780000045, -8.315903529999957, 0.0 ], [ 116.381747762000032, -8.315917394999929, 0.0 ], [ 116.382326306000095, -8.315935582999941, 0.0 ], [ 116.382870909000076, -8.316059085999939, 0.0 ], [ 116.383037400000035, -8.316031262999957, 0.0 ], [ 116.383361093000076, -8.31597716999994, 0.0 ], [ 116.383406316000105, -8.315969611999947, 0.0 ], [ 116.384051889000034, -8.31569099799998, 0.0 ], [ 116.384307314000012, -8.31465418199997, 0.0 ], [ 116.384308360000091, -8.313984104999975, 0.0 ], [ 116.384222222000062, -8.313333367999974, 0.0 ], [ 116.384317231000068, -8.312146847999941, 0.0 ], [ 116.384806985000068, -8.311945847999937, 0.0 ], [ 116.385383858000068, -8.311709090999955, 0.0 ], [ 116.385516250000023, -8.311943581999969, 0.0 ], [ 116.385603547000073, -8.312098198999934, 0.0 ], [ 116.385792041000059, -8.312432056999967, 0.0 ], [ 116.386055517000045, -8.31350000499998, 0.0 ], [ 116.386653958000011, -8.314395758999979, 0.0 ], [ 116.386971803000051, -8.315270426999973, 0.0 ], [ 116.387034507000067, -8.315442977999965, 0.0 ], [ 116.387728007000078, -8.315919450999957, 0.0 ], [ 116.388611127000104, -8.316416674999971, 0.0 ], [ 116.389043742000013, -8.316534116999946, 0.0 ], [ 116.389407569000014, -8.31663419399996, 0.0 ], [ 116.389533687000039, -8.316668884999956, 0.0 ], [ 116.390104160000078, -8.316780422999955, 0.0 ], [ 116.390267654000013, -8.316813817999957, 0.0 ], [ 116.390924927000015, -8.316990959999941, 0.0 ], [ 116.391366377000054, -8.317058549999956, 0.0 ], [ 116.392015132000097, -8.317157878999978, 0.0 ], [ 116.393785467000043, -8.317239090999976, 0.0 ], [ 116.394484365000039, -8.317522349999933, 0.0 ], [ 116.394570383000087, -8.317532061999941, 0.0 ], [ 116.394571194000036, -8.317532153999935, 0.0 ], [ 116.395498496000073, -8.31735951099995, 0.0 ], [ 116.395823417000088, -8.31735950999996, 0.0 ], [ 116.39706964800007, -8.317125841999939, 0.0 ], [ 116.397575420000067, -8.317059871999959, 0.0 ], [ 116.398210799000026, -8.31777150299996, 0.0 ], [ 116.398989691000111, -8.318680213999926, 0.0 ], [ 116.399534914000014, -8.319381219999968, 0.0 ], [ 116.400048681000044, -8.319434369999954, 0.0 ], [ 116.400287844000104, -8.319459111999947, 0.0 ], [ 116.400910961000022, -8.319433150999942, 0.0 ], [ 116.402235080000082, -8.319692786999951, 0.0 ], [ 116.402651066000089, -8.319675808999932, 0.0 ], [ 116.403507274000049, -8.31964086499994, 0.0 ], [ 116.404130387, -8.320393796999952, 0.0 ], [ 116.404701572000022, -8.321120765999979, 0.0 ], [ 116.405350648000081, -8.32187369899998, 0.0 ], [ 116.406025686000021, -8.323016078999956, 0.0 ], [ 116.407194766000089, -8.324188518999961, 0.0 ], [ 116.407973662000018, -8.32382503599996, 0.0 ], [ 116.408151492000115, -8.323291548999975, 0.0 ], [ 116.408473111000035, -8.323141460999977, 0.0 ], [ 116.409791086000041, -8.323227887999963, 0.0 ], [ 116.411426766000091, -8.322578811999961, 0.0 ], [ 116.413278117000118, -8.322806420999939, 0.0 ], [ 116.413281429000108, -8.322804265999935, 0.0 ], [ 116.414399386000014, -8.32207677699995, 0.0 ], [ 116.414438975000053, -8.322051013999953, 0.0 ], [ 116.414731039000117, -8.322178203999954, 0.0 ], [ 116.415230912000084, -8.322396333999961, 0.0 ], [ 116.416340945000115, -8.322426682999946, 0.0 ], [ 116.41762372200003, -8.322629589999963, 0.0 ], [ 116.418444460000046, -8.322722251999949, 0.0 ], [ 116.419800161000012, -8.32294866999996, 0.0 ], [ 116.421101493000037, -8.322994840999968, 0.0 ], [ 116.422111118000089, -8.32291663999996, 0.0 ], [ 116.422771241000078, -8.323116926999944, 0.0 ], [ 116.423371897000038, -8.323141730999964, 0.0 ], [ 116.424200538000036, -8.32335831499995, 0.0 ], [ 116.424570595000091, -8.323368812999945, 0.0 ], [ 116.425089528000058, -8.323383534999948, 0.0 ], [ 116.426305599000102, -8.323416663999978, 0.0 ], [ 116.426747287000012, -8.323491228999956, 0.0 ], [ 116.427333324000074, -8.323361071999955, 0.0 ], [ 116.42823941000006, -8.323823153999967, 0.0 ], [ 116.42900295000004, -8.324197584999979, 0.0 ], [ 116.429795868000042, -8.324198722999938, 0.0 ], [ 116.430732619000082, -8.32442980999997, 0.0 ], [ 116.431725270000015, -8.324637938999956, 0.0 ], [ 116.432865987000014, -8.325058371999944, 0.0 ], [ 116.434559279000041, -8.325527450999971, 0.0 ], [ 116.435209852000071, -8.325676061999957, 0.0 ], [ 116.435508073000051, -8.325744183999973, 0.0 ], [ 116.436277607000079, -8.325861115999942, 0.0 ], [ 116.436533609000094, -8.325979269999948, 0.0 ], [ 116.436730400000101, -8.32602972899997, 0.0 ], [ 116.437081308000074, -8.326160432999927, 0.0 ], [ 116.437729805000117, -8.326340837999965, 0.0 ], [ 116.439110749000065, -8.326809455999978, 0.0 ], [ 116.439903166000022, -8.327073776999953, 0.0 ], [ 116.440764905000037, -8.327213040999936, 0.0 ], [ 116.440935023000065, -8.327210187999981, 0.0 ], [ 116.442081673000075, -8.327190961999975, 0.0 ], [ 116.442677285000059, -8.326999724999951, 0.0 ], [ 116.44360235900001, -8.326879307999945, 0.0 ], [ 116.444320814000093, -8.326754035999954, 0.0 ], [ 116.445112406000021, -8.326851670999929, 0.0 ], [ 116.445714005000013, -8.326116726999942, 0.0 ], [ 116.445839532000036, -8.325564867999958, 0.0 ], [ 116.446169621000081, -8.325071554999965, 0.0 ], [ 116.446229025000093, -8.325857969999959, 0.0 ], [ 116.446246949000056, -8.326095254999927, 0.0 ], [ 116.446268696000061, -8.326383145999955, 0.0 ], [ 116.446446199000093, -8.326396544999966, 0.0 ], [ 116.446850113000096, -8.326427032999959, 0.0 ], [ 116.447148619000018, -8.326383608999947, 0.0 ], [ 116.447518228000035, -8.32632984299994, 0.0 ], [ 116.448225114000024, -8.326000569999962, 0.0 ], [ 116.448960830000033, -8.325671333999935, 0.0 ], [ 116.448625802000038, -8.326507529999958, 0.0 ], [ 116.448512344000051, -8.326790710999944, 0.0 ], [ 116.448150625000039, -8.327717797999981, 0.0 ], [ 116.447861341000021, -8.328392268999949, 0.0 ], [ 116.44755753700008, -8.329141383999968, 0.0 ], [ 116.44839279100006, -8.329803057999925, 0.0 ], [ 116.449026512000046, -8.330249065999965, 0.0 ], [ 116.449631562000036, -8.330580161999933, 0.0 ], [ 116.450262426000108, -8.330688426999927, 0.0 ], [ 116.45043992, -8.330718886999932, 0.0 ], [ 116.451023345000067, -8.330175045999965, 0.0 ], [ 116.450940467, -8.329313596999953, 0.0 ], [ 116.450833375000116, -8.328571567999973, 0.0 ], [ 116.450978977000091, -8.327542709999932, 0.0 ], [ 116.450968331000013, -8.326561498999979, 0.0 ], [ 116.451130691000117, -8.32557573899993, 0.0 ], [ 116.451774706000037, -8.325528764999945, 0.0 ], [ 116.452293790000112, -8.32547204499997, 0.0 ], [ 116.453226551000057, -8.325128714999948, 0.0 ], [ 116.453558460000067, -8.325172468999938, 0.0 ], [ 116.454033744000071, -8.32523512399996, 0.0 ], [ 116.454749500000048, -8.325436334999949, 0.0 ], [ 116.455969909000032, -8.325591170999928, 0.0 ], [ 116.456536836000055, -8.325687672999948, 0.0 ], [ 116.457315501000039, -8.325573865999957, 0.0 ], [ 116.458383096000034, -8.325646217999974, 0.0 ], [ 116.459190034000017, -8.325701004999928, 0.0 ], [ 116.459297382000045, -8.325716643999954, 0.0 ], [ 116.459682217000022, -8.325772704999963, 0.0 ], [ 116.460246338000047, -8.325854882999977, 0.0 ], [ 116.460246666000103, -8.325854930999981, 0.0 ], [ 116.460045994000097, -8.325251980999951, 0.0 ], [ 116.460010894000106, -8.324916551999934, 0.0 ], [ 116.459997965000071, -8.324792988999945, 0.0 ], [ 116.459707675000118, -8.323990236999975, 0.0 ], [ 116.459652970000093, -8.323838957999953, 0.0 ], [ 116.460762394000085, -8.322302303999948, 0.0 ], [ 116.460632892000035, -8.323418863999962, 0.0 ], [ 116.461059280000086, -8.323719437999955, 0.0 ], [ 116.461577199000089, -8.324239948999946, 0.0 ], [ 116.461691169, -8.324435932999961, 0.0 ], [ 116.46199764500011, -8.324962945999971, 0.0 ], [ 116.462113477000116, -8.325162127999931, 0.0 ], [ 116.462009313000067, -8.325541459999954, 0.0 ], [ 116.461907612000118, -8.325911808999933, 0.0 ], [ 116.462320926000075, -8.32632771599998, 0.0 ], [ 116.462350741000023, -8.326331208999932, 0.0 ], [ 116.463256441000112, -8.326130060999958, 0.0 ], [ 116.463928821000081, -8.325980725999955, 0.0 ], [ 116.463964977000046, -8.325970742999971, 0.0 ], [ 116.465395002000037, -8.325575885999967, 0.0 ], [ 116.466680419000113, -8.325637442999948, 0.0 ], [ 116.466684611, -8.325573184999939, 0.0 ], [ 116.466460751000113, -8.323336886999925, 0.0 ], [ 116.467074225000033, -8.321155242999964, 0.0 ], [ 116.466910189000032, -8.32002025099996, 0.0 ], [ 116.467556101000014, -8.318820125999935, 0.0 ], [ 116.468568418000018, -8.316977366999936, 0.0 ], [ 116.468693524000059, -8.316749628999958, 0.0 ], [ 116.467963204000057, -8.315776160999974, 0.0 ], [ 116.467811245, -8.31597250599998, 0.0 ], [ 116.467674385, -8.315790875999937, 0.0 ], [ 116.468486100000064, -8.31405973699998, 0.0 ], [ 116.469256020000103, -8.313653879999947, 0.0 ], [ 116.469926579000116, -8.313300400999935, 0.0 ], [ 116.470265006000091, -8.313566067999943, 0.0 ], [ 116.47052184100005, -8.31376768299998, 0.0 ], [ 116.471849714000086, -8.313899479999975, 0.0 ], [ 116.472117974000071, -8.314441090999935, 0.0 ], [ 116.471530865000091, -8.314854845999946, 0.0 ], [ 116.471777875000043, -8.315464718999976, 0.0 ], [ 116.472387146000074, -8.316678286999945, 0.0 ], [ 116.472229325000058, -8.317688680999936, 0.0 ], [ 116.471842066000022, -8.318663130999937, 0.0 ], [ 116.471756903000028, -8.319039295999971, 0.0 ], [ 116.471538041000031, -8.320006005999971, 0.0 ], [ 116.471581884000102, -8.320099376999963, 0.0 ], [ 116.472059277000085, -8.321116072999928, 0.0 ], [ 116.471993688000111, -8.321742264999955, 0.0 ], [ 116.471778196000059, -8.322141768999927, 0.0 ], [ 116.473283418000051, -8.322901469999977, 0.0 ], [ 116.473703733000093, -8.322676262999948, 0.0 ], [ 116.474304099000051, -8.323225729999933, 0.0 ], [ 116.474533920000113, -8.323928471999977, 0.0 ], [ 116.474031610000111, -8.325642113999947, 0.0 ], [ 116.47605197300004, -8.32583961399996, 0.0 ], [ 116.476648017000116, -8.325888247999956, 0.0 ], [ 116.477414703000022, -8.325934933999974, 0.0 ], [ 116.47796143700009, -8.32591322199994, 0.0 ], [ 116.478192177000096, -8.325310219999949, 0.0 ], [ 116.478386557000022, -8.32494017099998, 0.0 ], [ 116.47856386, -8.324571817999981, 0.0 ], [ 116.47897363800007, -8.324690845999953, 0.0 ], [ 116.47918051900001, -8.325168152999936, 0.0 ], [ 116.479374581000116, -8.326068298999928, 0.0 ], [ 116.479514642000026, -8.326874848999978, 0.0 ], [ 116.479747055000075, -8.327824068999973, 0.0 ], [ 116.479924989000097, -8.328492007999955, 0.0 ], [ 116.480309358000113, -8.329632186999959, 0.0 ], [ 116.481424583000035, -8.329487386999972, 0.0 ], [ 116.482271059000027, -8.329362583999966, 0.0 ], [ 116.482661669000095, -8.329007531999935, 0.0 ], [ 116.482966177000094, -8.328797268999949, 0.0 ], [ 116.484176104000085, -8.328039962999981, 0.0 ], [ 116.484745848000102, -8.328618499999948, 0.0 ], [ 116.48567317200002, -8.328612465999981, 0.0 ], [ 116.487125541000069, -8.32843597599998, 0.0 ], [ 116.487702865000074, -8.328497955999978, 0.0 ], [ 116.488619936000077, -8.328555036999944, 0.0 ], [ 116.48891521500002, -8.327896212999974, 0.0 ], [ 116.489803292000033, -8.328111360999969, 0.0 ], [ 116.490383602000065, -8.328155519999939, 0.0 ], [ 116.490814058000069, -8.328188274999945, 0.0 ], [ 116.490776614000083, -8.327507675999925, 0.0 ], [ 116.490633856000045, -8.32673233099996, 0.0 ], [ 116.490621247000036, -8.326660788999959, 0.0 ], [ 116.490546588000029, -8.326237182999932, 0.0 ], [ 116.490612251000016, -8.325249545999952, 0.0 ], [ 116.491041863000078, -8.324009294999939, 0.0 ], [ 116.491206625000018, -8.323427455999933, 0.0 ], [ 116.491294186000118, -8.322781840999937, 0.0 ], [ 116.49135659500007, -8.322344229999942, 0.0 ], [ 116.491403625000089, -8.322000848999949, 0.0 ], [ 116.491531939000083, -8.321301285999937, 0.0 ], [ 116.491696200000092, -8.319979921999959, 0.0 ], [ 116.492035385, -8.31963012999995, 0.0 ], [ 116.493252214000108, -8.319615491999969, 0.0 ], [ 116.493527940000035, -8.319956390999948, 0.0 ], [ 116.494085988000052, -8.320381676999943, 0.0 ], [ 116.494604502000016, -8.320052100999931, 0.0 ], [ 116.495087204000015, -8.319747623999945, 0.0 ], [ 116.49536863600008, -8.319107137999936, 0.0 ], [ 116.495501134000051, -8.318822385999965, 0.0 ], [ 116.496334989000047, -8.318745836999938, 0.0 ], [ 116.496719022000093, -8.318759256999954, 0.0 ], [ 116.496521299000051, -8.319843511999977, 0.0 ], [ 116.496493526000108, -8.321395881999933, 0.0 ], [ 116.496581503000016, -8.323049251999976, 0.0 ], [ 116.496862730000089, -8.323566534999941, 0.0 ], [ 116.496439848000023, -8.325356842999952, 0.0 ], [ 116.49626146300011, -8.326112050999939, 0.0 ], [ 116.496598913000071, -8.326567242999943, 0.0 ], [ 116.496887734000097, -8.32695683999998, 0.0 ], [ 116.497675744000048, -8.328377461999935, 0.0 ], [ 116.497837765000099, -8.329513184999939, 0.0 ], [ 116.497785374000046, -8.330003632999933, 0.0 ], [ 116.497680172000059, -8.330728413999964, 0.0 ], [ 116.497562735000088, -8.331537485999945, 0.0 ], [ 116.496856519000062, -8.331630659999973, 0.0 ], [ 116.496268148000013, -8.331679390999966, 0.0 ], [ 116.496210324000117, -8.33300812799996, 0.0 ], [ 116.496195482000076, -8.333864203999951, 0.0 ], [ 116.496174141000097, -8.335095140999954, 0.0 ], [ 116.496524213000043, -8.336751194999977, 0.0 ], [ 116.496827458000098, -8.337243992999959, 0.0 ], [ 116.49723166900003, -8.33818112199998, 0.0 ], [ 116.497577267000111, -8.339006469999958, 0.0 ], [ 116.498322626000117, -8.341059920999953, 0.0 ], [ 116.498463066000113, -8.342670300999941, 0.0 ], [ 116.499052919000064, -8.344322042999977, 0.0 ], [ 116.498429738000027, -8.344945837999944, 0.0 ], [ 116.498372632000041, -8.345003, 0.0 ], [ 116.496316286000024, -8.345722911999928, 0.0 ], [ 116.496061062000081, -8.34658865199998, 0.0 ], [ 116.495318858000019, -8.346961720999957, 0.0 ], [ 116.494763631000069, -8.347704064999959, 0.0 ], [ 116.493484583000054, -8.349912591999953, 0.0 ], [ 116.493216804000099, -8.350576517999968, 0.0 ], [ 116.492559490000076, -8.350822425999979, 0.0 ], [ 116.492817776000038, -8.351532250999981, 0.0 ], [ 116.492940425000029, -8.351851340999929, 0.0 ], [ 116.493157577000034, -8.352416296999934, 0.0 ], [ 116.493785172000116, -8.353034424999976, 0.0 ], [ 116.494019366000089, -8.353695646999938, 0.0 ], [ 116.494492709000042, -8.35455589299994, 0.0 ], [ 116.494512348000058, -8.355314979999946, 0.0 ], [ 116.493941966000079, -8.356388803999948, 0.0 ], [ 116.493855939000014, -8.357108136999955, 0.0 ], [ 116.493967163000093, -8.359035418999952, 0.0 ], [ 116.494196184000089, -8.359978024999975, 0.0 ], [ 116.494537573000116, -8.36125752199996, 0.0 ], [ 116.494866886000068, -8.36232543999995, 0.0 ], [ 116.495046323000111, -8.363336182999944, 0.0 ], [ 116.495286977000092, -8.364559290999978, 0.0 ], [ 116.494982554000103, -8.365955457999974, 0.0 ], [ 116.494931646000055, -8.366106057999957, 0.0 ], [ 116.494722166000088, -8.366725763999966, 0.0 ], [ 116.494870974000037, -8.366952835999939, 0.0 ], [ 116.495620110000118, -8.368095968999967, 0.0 ], [ 116.496227504000103, -8.368764449999958, 0.0 ], [ 116.497409768000011, -8.366854553999929, 0.0 ], [ 116.498271454000019, -8.366401223999958, 0.0 ], [ 116.498697097000104, -8.366939401999957, 0.0 ], [ 116.499099699000112, -8.367383120999932, 0.0 ], [ 116.499648697000111, -8.368621540999925, 0.0 ], [ 116.500255458000083, -8.369294989999958, 0.0 ], [ 116.501708285000063, -8.370803820999981, 0.0 ], [ 116.501668811000059, -8.370940114999939, 0.0 ], [ 116.501351043000113, -8.372037296999963, 0.0 ], [ 116.501243654000064, -8.372919054999954, 0.0 ], [ 116.501039748000039, -8.373847814999976, 0.0 ], [ 116.500310139000021, -8.374419625999963, 0.0 ], [ 116.500919083000099, -8.374954324999976, 0.0 ], [ 116.500316874000077, -8.37576237299993, 0.0 ], [ 116.500133284000071, -8.376567873999932, 0.0 ], [ 116.499961767000059, -8.377308265999943, 0.0 ], [ 116.500158770000098, -8.378517206999959, 0.0 ], [ 116.500681698000108, -8.378061543999934, 0.0 ], [ 116.501323092, -8.37744086899994, 0.0 ], [ 116.500860687000113, -8.376447047999932, 0.0 ], [ 116.5024592850001, -8.37726773299994, 0.0 ], [ 116.502531224000109, -8.377837118999935, 0.0 ], [ 116.502606979, -8.378475976999937, 0.0 ], [ 116.502703316000066, -8.379286625999953, 0.0 ], [ 116.50304755600007, -8.379355348999979, 0.0 ], [ 116.503560171000117, -8.379582391999975, 0.0 ], [ 116.503900083000076, -8.379626415999951, 0.0 ], [ 116.504153325000061, -8.379829343999972, 0.0 ], [ 116.503992590000053, -8.380522535999944, 0.0 ], [ 116.503919369000073, -8.38077741799998, 0.0 ], [ 116.503799527000069, -8.381194591999929, 0.0 ], [ 116.503729026000087, -8.381440006999981, 0.0 ], [ 116.503686907000088, -8.382065237999939, 0.0 ], [ 116.503683015000092, -8.382833954999967, 0.0 ], [ 116.504358517000014, -8.383226291999961, 0.0 ], [ 116.50458663400002, -8.383447177999926, 0.0 ], [ 116.502997084000071, -8.385113231999981, 0.0 ], [ 116.504201457000022, -8.38612898699995, 0.0 ], [ 116.50618351300011, -8.386716978999971, 0.0 ], [ 116.506307445000061, -8.383863073999976, 0.0 ], [ 116.50632198400001, -8.383062575999929, 0.0 ], [ 116.506332862000022, -8.382463653999935, 0.0 ], [ 116.507122947000084, -8.382529548999969, 0.0 ], [ 116.507313092000118, -8.382527549999963, 0.0 ], [ 116.508766997000066, -8.38251226899996, 0.0 ], [ 116.508926041000109, -8.38216041499993, 0.0 ], [ 116.509427438000102, -8.381619230999945, 0.0 ], [ 116.509497994000071, -8.380813456999931, 0.0 ], [ 116.509486474000028, -8.380105747999949, 0.0 ], [ 116.509550964000027, -8.379189006999979, 0.0 ], [ 116.509572429000059, -8.378883884999937, 0.0 ], [ 116.509461532000046, -8.378206967999972, 0.0 ], [ 116.510393775000011, -8.377798428999938, 0.0 ], [ 116.510740786000042, -8.377219883999942, 0.0 ], [ 116.510652944000071, -8.375811756999951, 0.0 ], [ 116.51095052200003, -8.375257246999979, 0.0 ], [ 116.511598393000099, -8.37488319299996, 0.0 ], [ 116.511648763000039, -8.37485411199998, 0.0 ], [ 116.512895330000106, -8.374093639999955, 0.0 ], [ 116.513579532000108, -8.373898005999934, 0.0 ], [ 116.51454917600006, -8.373414753999953, 0.0 ], [ 116.515531213000031, -8.373137343999929, 0.0 ], [ 116.515799703000084, -8.372645982999927, 0.0 ], [ 116.516196383000079, -8.372273286999928, 0.0 ], [ 116.51700319300005, -8.371770064999964, 0.0 ], [ 116.517051497000011, -8.372039377999954, 0.0 ], [ 116.517044854, -8.37275778399993, 0.0 ], [ 116.518118292000054, -8.372674821999965, 0.0 ], [ 116.517912827000032, -8.373671465999962, 0.0 ], [ 116.517999218000114, -8.37422612499995, 0.0 ], [ 116.518122024000036, -8.374884348999956, 0.0 ], [ 116.518179019000058, -8.375260132999927, 0.0 ], [ 116.518444653000074, -8.375301622999928, 0.0 ], [ 116.519112693000011, -8.37540596499997, 0.0 ], [ 116.519339156000115, -8.375216293999927, 0.0 ], [ 116.519406544000049, -8.375188752999975, 0.0 ], [ 116.520387748000076, -8.374787746999971, 0.0 ], [ 116.520217726000055, -8.375613373999954, 0.0 ], [ 116.520857555000021, -8.375762218999967, 0.0 ], [ 116.521369508000021, -8.375593460999937, 0.0 ], [ 116.522121813000012, -8.375350796999953, 0.0 ], [ 116.523148502000026, -8.375848865999956, 0.0 ], [ 116.522907645000032, -8.374754644999939, 0.0 ], [ 116.522955222000064, -8.374194450999937, 0.0 ], [ 116.523580633000051, -8.372500535999961, 0.0 ], [ 116.523823601000117, -8.372014810999929, 0.0 ], [ 116.524004348000062, -8.371653475999949, 0.0 ], [ 116.524487014000101, -8.371646052999949, 0.0 ], [ 116.524794802000088, -8.372064510999962, 0.0 ], [ 116.525402413000052, -8.372890598999959, 0.0 ], [ 116.526501572000029, -8.372560669999928, 0.0 ], [ 116.526566827000011, -8.37254108299993, 0.0 ], [ 116.527023984000039, -8.372299194999925, 0.0 ], [ 116.527810627, -8.371727897999961, 0.0 ], [ 116.528498499000079, -8.372617652999963, 0.0 ], [ 116.528100771000027, -8.37359676799997, 0.0 ], [ 116.528096782000034, -8.373606588999962, 0.0 ], [ 116.528133628000091, -8.374054445999946, 0.0 ], [ 116.528267128000039, -8.374413415999982, 0.0 ], [ 116.529147449000106, -8.374320215999944, 0.0 ], [ 116.529265508000094, -8.37429554299996, 0.0 ], [ 116.529678383000032, -8.37420925899994, 0.0 ], [ 116.530062825000073, -8.374829513999941, 0.0 ], [ 116.531020922000039, -8.375176545999977, 0.0 ], [ 116.530779979000044, -8.375469627999962, 0.0 ], [ 116.530126600000017, -8.375884762999931, 0.0 ], [ 116.529818092000028, -8.37582949199998, 0.0 ], [ 116.529494639000063, -8.37601652099994, 0.0 ], [ 116.529425482000079, -8.376056508999966, 0.0 ], [ 116.529688360000023, -8.376586994999968, 0.0 ], [ 116.529708567000057, -8.376627771999949, 0.0 ], [ 116.530024785000023, -8.377238935999969, 0.0 ], [ 116.530211095000027, -8.377551900999947, 0.0 ], [ 116.529880852000019, -8.377997543999982, 0.0 ], [ 116.529744894000032, -8.378181010999981, 0.0 ], [ 116.529560006000111, -8.378445630999977, 0.0 ], [ 116.529781322000076, -8.378664069999957, 0.0 ], [ 116.530089612000097, -8.378968353999937, 0.0 ], [ 116.531328078000115, -8.378981710999938, 0.0 ], [ 116.531434144000059, -8.379309467999974, 0.0 ], [ 116.531034149000106, -8.37948320199996, 0.0 ], [ 116.53103868200003, -8.379509961999929, 0.0 ], [ 116.531147244000067, -8.380150864999962, 0.0 ], [ 116.53120712000009, -8.380504344999963, 0.0 ], [ 116.531243633000031, -8.380719905999968, 0.0 ], [ 116.531747187000065, -8.380558009999959, 0.0 ], [ 116.53281491700011, -8.380214727999942, 0.0 ], [ 116.532810080000104, -8.381094944999973, 0.0 ], [ 116.532555321000018, -8.381211497999971, 0.0 ], [ 116.532376093000039, -8.381293495999955, 0.0 ], [ 116.533216069000105, -8.381546775999936, 0.0 ], [ 116.533319993000077, -8.38174563299998, 0.0 ], [ 116.533421283000052, -8.381939448999958, 0.0 ], [ 116.534414468000023, -8.382310203999964, 0.0 ], [ 116.534186950000048, -8.383333451999931, 0.0 ], [ 116.533599934000108, -8.384003505999942, 0.0 ], [ 116.533076618000109, -8.384264791999954, 0.0 ], [ 116.532547553000086, -8.384528947999968, 0.0 ], [ 116.532999063000034, -8.385079365999957, 0.0 ], [ 116.533441020000055, -8.385618138999973, 0.0 ], [ 116.534170394000057, -8.385880249999957, 0.0 ], [ 116.534101759, -8.386258904999977, 0.0 ], [ 116.532156900000018, -8.386478777999969, 0.0 ], [ 116.531597376000036, -8.386248956999964, 0.0 ], [ 116.531095038000103, -8.386882926999931, 0.0 ], [ 116.530982325000082, -8.387286791999941, 0.0 ], [ 116.530094617000032, -8.388367013999925, 0.0 ], [ 116.529972976000067, -8.388515034999955, 0.0 ], [ 116.530029057000093, -8.388555761999953, 0.0 ], [ 116.530659461000027, -8.389013567999939, 0.0 ], [ 116.530359701000066, -8.389666084999931, 0.0 ], [ 116.530562197000108, -8.390211473999955, 0.0 ], [ 116.530456465000043, -8.39094268499997, 0.0 ], [ 116.529855083000029, -8.391420603999961, 0.0 ], [ 116.528965631, -8.391634928999963, 0.0 ], [ 116.528557544000023, -8.391251531999956, 0.0 ], [ 116.527812283000117, -8.391466025999932, 0.0 ], [ 116.526946948000045, -8.391608580999957, 0.0 ], [ 116.526081205000082, -8.392086176999953, 0.0 ], [ 116.526040547000093, -8.392131226999936, 0.0 ], [ 116.525455523, -8.392779446999953, 0.0 ], [ 116.525502077000056, -8.394023957999934, 0.0 ], [ 116.525789625000016, -8.394718326999964, 0.0 ], [ 116.526293582000108, -8.395317228999943, 0.0 ], [ 116.527014209000072, -8.395605275999969, 0.0 ], [ 116.527686627000094, -8.396012923999933, 0.0 ], [ 116.528023516000076, -8.395654349999973, 0.0 ], [ 116.528288220000036, -8.395367483999962, 0.0 ], [ 116.52857667, -8.395319965999931, 0.0 ], [ 116.528624590000049, -8.39543968199996, 0.0 ], [ 116.528576207000015, -8.395702874999927, 0.0 ], [ 116.529512841000042, -8.396230493999951, 0.0 ], [ 116.52948751200006, -8.397307395999974, 0.0 ], [ 116.530976500000065, -8.398170716999971, 0.0 ], [ 116.532082405000097, -8.397836986999948, 0.0 ], [ 116.532227317000093, -8.397238862999927, 0.0 ], [ 116.53304468400006, -8.397024446999978, 0.0 ], [ 116.533933922000074, -8.397001566999961, 0.0 ], [ 116.534343103000083, -8.39647555099998, 0.0 ], [ 116.535450252000032, -8.395088810999937, 0.0 ], [ 116.535379179000074, -8.394227179999973, 0.0 ], [ 116.53441847900001, -8.39372347799997, 0.0 ], [ 116.534220960000084, -8.393741538999961, 0.0 ], [ 116.533384972000022, -8.393817982999963, 0.0 ], [ 116.534010671000033, -8.393100766999964, 0.0 ], [ 116.534900153000081, -8.392862499999978, 0.0 ], [ 116.535072124000067, -8.392720132999955, 0.0 ], [ 116.535333162000029, -8.392504031999977, 0.0 ], [ 116.535935535000021, -8.391188489999934, 0.0 ], [ 116.535934114000042, -8.392385080999929, 0.0 ], [ 116.536486318000016, -8.392840435999972, 0.0 ], [ 116.537087921000079, -8.392171049999945, 0.0 ], [ 116.538236874000063, -8.392859370999929, 0.0 ], [ 116.538288692000037, -8.392890414999954, 0.0 ], [ 116.53855021600009, -8.392361112999936, 0.0 ], [ 116.538915029, -8.391622759999962, 0.0 ], [ 116.539147470000103, -8.392286596999952, 0.0 ], [ 116.539418015000024, -8.393059258999926, 0.0 ], [ 116.539513666000062, -8.393466211999964, 0.0 ], [ 116.539657156000089, -8.39406467699996, 0.0 ], [ 116.539032115000055, -8.394231469999966, 0.0 ], [ 116.538575384000069, -8.394326661999969, 0.0 ], [ 116.538598909000029, -8.394757462999962, 0.0 ], [ 116.538911049000035, -8.39499714699997, 0.0 ], [ 116.538958577000017, -8.395451907999927, 0.0 ], [ 116.539102095000089, -8.396026440999947, 0.0 ], [ 116.538475328000118, -8.395897701999957, 0.0 ], [ 116.538138250000088, -8.396423808999941, 0.0 ], [ 116.537752736000016, -8.39726097099998, 0.0 ], [ 116.537895969000033, -8.398074821999955, 0.0 ], [ 116.53823090100002, -8.399367534999953, 0.0 ], [ 116.538134373000048, -8.39970246799993, 0.0 ], [ 116.538085826000042, -8.400109252999926, 0.0 ], [ 116.537810816000047, -8.400188776999926, 0.0 ], [ 116.537508839000111, -8.400276098999939, 0.0 ], [ 116.537172153000029, -8.400467157999969, 0.0 ], [ 116.536811660000012, -8.400466733999963, 0.0 ], [ 116.536475229000075, -8.400442406999957, 0.0 ], [ 116.536519915000099, -8.399858345999974, 0.0 ], [ 116.536548463000031, -8.399485217999938, 0.0 ], [ 116.535443211000029, -8.399268529999972, 0.0 ], [ 116.535458207000033, -8.399765235999951, 0.0 ], [ 116.535466333000045, -8.400034375999951, 0.0 ], [ 116.535004722000053, -8.400722114999951, 0.0 ], [ 116.534985781000046, -8.400750334999941, 0.0 ], [ 116.534984822000069, -8.400751763999949, 0.0 ], [ 116.53402402100005, -8.400319854999964, 0.0 ], [ 116.53337387800002, -8.401372085999981, 0.0 ], [ 116.534094722000077, -8.401492598999937, 0.0 ], [ 116.534839513000065, -8.401684933999945, 0.0 ], [ 116.535090058000037, -8.401858095999955, 0.0 ], [ 116.53577602900009, -8.402332197999954, 0.0 ], [ 116.5358415930001, -8.402364938999938, 0.0 ], [ 116.535977343000013, -8.402432728999941, 0.0 ], [ 116.536304441000084, -8.402596070999948, 0.0 ], [ 116.537073524000107, -8.40257304499994, 0.0 ], [ 116.53774636300011, -8.402645629999938, 0.0 ], [ 116.538298895000025, -8.402837732999956, 0.0 ], [ 116.53791405700008, -8.403100532999929, 0.0 ], [ 116.537481348000028, -8.403195751999931, 0.0 ], [ 116.537096820000102, -8.403195299999936, 0.0 ], [ 116.536688259000016, -8.403194818999964, 0.0 ], [ 116.536303703000044, -8.403218297999956, 0.0 ], [ 116.535870995000096, -8.403313515999969, 0.0 ], [ 116.535630038000022, -8.403839732999927, 0.0 ], [ 116.536831832000075, -8.403721488999963, 0.0 ], [ 116.536555342000042, -8.404186169999946, 0.0 ], [ 116.536518778000072, -8.404247620999968, 0.0 ], [ 116.536037804000102, -8.404510303999928, 0.0 ], [ 116.535557114000085, -8.404533669999978, 0.0 ], [ 116.535604411, -8.405179884999939, 0.0 ], [ 116.536036894000063, -8.405276122999965, 0.0 ], [ 116.536829702000091, -8.405516374999934, 0.0 ], [ 116.536300576000031, -8.405850796999971, 0.0 ], [ 116.535747128000025, -8.406424508999976, 0.0 ], [ 116.5354821950001, -8.406902832999947, 0.0 ], [ 116.535264953000024, -8.407692327999939, 0.0 ], [ 116.535697867000067, -8.407429587999957, 0.0 ], [ 116.536082712000052, -8.407166791999941, 0.0 ], [ 116.536515537000014, -8.406975846999956, 0.0 ], [ 116.536875866000059, -8.407119861999945, 0.0 ], [ 116.536995521000108, -8.407550775999937, 0.0 ], [ 116.53733735600008, -8.407284879999963, 0.0 ], [ 116.537580009000067, -8.407134256999939, 0.0 ], [ 116.537898348000112, -8.407059176999951, 0.0 ], [ 116.537702785000079, -8.407310374999952, 0.0 ], [ 116.537552045000098, -8.407657080999968, 0.0 ], [ 116.537732933000029, -8.40801886099996, 0.0 ], [ 116.538004268, -8.407853043999978, 0.0 ], [ 116.538803199000085, -8.407310374999952, 0.0 ], [ 116.539074207000112, -8.406823462999967, 0.0 ], [ 116.539548032000084, -8.407033540999976, 0.0 ], [ 116.539953234000109, -8.407250613999963, 0.0 ], [ 116.540064072000064, -8.407721680999941, 0.0 ], [ 116.540069005000078, -8.407742645999974, 0.0 ], [ 116.53998217700007, -8.408451748999937, 0.0 ], [ 116.539880875000108, -8.409508166999956, 0.0 ], [ 116.539634860000092, -8.410246213999926, 0.0 ], [ 116.539171772000032, -8.411273687999937, 0.0 ], [ 116.539287544000103, -8.411867019999931, 0.0 ], [ 116.539094188000036, -8.412572772999965, 0.0 ], [ 116.538998115000027, -8.412923439999929, 0.0 ], [ 116.538893969000014, -8.413522278999949, 0.0 ], [ 116.538882343000068, -8.413589128999945, 0.0 ], [ 116.538723157000049, -8.414283759999932, 0.0 ], [ 116.538853399000118, -8.415094163999981, 0.0 ], [ 116.538694214000088, -8.416222940999944, 0.0 ], [ 116.539692747000117, -8.416367655999977, 0.0 ], [ 116.53932510900006, -8.416760099999976, 0.0 ], [ 116.538728239000079, -8.417726459999926, 0.0 ], [ 116.539182998000115, -8.418067527999938, 0.0 ], [ 116.539040886000066, -8.418749662999971, 0.0 ], [ 116.53815979400008, -8.418323328999975, 0.0 ], [ 116.537079745000028, -8.419403376999981, 0.0 ], [ 116.53687220200004, -8.419479475999935, 0.0 ], [ 116.536227075000056, -8.419716022999978, 0.0 ], [ 116.535942853000051, -8.419914978999941, 0.0 ], [ 116.535374407000063, -8.420199200999946, 0.0 ], [ 116.533812176000083, -8.421497746999933, 0.0 ], [ 116.532282699, -8.42213191999997, 0.0 ], [ 116.532245396, -8.423139135999975, 0.0 ], [ 116.53187235300004, -8.424109045999955, 0.0 ], [ 116.531573918000049, -8.424556697999947, 0.0 ], [ 116.531238180000059, -8.425228176999951, 0.0 ], [ 116.531014354000035, -8.426011565999943, 0.0 ], [ 116.530678616000046, -8.426869565999937, 0.0 ], [ 116.530492093000021, -8.427727563999952, 0.0 ], [ 116.530977050000047, -8.428324431999954, 0.0 ], [ 116.530529398000112, -8.42914512699997, 0.0 ], [ 116.530715920000034, -8.429816603999939, 0.0 ], [ 116.531126266000115, -8.430711906999932, 0.0 ], [ 116.531200876000071, -8.431532601999947, 0.0 ], [ 116.530604007000079, -8.432390600999952, 0.0 ], [ 116.530156355000031, -8.433136686999944, 0.0 ], [ 116.529708703000097, -8.434031988999948, 0.0 ], [ 116.529223748000049, -8.435001899999975, 0.0 ], [ 116.529372964000117, -8.435934508999935, 0.0 ], [ 116.529559486000039, -8.436680594999928, 0.0 ], [ 116.52967572700004, -8.437281168999959, 0.0 ], [ 116.529783312000063, -8.437837026999944, 0.0 ], [ 116.529650226000058, -8.438183050999953, 0.0 ], [ 116.529596790000028, -8.43832198399997, 0.0 ], [ 116.529410270000085, -8.438844243999938, 0.0 ], [ 116.529372965000107, -8.440411024999946, 0.0 ], [ 116.529410268000106, -8.441380935999973, 0.0 ], [ 116.529596790000028, -8.442388152999968, 0.0 ], [ 116.529186444000061, -8.442910412999936, 0.0 ], [ 116.529335660000015, -8.444253366999931, 0.0 ], [ 116.529484877000073, -8.444887539999968, 0.0 ], [ 116.529895224000029, -8.445409798999947, 0.0 ], [ 116.530230963, -8.445596320999925, 0.0 ], [ 116.531088963000116, -8.444887539999968, 0.0 ], [ 116.532021569000108, -8.444402583999931, 0.0 ], [ 116.532096178000074, -8.444029539999974, 0.0 ], [ 116.532090129000039, -8.444024355999943, 0.0 ], [ 116.531835049000051, -8.443805714999939, 0.0 ], [ 116.532113417, -8.442862933999947, 0.0 ], [ 116.532525319000115, -8.44209529799997, 0.0 ], [ 116.533143172000109, -8.440859594999949, 0.0 ], [ 116.533704856000099, -8.439567720999946, 0.0 ], [ 116.53417292600011, -8.438200957999982, 0.0 ], [ 116.534603549000053, -8.437339708999957, 0.0 ], [ 116.535408631000109, -8.436403567999946, 0.0 ], [ 116.536213711000073, -8.435429982999949, 0.0 ], [ 116.536756671000035, -8.434643624999978, 0.0 ], [ 116.537692811000056, -8.433670037999946, 0.0 ], [ 116.538348110000015, -8.432790067999974, 0.0 ], [ 116.538554060000024, -8.431910095999967, 0.0 ], [ 116.539508924000074, -8.431217351999976, 0.0 ], [ 116.540257835000034, -8.43127352099998, 0.0 ], [ 116.540875687000039, -8.431479471999978, 0.0 ], [ 116.541399927000043, -8.43183520499997, 0.0 ], [ 116.540988025000047, -8.432509225999979, 0.0 ], [ 116.540351450000117, -8.432808790999957, 0.0 ], [ 116.539228082000022, -8.433295582999961, 0.0 ], [ 116.538366832000065, -8.434063217999949, 0.0 ], [ 116.537861317000079, -8.434699793999926, 0.0 ], [ 116.537636643000042, -8.436197616999948, 0.0 ], [ 116.536831563000078, -8.436927805999971, 0.0 ], [ 116.535670749000019, -8.437657995999928, 0.0 ], [ 116.535183956000083, -8.438519244999952, 0.0 ], [ 116.534978007000063, -8.439511551999942, 0.0 ], [ 116.534509935000074, -8.440466415999936, 0.0 ], [ 116.534004420000088, -8.441290218999939, 0.0 ], [ 116.533442737000087, -8.442638260999956, 0.0 ], [ 116.533817193000118, -8.44368673699995, 0.0 ], [ 116.53312444900007, -8.444379480999942, 0.0 ], [ 116.533087003000105, -8.445839859999978, 0.0 ], [ 116.533255509000014, -8.446476434999965, 0.0 ], [ 116.532618932000105, -8.447506188999967, 0.0 ], [ 116.53215866100004, -8.447744259999979, 0.0 ], [ 116.53207597200003, -8.447787030999962, 0.0 ], [ 116.531345782000017, -8.448142762999964, 0.0 ], [ 116.531602772000042, -8.44880739499996, 0.0 ], [ 116.531888743000081, -8.449546973999929, 0.0 ], [ 116.531364505000056, -8.450146103999941, 0.0 ], [ 116.531121109000082, -8.450895014999958, 0.0 ], [ 116.531533010000089, -8.451831155999969, 0.0 ], [ 116.531458120000025, -8.45252389999996, 0.0 ], [ 116.531308337000041, -8.453010691999964, 0.0 ], [ 116.531064940000078, -8.453403870999978, 0.0 ], [ 116.531252168000037, -8.454246395999974, 0.0 ], [ 116.531214724000051, -8.455238704999942, 0.0 ], [ 116.531269433000034, -8.455982757999948, 0.0 ], [ 116.531308337000041, -8.456511854999974, 0.0 ], [ 116.531233446000101, -8.457073538999964, 0.0 ], [ 116.531327059000091, -8.457579055999929, 0.0 ], [ 116.531944912000085, -8.458440303999964, 0.0 ], [ 116.532281924000017, -8.45928282999995, 0.0 ], [ 116.532506595000086, -8.460200246999932, 0.0 ], [ 116.532699464000075, -8.46077885099993, 0.0 ], [ 116.532768715000088, -8.46098660499996, 0.0 ], [ 116.53293722, -8.461660624999979, 0.0 ], [ 116.532956781000053, -8.461782871999958, 0.0 ], [ 116.533012112000051, -8.462128695999979, 0.0 ], [ 116.533255508000025, -8.462540596999929, 0.0 ], [ 116.533592519000081, -8.463195894999956, 0.0 ], [ 116.533386568000083, -8.463720132999981, 0.0 ], [ 116.533498905000101, -8.464169480999942, 0.0 ], [ 116.533480182000062, -8.464450322999937, 0.0 ], [ 116.533442737000087, -8.464843499999972, 0.0 ], [ 116.533742302000064, -8.465012006999928, 0.0 ], [ 116.534191648000046, -8.465217956999936, 0.0 ], [ 116.534247816000061, -8.465611136999939, 0.0 ], [ 116.53436015300008, -8.466135374999965, 0.0 ], [ 116.53461307300006, -8.466549881999981, 0.0 ], [ 116.535034175000078, -8.467240019999963, 0.0 ], [ 116.535315016000027, -8.467445970999961, 0.0 ], [ 116.535614580000015, -8.467764257999931, 0.0 ], [ 116.536969754000097, -8.468619190999959, 0.0 ], [ 116.536499873000025, -8.468826461999981, 0.0 ], [ 116.536054511000088, -8.46907125499996, 0.0 ], [ 116.535241434000113, -8.469518160999939, 0.0 ], [ 116.535353635000092, -8.470606351999947, 0.0 ], [ 116.535998841000037, -8.471295894999969, 0.0 ], [ 116.536340720000112, -8.471661265999956, 0.0 ], [ 116.537017762, -8.472573798999974, 0.0 ], [ 116.53703766000001, -8.47260198999993, 0.0 ], [ 116.537729612000021, -8.47358225399995, 0.0 ], [ 116.538322820000076, -8.47426444499996, 0.0 ], [ 116.539093994000041, -8.475243239999941, 0.0 ], [ 116.539918563000015, -8.475991927999928, 0.0 ], [ 116.539872556000091, -8.477241827999933, 0.0 ], [ 116.539865787000053, -8.477291663999949, 0.0 ], [ 116.53970589100004, -8.478487472999973, 0.0 ], [ 116.539938953000046, -8.478878301999941, 0.0 ], [ 116.54020325800002, -8.479322915999944, 0.0 ], [ 116.540478335000103, -8.480178709999961, 0.0 ], [ 116.540608691000102, -8.480707809999956, 0.0 ], [ 116.540792726000063, -8.481344261999936, 0.0 ], [ 116.540946090000034, -8.481812016999982, 0.0 ], [ 116.541229808000026, -8.482080399999973, 0.0 ], [ 116.541536532, -8.481420943999979, 0.0 ], [ 116.541720568000073, -8.481781343999955, 0.0 ], [ 116.541597876000083, -8.482095735999962, 0.0 ], [ 116.541557041000033, -8.48259122199994, 0.0 ], [ 116.541494368000031, -8.48335164599996, 0.0 ], [ 116.541482855000027, -8.483491329999936, 0.0 ], [ 116.541421512000056, -8.483920743999931, 0.0 ], [ 116.541482853000048, -8.484373145999939, 0.0 ], [ 116.541514570000118, -8.484432430999959, 0.0 ], [ 116.541517368000086, -8.484437660999959, 0.0 ], [ 116.541691121000099, -8.484772923999969, 0.0 ], [ 116.541953973000091, -8.485250411999971, 0.0 ], [ 116.542270090000102, -8.485818896999945, 0.0 ], [ 116.542433733000053, -8.486113184999965, 0.0 ], [ 116.542826078000076, -8.487104749999958, 0.0 ], [ 116.542983053000057, -8.487450194999951, 0.0 ], [ 116.543091603000107, -8.487722990999941, 0.0 ], [ 116.543179898000062, -8.48790439499993, 0.0 ], [ 116.543266809000102, -8.488200986999971, 0.0 ], [ 116.543312637000099, -8.488354166999954, 0.0 ], [ 116.543631652000045, -8.489083207999954, 0.0 ], [ 116.543815049000045, -8.48965540599994, 0.0 ], [ 116.544060241000011, -8.490041769999948, 0.0 ], [ 116.544070325, -8.49012907499997, 0.0 ], [ 116.544119483000031, -8.490554673999952, 0.0 ], [ 116.543581790000076, -8.489847539999971, 0.0 ], [ 116.543384103000108, -8.48931362299993, 0.0 ], [ 116.543064071000117, -8.488782637999975, 0.0 ], [ 116.542853864000108, -8.488135843999942, 0.0 ], [ 116.542774302000112, -8.487891030999947, 0.0 ], [ 116.542529647000038, -8.487344655999948, 0.0 ], [ 116.542475198000034, -8.48723087999997, 0.0 ], [ 116.542262722000032, -8.486786890999952, 0.0 ], [ 116.541920381000068, -8.486497626999949, 0.0 ], [ 116.541453913000055, -8.486458026999969, 0.0 ], [ 116.540735299000062, -8.486662416999934, 0.0 ], [ 116.540448240000046, -8.486544719999927, 0.0 ], [ 116.540188916000034, -8.486440389999927, 0.0 ], [ 116.540027874000089, -8.486221193999938, 0.0 ], [ 116.539817671000037, -8.486126123999952, 0.0 ], [ 116.539468457000112, -8.485932941999977, 0.0 ], [ 116.539148966000084, -8.48556143899998, 0.0 ], [ 116.53829505300007, -8.485130167999955, 0.0 ], [ 116.537284277000026, -8.483978764999961, 0.0 ], [ 116.536879014000078, -8.483303866999961, 0.0 ], [ 116.53585849500007, -8.482769881999957, 0.0 ], [ 116.535612253000068, -8.483250686999952, 0.0 ], [ 116.535449161000088, -8.483631062999962, 0.0 ], [ 116.535286421000023, -8.484133419999978, 0.0 ], [ 116.535129297000026, -8.485048763999941, 0.0 ], [ 116.534520031000056, -8.485182505999944, 0.0 ], [ 116.534103948000052, -8.485769479999931, 0.0 ], [ 116.533933057000013, -8.48622271499994, 0.0 ], [ 116.533990446000075, -8.486416405999933, 0.0 ], [ 116.533991471000036, -8.486419865999949, 0.0 ], [ 116.53397763800001, -8.487374375999934, 0.0 ], [ 116.533848202000058, -8.487704128999951, 0.0 ], [ 116.533847985000079, -8.487704681999958, 0.0 ], [ 116.533744623000075, -8.487964372999954, 0.0 ], [ 116.533674732, -8.488166845999956, 0.0 ], [ 116.533431683000117, -8.488643927999931, 0.0 ], [ 116.532900275000088, -8.488496316999942, 0.0 ], [ 116.532399550000036, -8.48830486199995, 0.0 ], [ 116.53185, -8.4877, 0.0 ], [ 116.530366700000059, -8.487633333999952, 0.0 ], [ 116.529383302000042, -8.487483333999933, 0.0 ], [ 116.528417719000117, -8.487214836999954, 0.0 ], [ 116.527268969000033, -8.487644259999968, 0.0 ], [ 116.526524658000085, -8.487960790999978, 0.0 ], [ 116.525918722000029, -8.48821847399995, 0.0 ], [ 116.525924365000037, -8.48945654399995, 0.0 ], [ 116.525671144000057, -8.489961054999981, 0.0 ], [ 116.525052864000031, -8.490679101999945, 0.0 ], [ 116.524387269000044, -8.490851601999964, 0.0 ], [ 116.523321764000116, -8.491324705999943, 0.0 ], [ 116.521584469000118, -8.492130635999956, 0.0 ], [ 116.521383696000044, -8.492238136999958, 0.0 ], [ 116.520529943000042, -8.492695258999959, 0.0 ], [ 116.520009400000049, -8.493142706999947, 0.0 ], [ 116.519323400000076, -8.493508128999963, 0.0 ], [ 116.518588377000015, -8.493891709999957, 0.0 ], [ 116.518057804000023, -8.494183821999968, 0.0 ], [ 116.51703142000008, -8.49469690199993, 0.0 ], [ 116.515524257000038, -8.495305863999931, 0.0 ], [ 116.514931396000065, -8.49554902999995, 0.0 ], [ 116.514412703000062, -8.495619071999954, 0.0 ], [ 116.51374368200004, -8.496119964999934, 0.0 ], [ 116.513578152000036, -8.496243898999978, 0.0 ], [ 116.513491399000031, -8.496119649999969, 0.0 ], [ 116.513148295000065, -8.495628241999952, 0.0 ], [ 116.512492512000108, -8.494688998999948, 0.0 ], [ 116.511893863000068, -8.494142434999958, 0.0 ], [ 116.511393807000104, -8.493685881999966, 0.0 ], [ 116.510666655000023, -8.492897674999938, 0.0 ], [ 116.510434464000014, -8.492531515999929, 0.0 ], [ 116.510098554000024, -8.492001798999979, 0.0 ], [ 116.509655186000032, -8.491486094999971, 0.0 ], [ 116.508755, -8.490778137999939, 0.0 ], [ 116.507506730000046, -8.490966903999947, 0.0 ], [ 116.50673761500002, -8.490948757999945, 0.0 ], [ 116.505933573000107, -8.491371249999929, 0.0 ], [ 116.505421180000099, -8.491505136999933, 0.0 ], [ 116.504959533000033, -8.491642884999976, 0.0 ], [ 116.504560859000094, -8.491761842999949, 0.0 ], [ 116.503379231000054, -8.49236429299998, 0.0 ], [ 116.503751880000095, -8.493440108999948, 0.0 ], [ 116.503956602000017, -8.494031123999946, 0.0 ], [ 116.504307742000037, -8.49507459199998, 0.0 ], [ 116.504320008000036, -8.495208433999949, 0.0 ], [ 116.504369257, -8.495746027999928, 0.0 ], [ 116.504629162000015, -8.496496294999929, 0.0 ], [ 116.504727943000034, -8.496951613999954, 0.0 ], [ 116.504862935, -8.497598852999943, 0.0 ], [ 116.504932113000109, -8.498362352999948, 0.0 ], [ 116.505043107, -8.498992881999925, 0.0 ], [ 116.504909327000064, -8.500240266999981, 0.0 ], [ 116.505124834000071, -8.501124715999936, 0.0 ], [ 116.505370048000032, -8.501769916999933, 0.0 ], [ 116.505381747000115, -8.501877071999957, 0.0 ], [ 116.505398743000114, -8.501920832999929, 0.0 ], [ 116.50553526300007, -8.502272345999927, 0.0 ], [ 116.505548403000034, -8.502306177999969, 0.0 ], [ 116.505823906000046, -8.50301554899994, 0.0 ], [ 116.505976646000022, -8.50373815699993, 0.0 ], [ 116.506139600000097, -8.504460242999926, 0.0 ], [ 116.506312992000062, -8.504908856999975, 0.0 ], [ 116.506472698000039, -8.505322057999933, 0.0 ], [ 116.506550112000014, -8.505522371999973, 0.0 ], [ 116.506586131000063, -8.505584824999971, 0.0 ], [ 116.507017023000117, -8.506332037999925, 0.0 ], [ 116.507105024000111, -8.506663860999936, 0.0 ], [ 116.507128160000093, -8.50675113099993, 0.0 ], [ 116.507440631, -8.507597958999952, 0.0 ], [ 116.507937461000097, -8.508991616999936, 0.0 ], [ 116.508202853000057, -8.510335937999969, 0.0 ], [ 116.5082737890001, -8.511040696999942, 0.0 ], [ 116.507999497000014, -8.51238247799995, 0.0 ], [ 116.507988603000058, -8.513361098999951, 0.0 ], [ 116.507959902000039, -8.514381757999956, 0.0 ], [ 116.507983624000076, -8.515193271999976, 0.0 ], [ 116.508048720000033, -8.516326988999936, 0.0 ], [ 116.508038361000104, -8.516845115999956, 0.0 ], [ 116.508094323000023, -8.517035705999945, 0.0 ], [ 116.508166254000116, -8.517280681999978, 0.0 ], [ 116.508279842000093, -8.517667522999943, 0.0 ], [ 116.508361966000052, -8.51794721999994, 0.0 ], [ 116.508479934000093, -8.518348988999946, 0.0 ], [ 116.508050190000063, -8.519189571999959, 0.0 ], [ 116.507650420000118, -8.519193453999947, 0.0 ], [ 116.507170351000013, -8.519282256999929, 0.0 ], [ 116.506272673000012, -8.519446467999956, 0.0 ], [ 116.50614138800006, -8.519467735999967, 0.0 ], [ 116.505418996000117, -8.519584764999934, 0.0 ], [ 116.505356566000046, -8.519594878999953, 0.0 ], [ 116.504655128000081, -8.519549830999949, 0.0 ], [ 116.5040592040001, -8.519525956999928, 0.0 ], [ 116.502442318000021, -8.519432626999958, 0.0 ], [ 116.501389092000068, -8.519607277999967, 0.0 ], [ 116.500379348000024, -8.51982878299998, 0.0 ], [ 116.499542216, -8.520033794999961, 0.0 ], [ 116.49879364200001, -8.52025294699996, 0.0 ], [ 116.498145706000059, -8.520818565999946, 0.0 ], [ 116.497934850000092, -8.520385524999938, 0.0 ], [ 116.497705578000023, -8.520101598999929, 0.0 ], [ 116.497404757000027, -8.519729069999926, 0.0 ], [ 116.497322586000109, -8.51962731499998, 0.0 ], [ 116.496999876000018, -8.519095663999963, 0.0 ], [ 116.496934982000084, -8.518976581999937, 0.0 ], [ 116.496783746, -8.518699057999982, 0.0 ], [ 116.496755029000042, -8.518652793999934, 0.0 ], [ 116.496681833000025, -8.518515633999925, 0.0 ], [ 116.496586842000056, -8.518337620999944, 0.0 ], [ 116.496363866000024, -8.517919770999981, 0.0 ], [ 116.49589375100004, -8.517118011999969, 0.0 ], [ 116.495750463000036, -8.516873640999961, 0.0 ], [ 116.495517454000037, -8.516434143999959, 0.0 ], [ 116.495389728000077, -8.516159091999953, 0.0 ], [ 116.495127712000112, -8.515594853999971, 0.0 ], [ 116.495090403000063, -8.515458055999943, 0.0 ], [ 116.495065220000015, -8.515365727999949, 0.0 ], [ 116.494920342000114, -8.514834513999972, 0.0 ], [ 116.494866866000052, -8.514657708999948, 0.0 ], [ 116.494692980000082, -8.514082782999935, 0.0 ], [ 116.494375214000115, -8.513596549999932, 0.0 ], [ 116.494038381000109, -8.513132864999932, 0.0 ], [ 116.493723406000072, -8.512759672999948, 0.0 ], [ 116.493382333000113, -8.512297115999957, 0.0 ], [ 116.492630999000085, -8.512058288999981, 0.0 ], [ 116.492018148000056, -8.512052093999955, 0.0 ], [ 116.491470262, -8.511938523999959, 0.0 ], [ 116.490201613000067, -8.512489003999974, 0.0 ], [ 116.489502068000093, -8.51286932499994, 0.0 ], [ 116.488685671000098, -8.513057307999929, 0.0 ], [ 116.487885389000098, -8.513176334999969, 0.0 ], [ 116.48721080100006, -8.513356047999935, 0.0 ], [ 116.487209420000113, -8.51362555999998, 0.0 ], [ 116.487203481000051, -8.514786594999975, 0.0 ], [ 116.487213089000079, -8.514831519999973, 0.0 ], [ 116.487220870000101, -8.514867902999981, 0.0 ], [ 116.487651666000033, -8.515706014999978, 0.0 ], [ 116.487922240000103, -8.516239300999928, 0.0 ], [ 116.487648334000028, -8.516096126999969, 0.0 ], [ 116.487294711000118, -8.515911290999952, 0.0 ], [ 116.487225933000104, -8.515875341999958, 0.0 ], [ 116.486976076000019, -8.515848865999942, 0.0 ], [ 116.486503145000029, -8.515798749999931, 0.0 ], [ 116.486208407000049, -8.515435436999951, 0.0 ], [ 116.486046459000022, -8.515235804999975, 0.0 ], [ 116.486012791, -8.515041880999945, 0.0 ], [ 116.48596594300011, -8.514772025999946, 0.0 ], [ 116.485014847000116, -8.514873990999945, 0.0 ], [ 116.484578340000098, -8.514962661999959, 0.0 ], [ 116.48389153100004, -8.51521824799994, 0.0 ], [ 116.483024990000104, -8.515351476999967, 0.0 ], [ 116.483096757000112, -8.515963932999966, 0.0 ], [ 116.483138594000025, -8.516138445999957, 0.0 ], [ 116.48321911700009, -8.51647440499994, 0.0 ], [ 116.483233105000068, -8.517406777999952, 0.0 ], [ 116.48319256700006, -8.517726424999978, 0.0 ], [ 116.483099357000015, -8.517747887999974, 0.0 ], [ 116.482612666000023, -8.517859950999934, 0.0 ], [ 116.48236527600011, -8.517951553999978, 0.0 ], [ 116.482198495000034, -8.518013307999979, 0.0 ], [ 116.481523672000094, -8.518198326999936, 0.0 ], [ 116.4810169000001, -8.518274300999963, 0.0 ], [ 116.480283849000102, -8.518467760999954, 0.0 ], [ 116.479192129000012, -8.51892569599994, 0.0 ], [ 116.47866978400009, -8.519273594999959, 0.0 ], [ 116.477778195000042, -8.520406961999981, 0.0 ], [ 116.476886133000107, -8.520307042999946, 0.0 ], [ 116.476557515000081, -8.519719300999952, 0.0 ], [ 116.476009246000103, -8.51913848099997, 0.0 ], [ 116.475854873000117, -8.519053424999981, 0.0 ], [ 116.475847059000102, -8.519049119999977, 0.0 ], [ 116.475324264000051, -8.518761076999965, 0.0 ], [ 116.474811336000016, -8.51857502699994, 0.0 ], [ 116.474784482000018, -8.518546213999969, 0.0 ], [ 116.474780524000039, -8.518541966999976, 0.0 ], [ 116.474217457, -8.517937855999946, 0.0 ], [ 116.473599879000062, -8.517152930999941, 0.0 ], [ 116.473550899000088, -8.517112676999943, 0.0 ], [ 116.473257825000019, -8.516871813999956, 0.0 ], [ 116.473028285000055, -8.516582048999965, 0.0 ], [ 116.472919699000045, -8.516444972999977, 0.0 ], [ 116.472551311000075, -8.515896243999975, 0.0 ], [ 116.472418025000024, -8.515697708999937, 0.0 ], [ 116.472162864000097, -8.515371064999954, 0.0 ], [ 116.4719678780001, -8.515121454999928, 0.0 ], [ 116.471801113000083, -8.514624626999932, 0.0 ], [ 116.471650035000039, -8.514195747999963, 0.0 ], [ 116.471552523000014, -8.513918936999971, 0.0 ], [ 116.47099899400007, -8.513987570999973, 0.0 ], [ 116.470617124000114, -8.514126336999936, 0.0 ], [ 116.470438121000029, -8.514191384999947, 0.0 ], [ 116.469702716000029, -8.51380536399995, 0.0 ], [ 116.469148976000042, -8.513353988999938, 0.0 ], [ 116.469115765000083, -8.513326917999962, 0.0 ], [ 116.468393544000037, -8.513308231999929, 0.0 ], [ 116.467911369000035, -8.513357274999976, 0.0 ], [ 116.467278307000015, -8.513251560999947, 0.0 ], [ 116.467174472000011, -8.513187108999944, 0.0 ], [ 116.467121016000078, -8.513140147999934, 0.0 ], [ 116.466711766000117, -8.512886290999973, 0.0 ], [ 116.466644758000029, -8.512866303999942, 0.0 ], [ 116.466410199000052, -8.512736086999951, 0.0 ], [ 116.46585962100005, -8.512437607999971, 0.0 ], [ 116.465497607000088, -8.51238184999994, 0.0 ], [ 116.464504425000086, -8.51256727599997, 0.0 ], [ 116.463769297000113, -8.512704524999947, 0.0 ], [ 116.463134790000026, -8.51274559899997, 0.0 ], [ 116.462493677000111, -8.512786718999962, 0.0 ], [ 116.461956411000074, -8.512891571999944, 0.0 ], [ 116.461051094000027, -8.513015603999975, 0.0 ], [ 116.46071495800004, -8.513061653999955, 0.0 ], [ 116.459855507000043, -8.513190797999926, 0.0 ], [ 116.459048048000113, -8.513387038999952, 0.0 ], [ 116.45853197800011, -8.513292913999976, 0.0 ], [ 116.457495984000047, -8.513103957999931, 0.0 ], [ 116.456923329, -8.51322063799995, 0.0 ], [ 116.456360027000073, -8.513411263999956, 0.0 ], [ 116.455673521000108, -8.513345232999939, 0.0 ], [ 116.45524337300003, -8.513284952999982, 0.0 ], [ 116.455146538, -8.51327138399995, 0.0 ], [ 116.454048913000065, -8.513566868999931, 0.0 ], [ 116.452967702000024, -8.513854266999942, 0.0 ], [ 116.452736729000094, -8.513893192999944, 0.0 ], [ 116.452281928000048, -8.513969840999948, 0.0 ], [ 116.451490395000064, -8.514038328999959, 0.0 ], [ 116.450817805000042, -8.514039824999941, 0.0 ], [ 116.450245034000091, -8.514013840999951, 0.0 ], [ 116.44933603000004, -8.514199645999952, 0.0 ], [ 116.448695051000072, -8.514195006999955, 0.0 ], [ 116.448050149000096, -8.51416487299997, 0.0 ], [ 116.447940304000099, -8.514763905999928, 0.0 ], [ 116.448102179000102, -8.515671486999963, 0.0 ], [ 116.448051578000104, -8.51590548799993, 0.0 ], [ 116.447960456000033, -8.516326880999941, 0.0 ], [ 116.447653068000022, -8.51712243299994, 0.0 ], [ 116.447546407000118, -8.517398482999965, 0.0 ], [ 116.447669, -8.518302303999974, 0.0 ], [ 116.447750647000021, -8.519049093999968, 0.0 ], [ 116.447679504, -8.51974486599994, 0.0 ], [ 116.447596003000058, -8.520561488999931, 0.0 ], [ 116.447613956000055, -8.521520892999945, 0.0 ], [ 116.447415108000087, -8.522861131999946, 0.0 ], [ 116.447115407000069, -8.524869748999947, 0.0 ], [ 116.44702690400004, -8.524926789999938, 0.0 ], [ 116.446525808000047, -8.525218280999979, 0.0 ], [ 116.446505343000013, -8.525262938999958, 0.0 ], [ 116.446288454000069, -8.525736216999974, 0.0 ], [ 116.446127431000036, -8.526059658999941, 0.0 ], [ 116.446039332000055, -8.526195213999927, 0.0 ], [ 116.445920416000035, -8.526630848999957, 0.0 ], [ 116.4458440410001, -8.527182675999939, 0.0 ], [ 116.445796004000044, -8.527677296999968, 0.0 ], [ 116.445641084000044, -8.527817506999952, 0.0 ], [ 116.445174961000021, -8.528239370999927, 0.0 ], [ 116.443607205000035, -8.528347280999981, 0.0 ], [ 116.442876821000027, -8.528487555999959, 0.0 ], [ 116.441513486000076, -8.528557332999981, 0.0 ], [ 116.440300231000037, -8.528999712999962, 0.0 ], [ 116.440260246000094, -8.529014291999943, 0.0 ], [ 116.43988357, -8.527907159999927, 0.0 ], [ 116.43971607800006, -8.52756446199993, 0.0 ], [ 116.439308216000086, -8.526729924999927, 0.0 ], [ 116.439024224000036, -8.526115346999973, 0.0 ], [ 116.438681753000083, -8.525374210999928, 0.0 ], [ 116.43824265100011, -8.523942139999974, 0.0 ], [ 116.438123803000053, -8.523145429999943, 0.0 ], [ 116.437920942, -8.522886831999926, 0.0 ], [ 116.437613120000037, -8.522639117999972, 0.0 ], [ 116.437614303000032, -8.522575228999926, 0.0 ], [ 116.437443005000091, -8.522437372999946, 0.0 ], [ 116.437459409000098, -8.522269113999926, 0.0 ], [ 116.437577819000012, -8.522104550999927, 0.0 ], [ 116.437691390000055, -8.522003352999945, 0.0 ], [ 116.437715141000012, -8.521779380999931, 0.0 ], [ 116.437673108000013, -8.521751858999949, 0.0 ], [ 116.437436068000011, -8.521596632999945, 0.0 ], [ 116.436825077000094, -8.521742827999958, 0.0 ], [ 116.436072490000015, -8.521922899999936, 0.0 ], [ 116.435822905, -8.522050177999972, 0.0 ], [ 116.435501511000098, -8.522214070999951, 0.0 ], [ 116.435318517000042, -8.522307387999945, 0.0 ], [ 116.434489205000091, -8.522527210999954, 0.0 ], [ 116.433147574000031, -8.522880837999935, 0.0 ], [ 116.431916429000012, -8.523046136999938, 0.0 ], [ 116.430954925000037, -8.523352563999936, 0.0 ], [ 116.430738770000062, -8.523499172999948, 0.0 ], [ 116.430300361000036, -8.523796526999945, 0.0 ], [ 116.430754796000087, -8.524693088999982, 0.0 ], [ 116.431645864000075, -8.526438159999941, 0.0 ], [ 116.43143990100009, -8.52735561999998, 0.0 ], [ 116.43142200300008, -8.527671887999929, 0.0 ], [ 116.431403166000109, -8.528004736999947, 0.0 ], [ 116.431916511000054, -8.529172416999927, 0.0 ], [ 116.432347833000108, -8.530408197999975, 0.0 ], [ 116.432795284, -8.532286883999973, 0.0 ], [ 116.432939832000102, -8.532893780999927, 0.0 ], [ 116.432998000000111, -8.533138, 0.0 ], [ 116.432081983000103, -8.533452514999965, 0.0 ], [ 116.431788930000039, -8.532539937999957, 0.0 ], [ 116.431670365000059, -8.532170721999933, 0.0 ], [ 116.43143826000005, -8.531476011999928, 0.0 ], [ 116.43156396400002, -8.53081379799994, 0.0 ], [ 116.431412999000031, -8.530362000999958, 0.0 ], [ 116.431184747000088, -8.530038740999942, 0.0 ], [ 116.430984174000059, -8.529649756999959, 0.0 ], [ 116.430825199000083, -8.529018452999935, 0.0 ], [ 116.430737443000112, -8.528471545999935, 0.0 ], [ 116.430591002000028, -8.527915, 0.0 ], [ 116.430423, -8.526773000999981, 0.0 ], [ 116.430529863000061, -8.526384027999939, 0.0 ], [ 116.430155789000082, -8.525921537999977, 0.0 ], [ 116.429916528000035, -8.525676175999934, 0.0 ], [ 116.429478961000086, -8.525227449999932, 0.0 ], [ 116.429232001000059, -8.524885, 0.0 ], [ 116.427909000000113, -8.524441, 0.0 ], [ 116.427349097000047, -8.524253500999976, 0.0 ], [ 116.426798251000037, -8.523706705999928, 0.0 ], [ 116.426239, -8.523381, 0.0 ], [ 116.425990490000117, -8.523383525999975, 0.0 ], [ 116.425343002000091, -8.523491000999968, 0.0 ], [ 116.424968596000099, -8.523713463999968, 0.0 ], [ 116.424622733000092, -8.523883809999973, 0.0 ], [ 116.423899, -8.524244, 0.0 ], [ 116.42330000100003, -8.524392000999967, 0.0 ], [ 116.422949315000096, -8.524307672999953, 0.0 ], [ 116.42256111800009, -8.524184971999944, 0.0 ], [ 116.421693, -8.524029, 0.0 ], [ 116.421309113, -8.524071190999962, 0.0 ], [ 116.420307812000033, -8.524110960999963, 0.0 ], [ 116.419908, -8.525968000999967, 0.0 ], [ 116.419884198000091, -8.526573697999936, 0.0 ], [ 116.419648491000089, -8.527542510999979, 0.0 ], [ 116.419704482000043, -8.528357902999971, 0.0 ], [ 116.41903292500001, -8.52900557199996, 0.0 ], [ 116.418921360000013, -8.529827166999951, 0.0 ], [ 116.418996464000088, -8.530421359999934, 0.0 ], [ 116.419587971000055, -8.531484802999955, 0.0 ], [ 116.419594197000038, -8.531557341999928, 0.0 ], [ 116.419634730000098, -8.531599736999965, 0.0 ], [ 116.420145789000117, -8.532855966999932, 0.0 ], [ 116.419161, -8.533027, 0.0 ], [ 116.41817499900003, -8.53288, 0.0 ], [ 116.417851001000031, -8.533045, 0.0 ], [ 116.417513001000088, -8.532987, 0.0 ], [ 116.417146000000116, -8.533067000999949, 0.0 ], [ 116.416446, -8.533008000999928, 0.0 ], [ 116.416038, -8.532979, 0.0 ], [ 116.415271, -8.532551, 0.0 ], [ 116.414701537000042, -8.53214565299993, 0.0 ], [ 116.414695, -8.532141, 0.0 ], [ 116.414560621000078, -8.531989096999951, 0.0 ], [ 116.41451380400008, -8.531928481999955, 0.0 ], [ 116.414443114000051, -8.53131703899993, 0.0 ], [ 116.4144165780001, -8.530647673999965, 0.0 ], [ 116.414364437000017, -8.53029197199993, 0.0 ], [ 116.41429134100008, -8.529793329999961, 0.0 ], [ 116.414364235000107, -8.52929839199993, 0.0 ], [ 116.414427726000099, -8.528968320999979, 0.0 ], [ 116.414450821000059, -8.528848257999925, 0.0 ], [ 116.414414831000045, -8.528311269999961, 0.0 ], [ 116.414397699, -8.528055618999929, 0.0 ], [ 116.414404614000091, -8.527666866999937, 0.0 ], [ 116.414468486000032, -8.526916580999966, 0.0 ], [ 116.414570562000108, -8.526316896999958, 0.0 ], [ 116.414535642000033, -8.525541141999952, 0.0 ], [ 116.414259563000087, -8.524884200999963, 0.0 ], [ 116.413749171000063, -8.524233423999931, 0.0 ], [ 116.41349562500011, -8.523848301999976, 0.0 ], [ 116.413379106000093, -8.522975692999978, 0.0 ], [ 116.413378283000043, -8.522969529999955, 0.0 ], [ 116.413126232000081, -8.522547437999947, 0.0 ], [ 116.412947471000052, -8.522421749999978, 0.0 ], [ 116.412560142000075, -8.52214941699998, 0.0 ], [ 116.412398128000063, -8.521537715999955, 0.0 ], [ 116.412269311000045, -8.521332591999965, 0.0 ], [ 116.412083898000105, -8.521037345999957, 0.0 ], [ 116.411668938000048, -8.521100047999937, 0.0 ], [ 116.410923847000049, -8.521260918999928, 0.0 ], [ 116.410513626000011, -8.521506049999971, 0.0 ], [ 116.41003248100003, -8.521771830999967, 0.0 ], [ 116.409949562000065, -8.521744188999946, 0.0 ], [ 116.409589767000057, -8.521624250999935, 0.0 ], [ 116.409445903, -8.521342131999972, 0.0 ], [ 116.409316797000088, -8.521088960999975, 0.0 ], [ 116.408939976000056, -8.520818196999926, 0.0 ], [ 116.408641789000058, -8.520414176999964, 0.0 ], [ 116.408445184000016, -8.520147793999968, 0.0 ], [ 116.408292496000058, -8.519970020999949, 0.0 ], [ 116.408139807000111, -8.519792245999952, 0.0 ], [ 116.407851545000085, -8.519367165999938, 0.0 ], [ 116.407287829000097, -8.518746659999977, 0.0 ], [ 116.407119829000067, -8.518597094999961, 0.0 ], [ 116.406562613, -8.518101024999964, 0.0 ], [ 116.406082654000102, -8.517542097999979, 0.0 ], [ 116.405224574000044, -8.516860687999952, 0.0 ], [ 116.405049316000031, -8.516777088999959, 0.0 ], [ 116.404963134000013, -8.516735979999964, 0.0 ], [ 116.404482908000091, -8.516506909999976, 0.0 ], [ 116.404120868000064, -8.51633091399998, 0.0 ], [ 116.403784232000021, -8.51627988499996, 0.0 ], [ 116.402813074000051, -8.516132665999976, 0.0 ], [ 116.402449451000052, -8.516081786999962, 0.0 ], [ 116.40193088, -8.515912102999948, 0.0 ], [ 116.401215318000027, -8.515786503999948, 0.0 ], [ 116.400984668000092, -8.516435874999956, 0.0 ], [ 116.400869767000017, -8.51693118399993, 0.0 ], [ 116.400831309000068, -8.517766405999964, 0.0 ], [ 116.400705647000109, -8.519714349999958, 0.0 ], [ 116.400362658000063, -8.520565593999947, 0.0 ], [ 116.400188464000053, -8.521284431999959, 0.0 ], [ 116.400192648000029, -8.522713931999931, 0.0 ], [ 116.400245009000059, -8.524016222999933, 0.0 ], [ 116.399729318000027, -8.525186461999965, 0.0 ], [ 116.399683001000085, -8.525291567999943, 0.0 ], [ 116.39954483300005, -8.526093189999926, 0.0 ], [ 116.399651439000081, -8.526647405999938, 0.0 ], [ 116.399719684000047, -8.52700219899998, 0.0 ], [ 116.39976217800006, -8.527893921999976, 0.0 ], [ 116.399751526000045, -8.528823412999941, 0.0 ], [ 116.399817101000053, -8.529584450999948, 0.0 ], [ 116.399771430000101, -8.530423743999961, 0.0 ], [ 116.399665171000038, -8.531339155999945, 0.0 ], [ 116.399648122000031, -8.532119460999979, 0.0 ], [ 116.399526243000082, -8.533942026999966, 0.0 ], [ 116.399034100000108, -8.534738379999965, 0.0 ], [ 116.398834144000034, -8.535061931999962, 0.0 ], [ 116.398538655000038, -8.536382455999956, 0.0 ], [ 116.398061313000085, -8.536703988999932, 0.0 ], [ 116.397583969000038, -8.537025522999954, 0.0 ], [ 116.396154677000027, -8.537231678999945, 0.0 ], [ 116.395201246000056, -8.537427550999951, 0.0 ], [ 116.395367137000108, -8.538292329999933, 0.0 ], [ 116.395319408000091, -8.538927453999975, 0.0 ], [ 116.394744298000091, -8.539541460999942, 0.0 ], [ 116.394716586000072, -8.540319455999963, 0.0 ], [ 116.394711285000085, -8.540468261999933, 0.0 ], [ 116.394787067000038, -8.540870912999935, 0.0 ], [ 116.395102257000076, -8.542545623999956, 0.0 ], [ 116.39474296800006, -8.543792228999962, 0.0 ], [ 116.394311806000019, -8.544025204999969, 0.0 ], [ 116.394353864000095, -8.544673689999968, 0.0 ], [ 116.39437426500001, -8.544988233999959, 0.0 ], [ 116.392968272000076, -8.544671521999931, 0.0 ], [ 116.392433514000118, -8.544551061999925, 0.0 ], [ 116.390382869000064, -8.544141130999947, 0.0 ], [ 116.389751922000073, -8.544084133999945, 0.0 ], [ 116.388299765000056, -8.544021269999973, 0.0 ], [ 116.387463519000107, -8.543940330999931, 0.0 ], [ 116.386715108000089, -8.54466167299995, 0.0 ], [ 116.386422596000102, -8.544943601999933, 0.0 ], [ 116.385214373000053, -8.545829740999977, 0.0 ], [ 116.384822957000097, -8.546135825999954, 0.0 ], [ 116.384109894000062, -8.54640279399996, 0.0 ], [ 116.383769724000103, -8.545943116999979, 0.0 ], [ 116.383530378000046, -8.545619685999952, 0.0 ], [ 116.383291010000107, -8.545237048999979, 0.0 ], [ 116.383142519000103, -8.544999680999979, 0.0 ], [ 116.383124906000035, -8.544926866999958, 0.0 ], [ 116.382971192000014, -8.544291452999971, 0.0 ], [ 116.382783467000081, -8.543515440999954, 0.0 ], [ 116.382574192000106, -8.542820911999968, 0.0 ], [ 116.382553396000048, -8.542424025999935, 0.0 ], [ 116.382499858000074, -8.541402314999971, 0.0 ], [ 116.382495024000036, -8.541310086999943, 0.0 ], [ 116.382320034000031, -8.540979819999961, 0.0 ], [ 116.382108575000075, -8.540580732999956, 0.0 ], [ 116.381894244000023, -8.540001114999939, 0.0 ], [ 116.381596700000046, -8.539361815999939, 0.0 ], [ 116.381514800000105, -8.539183155999979, 0.0 ], [ 116.381466959000022, -8.538945115999979, 0.0 ], [ 116.381428810000102, -8.538727391999942, 0.0 ], [ 116.381426951000094, -8.538716782999927, 0.0 ], [ 116.381305832000066, -8.538266345999943, 0.0 ], [ 116.381116515000031, -8.537835118999965, 0.0 ], [ 116.381060238000032, -8.537706928999967, 0.0 ], [ 116.380670088000102, -8.537496363999935, 0.0 ], [ 116.38036820700006, -8.537124286999926, 0.0 ], [ 116.380182263000052, -8.536685730999977, 0.0 ], [ 116.380078401000105, -8.536394457999961, 0.0 ], [ 116.379889985000091, -8.535719190999941, 0.0 ], [ 116.379902571000116, -8.535274601999959, 0.0 ], [ 116.379955884000083, -8.535117454999977, 0.0 ], [ 116.380048631000022, -8.534589259999962, 0.0 ], [ 116.380101764000074, -8.534153167999932, 0.0 ], [ 116.38008638000008, -8.533743438999977, 0.0 ], [ 116.379920592000076, -8.533192869999937, 0.0 ], [ 116.379823837000117, -8.532589148999932, 0.0 ], [ 116.379878240000039, -8.532176612999933, 0.0 ], [ 116.379881797000053, -8.531859532999931, 0.0 ], [ 116.379896488000099, -8.531604741999956, 0.0 ], [ 116.379839556000093, -8.531351465999933, 0.0 ], [ 116.379757638000115, -8.530948891999969, 0.0 ], [ 116.379842256000074, -8.530457349999949, 0.0 ], [ 116.380032382000081, -8.53031271499998, 0.0 ], [ 116.380100696000113, -8.530260745999954, 0.0 ], [ 116.380257452000023, -8.52994518099996, 0.0 ], [ 116.38039329500009, -8.529646731999946, 0.0 ], [ 116.380390021000039, -8.529202778999945, 0.0 ], [ 116.380452304000073, -8.528387671999951, 0.0 ], [ 116.380534671000078, -8.527980431999936, 0.0 ], [ 116.380759786000112, -8.527519579999932, 0.0 ], [ 116.380905064000103, -8.527145799999971, 0.0 ], [ 116.381049818000065, -8.526501122999946, 0.0 ], [ 116.381282662000103, -8.526042815999972, 0.0 ], [ 116.381815291000066, -8.525470023999958, 0.0 ], [ 116.382161972000063, -8.525220023999964, 0.0 ], [ 116.38244958100006, -8.524906597999973, 0.0 ], [ 116.382645529000115, -8.524575892999962, 0.0 ], [ 116.382777134000094, -8.524256689999959, 0.0 ], [ 116.382923623000011, -8.523814547999962, 0.0 ], [ 116.382932316000051, -8.523247978999962, 0.0 ], [ 116.382887714000049, -8.522786043999929, 0.0 ], [ 116.382925885000077, -8.522313749999967, 0.0 ], [ 116.383037340000101, -8.521744467999952, 0.0 ], [ 116.383315786000026, -8.520816577999938, 0.0 ], [ 116.383261522000112, -8.51989759099996, 0.0 ], [ 116.383303771000101, -8.519480281999961, 0.0 ], [ 116.383345128000087, -8.518880326999977, 0.0 ], [ 116.383206346000065, -8.518504138999958, 0.0 ], [ 116.383093353000049, -8.518197855999972, 0.0 ], [ 116.383217876000117, -8.517583871999932, 0.0 ], [ 116.383258394000109, -8.517179860999931, 0.0 ], [ 116.383293090000052, -8.51680302799997, 0.0 ], [ 116.383365349000087, -8.516175407999981, 0.0 ], [ 116.383162919000029, -8.515583976999949, 0.0 ], [ 116.383139441000026, -8.515200991999961, 0.0 ], [ 116.383196810000072, -8.514865697999937, 0.0 ], [ 116.383251786000073, -8.514375616999928, 0.0 ], [ 116.382941985000116, -8.513559986999951, 0.0 ], [ 116.382738955000036, -8.513025453999944, 0.0 ], [ 116.382803759000012, -8.51169867599998, 0.0 ], [ 116.382586830000037, -8.510446866999928, 0.0 ], [ 116.38233541000011, -8.50982771799994, 0.0 ], [ 116.382507602000032, -8.508983182999941, 0.0 ], [ 116.382437331, -8.508113800999979, 0.0 ], [ 116.381947706, -8.507784303999927, 0.0 ], [ 116.381423171000051, -8.507499440999936, 0.0 ], [ 116.380835580000053, -8.50767013199993, 0.0 ], [ 116.380384844000105, -8.507868325999937, 0.0 ], [ 116.379924339000013, -8.508190728999978, 0.0 ], [ 116.379533692000109, -8.50836684899997, 0.0 ], [ 116.37929237600008, -8.50828732399998, 0.0 ], [ 116.378716732000044, -8.508186009999974, 0.0 ], [ 116.378212586000018, -8.508061020999946, 0.0 ], [ 116.378066445000059, -8.50830813999994, 0.0 ], [ 116.377646014000106, -8.508708610999975, 0.0 ], [ 116.377052269000046, -8.508958157999928, 0.0 ], [ 116.376789931000076, -8.508786044999965, 0.0 ], [ 116.376545841000052, -8.508667364999951, 0.0 ], [ 116.376273488000038, -8.508319194999956, 0.0 ], [ 116.376453095000102, -8.507866194999963, 0.0 ], [ 116.376657716000068, -8.507570499999929, 0.0 ], [ 116.376674811000044, -8.507157977999952, 0.0 ], [ 116.376840428000037, -8.506830159999936, 0.0 ], [ 116.377302916000076, -8.506351213999949, 0.0 ], [ 116.377484341000013, -8.505865120999943, 0.0 ], [ 116.37779846400008, -8.505494522999982, 0.0 ], [ 116.377912891000051, -8.505242448999979, 0.0 ], [ 116.378346313000065, -8.50497282699996, 0.0 ], [ 116.378623891000075, -8.504734584999937, 0.0 ], [ 116.378845934000083, -8.50402093799994, 0.0 ], [ 116.378719588000081, -8.503795009999976, 0.0 ], [ 116.378798593000056, -8.503089794999937, 0.0 ], [ 116.37865390200011, -8.502906584999948, 0.0 ], [ 116.377955616, -8.502455304999955, 0.0 ], [ 116.377363904000049, -8.502184879999959, 0.0 ], [ 116.376850061000027, -8.501823704999936, 0.0 ], [ 116.376422250000019, -8.501870552999947, 0.0 ], [ 116.376248886000099, -8.501045874999932, 0.0 ], [ 116.375775934000103, -8.500949867999964, 0.0 ], [ 116.375005226000098, -8.50086893699995, 0.0 ], [ 116.374374410000087, -8.500788028999978, 0.0 ], [ 116.373734547000026, -8.500639991999947, 0.0 ], [ 116.373229064000043, -8.500784666999948, 0.0 ], [ 116.372523643000022, -8.500502638999933, 0.0 ], [ 116.37155365000001, -8.50055834099993, 0.0 ], [ 116.371281697000086, -8.500614995999968, 0.0 ], [ 116.370888172000036, -8.500660668999956, 0.0 ], [ 116.37044353400006, -8.50067132099997, 0.0 ], [ 116.370122022000032, -8.500696593999976, 0.0 ], [ 116.369914565000045, -8.500463827999965, 0.0 ], [ 116.369886373000099, -8.500149429999965, 0.0 ], [ 116.36952907400007, -8.499921581999956, 0.0 ], [ 116.369392904000051, -8.49976731199996, 0.0 ], [ 116.369048219000092, -8.499365901999965, 0.0 ], [ 116.368582066000045, -8.499058627999943, 0.0 ], [ 116.368437068000048, -8.498963050999976, 0.0 ], [ 116.368094343000053, -8.49849267299993, 0.0 ], [ 116.367840801000057, -8.498382600999946, 0.0 ], [ 116.367300488000069, -8.498479986999939, 0.0 ], [ 116.36687437, -8.498549698999966, 0.0 ], [ 116.366147380000029, -8.498801632999971, 0.0 ], [ 116.365671016000078, -8.498958964999929, 0.0 ], [ 116.365520461000074, -8.49905365199993, 0.0 ], [ 116.36528226900009, -8.499203458999943, 0.0 ], [ 116.365133683000067, -8.499053020999952, 0.0 ], [ 116.364934775000052, -8.498851634999937, 0.0 ], [ 116.364696335000076, -8.498602328999937, 0.0 ], [ 116.364079240000024, -8.498619992999977, 0.0 ], [ 116.363580549000062, -8.498800618999951, 0.0 ], [ 116.363048214000059, -8.498806943999966, 0.0 ], [ 116.36296204100006, -8.498815691999937, 0.0 ], [ 116.362631578000105, -8.498849236999945, 0.0 ], [ 116.362280833000113, -8.498972454999944, 0.0 ], [ 116.362176250000061, -8.498669844999938, 0.0 ], [ 116.36197401600009, -8.498357102999933, 0.0 ], [ 116.361698360000105, -8.498037152999927, 0.0 ], [ 116.361637328000029, -8.497563852999974, 0.0 ], [ 116.361523120000015, -8.497155061999933, 0.0 ], [ 116.361243796000053, -8.496634059999963, 0.0 ], [ 116.361348391000092, -8.496143064999956, 0.0 ], [ 116.361409102000039, -8.495584313999927, 0.0 ], [ 116.361562105000075, -8.495076239999946, 0.0 ], [ 116.361602200000107, -8.494249961999969, 0.0 ], [ 116.361488123000072, -8.493350324999938, 0.0 ], [ 116.361595425000019, -8.492442430999972, 0.0 ], [ 116.362587953000116, -8.491074590999972, 0.0 ], [ 116.362523207000095, -8.490955382999971, 0.0 ], [ 116.36292237300006, -8.489412483999956, 0.0 ], [ 116.363547425000093, -8.488544307999973, 0.0 ], [ 116.363645159000043, -8.488408556999957, 0.0 ], [ 116.363647997000044, -8.486685525999974, 0.0 ], [ 116.363795352000011, -8.48478324499996, 0.0 ], [ 116.363725663000082, -8.483311370999957, 0.0 ], [ 116.363591373000077, -8.482727657999931, 0.0 ], [ 116.363353304000043, -8.481692849999945, 0.0 ], [ 116.36329606400011, -8.481444044999932, 0.0 ], [ 116.364524379000045, -8.479974285999958, 0.0 ], [ 116.364994573000104, -8.479077635999943, 0.0 ], [ 116.366006894000066, -8.47739213899996, 0.0 ], [ 116.365613873000029, -8.475201803999937, 0.0 ], [ 116.36615740600007, -8.473551440999927, 0.0 ], [ 116.366283009000085, -8.472900697999933, 0.0 ], [ 116.366312704000052, -8.472746847999929, 0.0 ], [ 116.366448314000081, -8.472044253999968, 0.0 ], [ 116.367461133, -8.470035682999935, 0.0 ], [ 116.36732049200009, -8.467845756999964, 0.0 ], [ 116.368295718000013, -8.466770433999955, 0.0 ], [ 116.368333705000055, -8.465585905999944, 0.0 ], [ 116.368589126000074, -8.463719689999948, 0.0 ], [ 116.368427000000111, -8.462811896999938, 0.0 ], [ 116.368339029000026, -8.462319315999935, 0.0 ], [ 116.368741230000069, -8.461154948999933, 0.0 ], [ 116.368809951000117, -8.460956001999932, 0.0 ], [ 116.368896553000013, -8.460205237999958, 0.0 ], [ 116.369027926000058, -8.459066359999952, 0.0 ], [ 116.369029371000011, -8.459053829999959, 0.0 ], [ 116.370005501000037, -8.457404154999949, 0.0 ], [ 116.371161253000082, -8.45614962999997, 0.0 ], [ 116.372316295000019, -8.454718066999931, 0.0 ], [ 116.373046756, -8.453387322999959, 0.0 ], [ 116.372405284000024, -8.452309205999939, 0.0 ], [ 116.372339553000074, -8.45193489199994, 0.0 ], [ 116.372136591000071, -8.450779075999947, 0.0 ], [ 116.371496489000037, -8.449509273999979, 0.0 ], [ 116.373121357000059, -8.447968317999937, 0.0 ], [ 116.373098777000109, -8.444177230999969, 0.0 ], [ 116.372516447000066, -8.443611110999939, 0.0 ], [ 116.372778367000024, -8.442144587999962, 0.0 ], [ 116.373249887000043, -8.44085030399998, 0.0 ], [ 116.374026404, -8.440400369999963, 0.0 ], [ 116.374677844000075, -8.440022908999936, 0.0 ], [ 116.375999381000042, -8.438816576999955, 0.0 ], [ 116.37679843, -8.437091417999966, 0.0 ], [ 116.375918290000072, -8.436181542999975, 0.0 ], [ 116.37538766900002, -8.435632993999945, 0.0 ], [ 116.374031168000101, -8.435013093999942, 0.0 ], [ 116.372890885000061, -8.434398974999965, 0.0 ], [ 116.371679685000117, -8.433234339999956, 0.0 ], [ 116.371309845000042, -8.431165735999969, 0.0 ], [ 116.371269211000026, -8.429356323999968, 0.0 ], [ 116.371939013000087, -8.428479786999958, 0.0 ], [ 116.372755193000103, -8.427411694999932, 0.0 ], [ 116.373418553000079, -8.426431921999949, 0.0 ], [ 116.373514302000103, -8.424912570999936, 0.0 ], [ 116.372867645000042, -8.424543821999976, 0.0 ], [ 116.372709671000052, -8.424276420999945, 0.0 ], [ 116.37204938900004, -8.423158771999965, 0.0 ], [ 116.371582266000019, -8.420415157999969, 0.0 ], [ 116.37136359100009, -8.419903440999974, 0.0 ], [ 116.372094587000106, -8.418121286999963, 0.0 ], [ 116.37220052400005, -8.418070852999961, 0.0 ], [ 116.374983268000051, -8.416746094999951, 0.0 ], [ 116.374434632000089, -8.415986382999961, 0.0 ], [ 116.375778911000111, -8.41559445799993, 0.0 ], [ 116.375291280000056, -8.414829035999958, 0.0 ], [ 116.375417329000015, -8.414434417999928, 0.0 ], [ 116.375661634000039, -8.413669576999951, 0.0 ], [ 116.375896324000109, -8.412970782999935, 0.0 ], [ 116.376199545000077, -8.412067940999975, 0.0 ], [ 116.376444251000066, -8.411754961999975, 0.0 ], [ 116.376893702000075, -8.411180112999944, 0.0 ], [ 116.377544136000097, -8.410211927999967, 0.0 ], [ 116.377005232000101, -8.409062375999952, 0.0 ], [ 116.376781354000059, -8.40806028999998, 0.0 ], [ 116.376539921000017, -8.406979621999938, 0.0 ], [ 116.377501768000116, -8.405909166999948, 0.0 ], [ 116.37773165200008, -8.405653324999946, 0.0 ], [ 116.37805809300005, -8.404397449999976, 0.0 ], [ 116.379070084000091, -8.402747791999957, 0.0 ], [ 116.380538105000028, -8.401166970999952, 0.0 ], [ 116.382774257000051, -8.40144640799997, 0.0 ], [ 116.384983404000081, -8.40189554799997, 0.0 ], [ 116.38520252, -8.400101043999939, 0.0 ], [ 116.384087061000059, -8.398807013999942, 0.0 ], [ 116.383745304000058, -8.397581147999972, 0.0 ], [ 116.382180107000067, -8.391966863999926, 0.0 ], [ 116.381533067000078, -8.390817148999929, 0.0 ], [ 116.38164043300003, -8.390149420999933, 0.0 ], [ 116.382269411000038, -8.389995431999978, 0.0 ], [ 116.383144689, -8.389781140999958, 0.0 ], [ 116.38518892400009, -8.388884431999941, 0.0 ], [ 116.386175833000038, -8.387856923999948, 0.0 ], [ 116.387666796000076, -8.387213096999972, 0.0 ], [ 116.387932564000039, -8.386304118999931, 0.0 ], [ 116.387166634000096, -8.384340561999977, 0.0 ], [ 116.385854751000011, -8.383637530999977, 0.0 ], [ 116.385774168000012, -8.383644789999948, 0.0 ], [ 116.384211655000058, -8.383785543999977, 0.0 ], [ 116.383191815000032, -8.383330392999937, 0.0 ], [ 116.381593464000048, -8.383015647999969, 0.0 ], [ 116.380243202000088, -8.382462492999935, 0.0 ], [ 116.380178317000059, -8.381314306999968, 0.0 ], [ 116.379723774000013, -8.380021303999968, 0.0 ], [ 116.37827965300005, -8.380313948999969, 0.0 ], [ 116.376695645000041, -8.38016012099996, 0.0 ], [ 116.375204681000014, -8.381272236999962, 0.0 ], [ 116.374198192000108, -8.381901744999936, 0.0 ], [ 116.372821045000023, -8.382749527999977, 0.0 ], [ 116.371504730000083, -8.383404686999938, 0.0 ], [ 116.370070966000071, -8.383697514999938, 0.0 ], [ 116.368739943000037, -8.383326335999925, 0.0 ], [ 116.367685888000096, -8.382760397999959, 0.0 ], [ 116.366631834000032, -8.382194457999958, 0.0 ], [ 116.365456868000024, -8.381511708999938, 0.0 ], [ 116.364292292000073, -8.381029002999981, 0.0 ], [ 116.362239, -8.381137109999941, 0.0 ], [ 116.361416273000032, -8.380019668999978, 0.0 ], [ 116.360323958000095, -8.378878148999945, 0.0 ], [ 116.359723677000034, -8.377795674999959, 0.0 ], [ 116.359182801000088, -8.376828497999952, 0.0 ], [ 116.359149050000042, -8.37676814699995, 0.0 ], [ 116.358313263000014, -8.375882213999944, 0.0 ], [ 116.357401277, -8.374656498999968, 0.0 ], [ 116.3573286190001, -8.374550731999932, 0.0 ], [ 116.356623863000095, -8.373524818999954, 0.0 ], [ 116.355895652000072, -8.372393141999964, 0.0 ], [ 116.355019834000018, -8.370543095999949, 0.0 ], [ 116.354485608000118, -8.369937639999932, 0.0 ], [ 116.354084098000044, -8.369482594999965, 0.0 ], [ 116.353838952000046, -8.369204762999971, 0.0 ], [ 116.352618708000023, -8.367768023999929, 0.0 ], [ 116.351555915000063, -8.366902044999961, 0.0 ], [ 116.350965474000077, -8.36637064699994, 0.0 ], [ 116.350375033000091, -8.365642436999963, 0.0 ], [ 116.349958730000026, -8.364992598999947, 0.0 ], [ 116.349568097000088, -8.364382830999944, 0.0 ], [ 116.348800524000012, -8.36300513599997, 0.0 ], [ 116.34746219200008, -8.362375331999942, 0.0 ], [ 116.34689143300011, -8.361312538999925, 0.0 ], [ 116.346458442000085, -8.360446557999978, 0.0 ], [ 116.345887684000104, -8.358970457999931, 0.0 ], [ 116.34466744000008, -8.358163521999927, 0.0 ], [ 116.343683371000111, -8.356825187999959, 0.0 ], [ 116.342684254, -8.355703372999926, 0.0 ], [ 116.342561534000083, -8.35556558199994, 0.0 ], [ 116.341754599000069, -8.354128843999945, 0.0 ], [ 116.340970807000076, -8.352826266999955, 0.0 ], [ 116.340963710000096, -8.352814472999967, 0.0 ], [ 116.340894367000033, -8.35265985999996, 0.0 ], [ 116.3402824530001, -8.351295501999971, 0.0 ], [ 116.339980970000056, -8.350679974999935, 0.0 ], [ 116.339515624000114, -8.349729894999939, 0.0 ], [ 116.339483672000028, -8.347972579999976, 0.0 ], [ 116.33878074800009, -8.346375021999961, 0.0 ], [ 116.337854163000088, -8.345288680999943, 0.0 ], [ 116.336551039000028, -8.344495475999963, 0.0 ], [ 116.336384410000051, -8.34439404799997, 0.0 ], [ 116.335518434000051, -8.344480646999955, 0.0 ], [ 116.335106362000033, -8.344521853999936, 0.0 ], [ 116.334243681000089, -8.34333965999997, 0.0 ], [ 116.333481361000054, -8.342852623999931, 0.0 ], [ 116.333380377000026, -8.342788105999944, 0.0 ], [ 116.333093439000095, -8.342604782999956, 0.0 ], [ 116.331956775000094, -8.341883973999927, 0.0 ], [ 116.331783440000095, -8.341774052999938, 0.0 ], [ 116.330229215000031, -8.34133692599994, 0.0 ], [ 116.329738564000081, -8.341198931999941, 0.0 ], [ 116.328743735000103, -8.340633687999969, 0.0 ], [ 116.328332713, -8.340400152999962, 0.0 ], [ 116.326639301000114, -8.340304298999968, 0.0 ], [ 116.325840521000032, -8.340400151999972, 0.0 ], [ 116.325169546000097, -8.340432102999955, 0.0 ], [ 116.324530523000021, -8.340751614999931, 0.0 ], [ 116.323955403000014, -8.34097527299997, 0.0 ], [ 116.323316379000062, -8.341358685999978, 0.0 ], [ 116.322517600000083, -8.341166979999969, 0.0 ], [ 116.321942478000096, -8.341039174999935, 0.0 ], [ 116.321303454000031, -8.341071126999964, 0.0 ], [ 116.320728333000034, -8.341071126999964, 0.0 ], [ 116.320121261000054, -8.341071126999964, 0.0 ], [ 116.319737847000056, -8.341135028999929, 0.0 ], [ 116.319386383000051, -8.34094332199993, 0.0 ], [ 116.318907115000115, -8.340783564999981, 0.0 ], [ 116.318491752000114, -8.340559907999932, 0.0 ], [ 116.317696052000088, -8.340325597999936, 0.0 ], [ 116.31699896300006, -8.340404514999932, 0.0 ], [ 116.316328182, -8.340457124999944, 0.0 ], [ 116.315262821000033, -8.340088852999941, 0.0 ], [ 116.31457264900007, -8.339950817999977, 0.0 ], [ 116.314407902000085, -8.339917868999976, 0.0 ], [ 116.314000172000078, -8.339667969999937, 0.0 ], [ 116.313460916000054, -8.33944437599996, 0.0 ], [ 116.312869049000028, -8.339168170999926, 0.0 ], [ 116.312530853000112, -8.338999070999932, 0.0 ], [ 116.312342947000047, -8.338905118999946, 0.0 ], [ 116.312106200000017, -8.338444778999929, 0.0 ], [ 116.311751079000032, -8.338037047999933, 0.0 ], [ 116.311409112000092, -8.337668774999941, 0.0 ], [ 116.311213744000042, -8.337379631999966, 0.0 ], [ 116.311080298000093, -8.337182129999974, 0.0 ], [ 116.310659414000042, -8.336629720999952, 0.0 ], [ 116.310462124000082, -8.33631405899996, 0.0 ], [ 116.310171222, -8.335932874999969, 0.0 ], [ 116.310080701000061, -8.33581425999995, 0.0 ], [ 116.309738732000028, -8.335327614999926, 0.0 ], [ 116.309252086000015, -8.33516978199998, 0.0 ], [ 116.308949577000021, -8.334985646999939, 0.0 ], [ 116.308673374000023, -8.334827815999972, 0.0 ], [ 116.308278795000092, -8.33445954299998, 0.0 ], [ 116.307589998000026, -8.333942968999963, 0.0 ], [ 116.30796417900001, -8.333794172999944, 0.0 ], [ 116.308379588000093, -8.33356050499998, 0.0 ], [ 116.308898851000095, -8.333352798999954, 0.0 ], [ 116.309262334000096, -8.333067205999953, 0.0 ], [ 116.309625819000075, -8.332833537999932, 0.0 ], [ 116.309681276000106, -8.332790877999969, 0.0 ], [ 116.309963339000092, -8.332573904999947, 0.0 ], [ 116.309833523000066, -8.331639233999965, 0.0 ], [ 116.309625819000075, -8.33093822799998, 0.0 ], [ 116.30939215, -8.330263186999957, 0.0 ], [ 116.30939215, -8.329536218999976, 0.0 ], [ 116.309132518000069, -8.32899099399998, 0.0 ], [ 116.308899498000073, -8.328475018999939, 0.0 ], [ 116.308769035000068, -8.328186135999943, 0.0 ], [ 116.308535366000115, -8.327614946999972, 0.0 ], [ 116.308431515000052, -8.326991831999976, 0.0 ], [ 116.308093993000057, -8.326290827999969, 0.0 ], [ 116.308327662000011, -8.325563860999978, 0.0 ], [ 116.308769035000068, -8.324810929999956, 0.0 ], [ 116.3090805920001, -8.324421482999981, 0.0 ], [ 116.309444076000091, -8.324135887999944, 0.0 ], [ 116.30985948700004, -8.323720476999938, 0.0 ], [ 116.310456639000108, -8.323175251999942, 0.0 ], [ 116.310898012000052, -8.323279103999937, 0.0 ], [ 116.311183607000089, -8.323227177999968, 0.0 ], [ 116.31154709000009, -8.323149289999947, 0.0 ], [ 116.312585614000113, -8.323045435999973, 0.0 ], [ 116.312793320000083, -8.322915620999936, 0.0 ], [ 116.313156803000084, -8.322448283999961, 0.0 ], [ 116.313598178, -8.32185113099996, 0.0 ], [ 116.313987623000116, -8.321383795999964, 0.0 ], [ 116.314325146000101, -8.320604901999957, 0.0 ], [ 116.314714592000087, -8.319722155999955, 0.0 ], [ 116.315415596000094, -8.319202891999964, 0.0 ], [ 116.316557975000023, -8.319228855999938, 0.0 ], [ 116.316973384000107, -8.319254819999969, 0.0 ], [ 116.317284942000015, -8.31938463399996, 0.0 ], [ 116.317778241000042, -8.319592339999929, 0.0 ], [ 116.318141725000032, -8.319981786999961, 0.0 ], [ 116.318712914000116, -8.320033713999976, 0.0 ], [ 116.319102362000081, -8.319851970999935, 0.0 ], [ 116.319647587000077, -8.319903896999961, 0.0 ], [ 116.320088960000021, -8.319851971999981, 0.0 ], [ 116.320712075000074, -8.319826008999939, 0.0 ], [ 116.321205374000101, -8.31969619299997, 0.0 ], [ 116.322062159000097, -8.319592339999929, 0.0 ], [ 116.322607384000094, -8.319514450999975, 0.0 ], [ 116.323542057000054, -8.319202891999964, 0.0 ], [ 116.324217099000066, -8.319150965999938, 0.0 ], [ 116.32465847200001, -8.31909903899998, 0.0 ], [ 116.325021955000011, -8.318891335999979, 0.0 ], [ 116.325645072000043, -8.318138402999978, 0.0 ], [ 116.325956629000075, -8.317800882999961, 0.0 ], [ 116.326917263000041, -8.31743739999996, 0.0 ], [ 116.327384601000063, -8.316762358999938, 0.0 ], [ 116.328319273000034, -8.317047952999928, 0.0 ], [ 116.329124130000082, -8.316476763999958, 0.0 ], [ 116.329851098000063, -8.316217131999963, 0.0 ], [ 116.330785770000034, -8.315749795999977, 0.0 ], [ 116.331019439000102, -8.31481512299996, 0.0 ], [ 116.332473374000074, -8.315438237999956, 0.0 ], [ 116.332484228000112, -8.315519635999976, 0.0 ], [ 116.332681080000043, -8.316996026999959, 0.0 ], [ 116.333063489000097, -8.317201393999937, 0.0 ], [ 116.334083088000057, -8.317748956999935, 0.0 ], [ 116.333771531000025, -8.317021989999944, 0.0 ], [ 116.333849420000092, -8.316165205999937, 0.0 ], [ 116.335251430000085, -8.315645943999925, 0.0 ], [ 116.336445734000108, -8.315801722999936, 0.0 ], [ 116.337484258000018, -8.314893013999949, 0.0 ], [ 116.337666, -8.313646782999967, 0.0 ], [ 116.337666002000105, -8.313179445999936, 0.0 ], [ 116.337562148000075, -8.311803400999963, 0.0 ], [ 116.338029485000106, -8.311491841999953, 0.0 ], [ 116.338626637000061, -8.311024506999956, 0.0 ], [ 116.338912231000108, -8.310557170999971, 0.0 ], [ 116.339249751000011, -8.309908090999954, 0.0 ], [ 116.34036616700007, -8.308583972999941, 0.0 ], [ 116.340755615000035, -8.308324339999956, 0.0 ], [ 116.341274876000057, -8.307882965999966, 0.0 ], [ 116.341690286000016, -8.307519483999954, 0.0 ], [ 116.342235512000116, -8.306870403999937, 0.0 ], [ 116.344208710000089, -8.306403068999941, 0.0 ], [ 116.344883751000111, -8.306403068999941, 0.0 ], [ 116.346104019000109, -8.306506920999936, 0.0 ], [ 116.346701171000063, -8.30588380599994, 0.0 ], [ 116.34740217600006, -8.30575399099996, 0.0 ], [ 116.348164535000024, -8.305643101999976, 0.0 ], [ 116.348830148000047, -8.305546285999981, 0.0 ], [ 116.349109687, -8.305484165999928, 0.0 ], [ 116.349998489000086, -8.305286654999975, 0.0 ], [ 116.350777383000036, -8.305208764999975, 0.0 ], [ 116.351183603000095, -8.305513430999952, 0.0 ], [ 116.351400498000089, -8.305676099999971, 0.0 ], [ 116.351853738000045, -8.30597826099995, 0.0 ], [ 116.35209726700009, -8.306140612999968, 0.0 ], [ 116.352750581, -8.306221326999946, 0.0 ], [ 116.353373696000062, -8.306351142999972, 0.0 ], [ 116.35400771400009, -8.306436491999932, 0.0 ] ], [ [ 116.528303509000011, -8.38626699699995, 0.0 ], [ 116.528390393000109, -8.38612855599996, 0.0 ], [ 116.528619565000099, -8.385763378999968, 0.0 ], [ 116.528824549000092, -8.38543674999994, 0.0 ], [ 116.528943103000074, -8.385247840999966, 0.0 ], [ 116.528984202000061, -8.38516741899997, 0.0 ], [ 116.528862658000094, -8.384981091999975, 0.0 ], [ 116.528587457000071, -8.384559195999941, 0.0 ], [ 116.528410210000061, -8.384345900999961, 0.0 ], [ 116.528355526000041, -8.384280093999962, 0.0 ], [ 116.527917521000063, -8.383752997999977, 0.0 ], [ 116.527886016000025, -8.383715085999938, 0.0 ], [ 116.527263279000067, -8.382965675999969, 0.0 ], [ 116.527061811000067, -8.38272531399997, 0.0 ], [ 116.526910552000118, -8.382544853999946, 0.0 ], [ 116.52687173400011, -8.382498540999961, 0.0 ], [ 116.526707884000075, -8.382303056999945, 0.0 ], [ 116.526164761000018, -8.381655074999969, 0.0 ], [ 116.525826835000089, -8.381296238999937, 0.0 ], [ 116.525576119000107, -8.381030006999936, 0.0 ], [ 116.525129003000075, -8.380456631999948, 0.0 ], [ 116.524843720000035, -8.380081679999932, 0.0 ], [ 116.525056357000039, -8.379393056999959, 0.0 ], [ 116.524635133000061, -8.379277756999954, 0.0 ], [ 116.522907101000101, -8.378804748999926, 0.0 ], [ 116.521822070000098, -8.379249094999977, 0.0 ], [ 116.521070930000064, -8.37859532899995, 0.0 ], [ 116.520848669000088, -8.378401880999945, 0.0 ], [ 116.520327344000066, -8.37794813499994, 0.0 ], [ 116.519665562000114, -8.377564716999927, 0.0 ], [ 116.518846667000048, -8.377084647999936, 0.0 ], [ 116.518426357000067, -8.378302638999969, 0.0 ], [ 116.517883480000023, -8.379875802999948, 0.0 ], [ 116.51703215100008, -8.381119815999966, 0.0 ], [ 116.516984409000088, -8.381570177999947, 0.0 ], [ 116.516888385000016, -8.382476030999953, 0.0 ], [ 116.516820288000076, -8.383118409999952, 0.0 ], [ 116.516773758000113, -8.383557311999937, 0.0 ], [ 116.516733903000045, -8.383933285999944, 0.0 ], [ 116.516682097000057, -8.384421981999935, 0.0 ], [ 116.516157043000021, -8.384821914999975, 0.0 ], [ 116.516234743000041, -8.384976121999955, 0.0 ], [ 116.51683770000011, -8.386172768999927, 0.0 ], [ 116.517400255000098, -8.385864689999948, 0.0 ], [ 116.517542854000112, -8.385786596999935, 0.0 ], [ 116.518193210000049, -8.385430428999939, 0.0 ], [ 116.518873656000096, -8.385057781999933, 0.0 ], [ 116.520094802000017, -8.385491368999965, 0.0 ], [ 116.520940584000073, -8.385791673999961, 0.0 ], [ 116.522256402000039, -8.385211018999939, 0.0 ], [ 116.522485485000061, -8.385111141999971, 0.0 ], [ 116.522670556000094, -8.385146518999932, 0.0 ], [ 116.522826463000115, -8.38517632099996, 0.0 ], [ 116.52296568700001, -8.385202933999949, 0.0 ], [ 116.523961887000041, -8.383717642999954, 0.0 ], [ 116.525945603000082, -8.384710175999942, 0.0 ], [ 116.526430840000103, -8.384813170999962, 0.0 ], [ 116.527747969000075, -8.385092735999933, 0.0 ], [ 116.527752305000035, -8.385161409999967, 0.0 ], [ 116.527768730000048, -8.385421544999929, 0.0 ], [ 116.527773161000027, -8.385491732999981, 0.0 ], [ 116.527770604000011, -8.385521745999938, 0.0 ], [ 116.527762539000037, -8.385615422999933, 0.0 ], [ 116.527746624000088, -8.385754318999943, 0.0 ], [ 116.527721462000045, -8.38604552399994, 0.0 ], [ 116.527725366000027, -8.38604718299996, 0.0 ], [ 116.527749732000075, -8.386057539999968, 0.0 ], [ 116.528285627000059, -8.386295490999942, 0.0 ], [ 116.528303509000011, -8.38626699699995, 0.0 ] ], [ [ 116.514346039000088, -8.381054358999961, 0.0 ], [ 116.51425563500004, -8.381047081999952, 0.0 ], [ 116.513873898000043, -8.38273518699998, 0.0 ], [ 116.513861513000052, -8.382789957999933, 0.0 ], [ 116.513998879000042, -8.382730538999965, 0.0 ], [ 116.514034172000038, -8.382715272999974, 0.0 ], [ 116.514359982000087, -8.382574341999941, 0.0 ], [ 116.514423322000084, -8.382546943999955, 0.0 ], [ 116.514562117000082, -8.382486907999976, 0.0 ], [ 116.51511883, -8.382246094999971, 0.0 ], [ 116.515129813000044, -8.382025531999943, 0.0 ], [ 116.515140675000112, -8.381807365999975, 0.0 ], [ 116.515148535000094, -8.381649519999939, 0.0 ], [ 116.515152577000094, -8.381568345999938, 0.0 ], [ 116.515154674000087, -8.38152624199995, 0.0 ], [ 116.515174847000026, -8.381121069999949, 0.0 ], [ 116.51504882200004, -8.381110925999963, 0.0 ], [ 116.514346039000088, -8.381054358999961, 0.0 ] ] ] ] } },
{ "type": "Feature","id":5, "properties": { "OBJECTID_1": 102, "OBJECTID": 102, "NAMA_KWS": "TWA Gunung Tunak (RTK 24)", "NOREGKK": "100253062", "NUPT": "Balai KSDA Nusa Tenggara Barat", "NPULAU": "Bali Nusra", "NPROV": "Nusa Tenggara Barat", "FGSKWS": "TWA", "LUAS_HA": 1219.97, "SUMBERDATA": "Peta Penetapan Kawasan Hutan periode Juli 2024", "KETERANGAN": "SK Kawasan", "PROYEKSI": "World Cylindrical Equal Area", "Area": 1244.68911761, "Perimeter": 21.661823505400001, "UGrid": 3 }, "geometry": { "type": "MultiPolygon", "coordinates": [ [ [ [ 116.39773781800011, -8.906529196999941, 0.0 ], [ 116.398468344000094, -8.90662922599995, 0.0 ], [ 116.398156098000072, -8.907670975999963, 0.0 ], [ 116.39814160200001, -8.90862313699995, 0.0 ], [ 116.398135969, -8.908894070999963, 0.0 ], [ 116.398113512, -8.909974164999937, 0.0 ], [ 116.398119518000044, -8.910264179999956, 0.0 ], [ 116.398170465000021, -8.910030343999949, 0.0 ], [ 116.398203564000028, -8.909775760999935, 0.0 ], [ 116.398172033000037, -8.910030011999936, 0.0 ], [ 116.398119642000097, -8.910270172999958, 0.0 ], [ 116.398149489000048, -8.91171131599998, 0.0 ], [ 116.398263753000037, -8.913049704999935, 0.0 ], [ 116.398159165000038, -8.913705771999958, 0.0 ], [ 116.397950508, -8.914696219999939, 0.0 ], [ 116.397262794000085, -8.915866035999954, 0.0 ], [ 116.396580991000064, -8.916434279999976, 0.0 ], [ 116.396294814000044, -8.916813023999964, 0.0 ], [ 116.396294450000028, -8.916813504999936, 0.0 ], [ 116.396216992000063, -8.916916017999938, 0.0 ], [ 116.396178010000085, -8.916995983999925, 0.0 ], [ 116.396109342000045, -8.917077784999947, 0.0 ], [ 116.39610897600005, -8.917078222999976, 0.0 ], [ 116.395953020000093, -8.91726400899995, 0.0 ], [ 116.395947036000052, -8.917272124999954, 0.0 ], [ 116.395498820000057, -8.918410905999963, 0.0 ], [ 116.395303242000068, -8.919311301999926, 0.0 ], [ 116.395068676000051, -8.920314572999928, 0.0 ], [ 116.394223837000027, -8.922590714999956, 0.0 ], [ 116.394118940000112, -8.92342692099993, 0.0 ], [ 116.393844283000021, -8.924328697999954, 0.0 ], [ 116.393838245000097, -8.924378894999961, 0.0 ], [ 116.393838211000116, -8.924379182999928, 0.0 ], [ 116.393810103000078, -8.924612865999961, 0.0 ], [ 116.393789998000102, -8.924780015999943, 0.0 ], [ 116.393712067000024, -8.924981270999979, 0.0 ], [ 116.393699009000102, -8.92501499499997, 0.0 ], [ 116.393599988, -8.925302014999943, 0.0 ], [ 116.393578573000013, -8.92540994999996, 0.0 ], [ 116.393578314000024, -8.925411248999978, 0.0 ], [ 116.393578016000106, -8.925412751999943, 0.0 ], [ 116.393559094000011, -8.925508130999958, 0.0 ], [ 116.393458476000092, -8.926015330999974, 0.0 ], [ 116.393450007000069, -8.926058019999971, 0.0 ], [ 116.393478197000036, -8.926074865999965, 0.0 ], [ 116.393522010000083, -8.926101016999951, 0.0 ], [ 116.39418602100011, -8.926587970999947, 0.0 ], [ 116.394262017000074, -8.926758008999968, 0.0 ], [ 116.394389861000036, -8.927252926999927, 0.0 ], [ 116.394390517000033, -8.927255472999946, 0.0 ], [ 116.394394003000116, -8.927268979999951, 0.0 ], [ 116.394410031, -8.927510972999926, 0.0 ], [ 116.394464026000037, -8.927695987999925, 0.0 ], [ 116.394508116000111, -8.927786780999952, 0.0 ], [ 116.394584970000096, -8.927945043999955, 0.0 ], [ 116.394584661000067, -8.927975900999968, 0.0 ], [ 116.394582991000107, -8.928143981999938, 0.0 ], [ 116.394581964000054, -8.928447997999967, 0.0 ], [ 116.394733982000048, -8.928682997999942, 0.0 ], [ 116.394783776000054, -8.928801366999949, 0.0 ], [ 116.394839993, -8.928935008999929, 0.0 ], [ 116.394824989000085, -8.929073975999927, 0.0 ], [ 116.394805454000107, -8.929175501999964, 0.0 ], [ 116.394768023000097, -8.929370034999977, 0.0 ], [ 116.39481812300005, -8.929775201999973, 0.0 ], [ 116.394862986000021, -8.930138011999929, 0.0 ], [ 116.394947634000118, -8.930338828999936, 0.0 ], [ 116.394947872000103, -8.930339394999976, 0.0 ], [ 116.395023993000109, -8.930519984999933, 0.0 ], [ 116.395079120000105, -8.93065060899994, 0.0 ], [ 116.395079219000081, -8.930650843999956, 0.0 ], [ 116.395088986000019, -8.930673986999977, 0.0 ], [ 116.395126996000045, -8.930910968999967, 0.0 ], [ 116.395222017000037, -8.930998011999975, 0.0 ], [ 116.395329036000021, -8.93110300799998, 0.0 ], [ 116.395322738000118, -8.931163737999952, 0.0 ], [ 116.395318976000112, -8.931200019999949, 0.0 ], [ 116.395309370000064, -8.931289632999949, 0.0 ], [ 116.395309326000074, -8.931290042999933, 0.0 ], [ 116.395300010000028, -8.931376956999941, 0.0 ], [ 116.395377996000093, -8.93156797599994, 0.0 ], [ 116.395378903000051, -8.931574379999972, 0.0 ], [ 116.395396977000019, -8.931702021999968, 0.0 ], [ 116.395397001000106, -8.931888455999967, 0.0 ], [ 116.39539702400009, -8.932082994999973, 0.0 ], [ 116.395418429000074, -8.932159866999939, 0.0 ], [ 116.395436015000087, -8.932223018999935, 0.0 ], [ 116.395683005000024, -8.93254202199995, 0.0 ], [ 116.395780003000027, -8.932665975999953, 0.0 ], [ 116.395782001000043, -8.932819976999951, 0.0 ], [ 116.3957907570001, -8.932845365999981, 0.0 ], [ 116.3957910150001, -8.932846110999947, 0.0 ], [ 116.395822011000064, -8.932935971999939, 0.0 ], [ 116.395975988000032, -8.932984962999967, 0.0 ], [ 116.39610205800011, -8.933024062999948, 0.0 ], [ 116.39612017200011, -8.93305718199997, 0.0 ], [ 116.396147990000031, -8.933108042999947, 0.0 ], [ 116.396139242000118, -8.933121986999936, 0.0 ], [ 116.396089035000045, -8.933201993999944, 0.0 ], [ 116.395905992000053, -8.933412017999956, 0.0 ], [ 116.395931019000045, -8.933847188999948, 0.0 ], [ 116.395944992000068, -8.934090015999971, 0.0 ], [ 116.396059974000082, -8.934180013999935, 0.0 ], [ 116.396107235000045, -8.934237602999929, 0.0 ], [ 116.396142013000031, -8.934279980999975, 0.0 ], [ 116.396080010000105, -8.934446992999938, 0.0 ], [ 116.396047054000064, -8.934565745999976, 0.0 ], [ 116.396042082, -8.93458366599998, 0.0 ], [ 116.396041984000021, -8.934584016999963, 0.0 ], [ 116.396072488000073, -8.934585567999932, 0.0 ], [ 116.396121029000028, -8.934588034999933, 0.0 ], [ 116.39618134300008, -8.934595345999981, 0.0 ], [ 116.396235998000066, -8.934601978999979, 0.0 ], [ 116.39628654, -8.934660777999966, 0.0 ], [ 116.396322, -8.934702030999972, 0.0 ], [ 116.396319686000083, -8.934753902999944, 0.0 ], [ 116.396318031000078, -8.934791005999955, 0.0 ], [ 116.396205991000102, -8.935100990999956, 0.0 ], [ 116.396219998000106, -8.935340013999962, 0.0 ], [ 116.396280215000047, -8.93541391399998, 0.0 ], [ 116.396280482000066, -8.935414240999933, 0.0 ], [ 116.396308009000109, -8.935448020999956, 0.0 ], [ 116.396382895000102, -8.935485709999966, 0.0 ], [ 116.396451010000078, -8.935519979999981, 0.0 ], [ 116.396977014000072, -8.935692010999958, 0.0 ], [ 116.397013444000095, -8.935735354999963, 0.0 ], [ 116.397092984000096, -8.935830014999965, 0.0 ], [ 116.397238015000084, -8.935974016999978, 0.0 ], [ 116.397559012000102, -8.936177022999971, 0.0 ], [ 116.397628006000105, -8.936314022999966, 0.0 ], [ 116.397640190000061, -8.936370952999937, 0.0 ], [ 116.397676993000118, -8.936542994999968, 0.0 ], [ 116.397608979000097, -8.936578966999946, 0.0 ], [ 116.39760797200006, -8.936578594999958, 0.0 ], [ 116.397534546000088, -8.936551483999949, 0.0 ], [ 116.397470982000073, -8.93652801199994, 0.0 ], [ 116.39698201200008, -8.936116027999958, 0.0 ], [ 116.396796050000034, -8.935994395999955, 0.0 ], [ 116.396742954000047, -8.935959666999963, 0.0 ], [ 116.396741979000012, -8.935959028999946, 0.0 ], [ 116.396635012000047, -8.935939087999941, 0.0 ], [ 116.396583254, -8.935929438999949, 0.0 ], [ 116.396580996000012, -8.935929016999978, 0.0 ], [ 116.396550343000058, -8.935944659999961, 0.0 ], [ 116.396516157000065, -8.935962101999962, 0.0 ], [ 116.396441971000058, -8.935999957999968, 0.0 ], [ 116.396419398000035, -8.936051200999941, 0.0 ], [ 116.396408532, -8.93607585999996, 0.0 ], [ 116.396397027000035, -8.936101976999964, 0.0 ], [ 116.396411547000071, -8.936251654999978, 0.0 ], [ 116.396417014, -8.936308004999944, 0.0 ], [ 116.396540014000038, -8.936585004999927, 0.0 ], [ 116.396565274000068, -8.936666920999926, 0.0 ], [ 116.396589030000086, -8.936743966999927, 0.0 ], [ 116.396602785000027, -8.936956828999939, 0.0 ], [ 116.396613972000068, -8.937129955999978, 0.0 ], [ 116.396610241000076, -8.937137573999962, 0.0 ], [ 116.396539999000083, -8.937281015999929, 0.0 ], [ 116.396213027000044, -8.937750995999977, 0.0 ], [ 116.396216691000063, -8.937851243999944, 0.0 ], [ 116.39621898300004, -8.937913954999942, 0.0 ], [ 116.396234967000055, -8.938136976999942, 0.0 ], [ 116.396197975000064, -8.93842103999998, 0.0 ], [ 116.396115034000104, -8.938580935999937, 0.0 ], [ 116.396102038000095, -8.938605990999974, 0.0 ], [ 116.396014281000021, -8.938756474999934, 0.0 ], [ 116.395958, -8.938852987999951, 0.0 ], [ 116.395810987000118, -8.939269993999972, 0.0 ], [ 116.395918012000038, -8.939395019999949, 0.0 ], [ 116.395971555000074, -8.939432186999966, 0.0 ], [ 116.396047984, -8.939485228999956, 0.0 ], [ 116.396209013000089, -8.93959698499998, 0.0 ], [ 116.396209378000094, -8.93959687399996, 0.0 ], [ 116.396244143000104, -8.939586252999959, 0.0 ], [ 116.396340037000073, -8.939556958999958, 0.0 ], [ 116.396388621000028, -8.939505656999927, 0.0 ], [ 116.396519008000041, -8.939367983999944, 0.0 ], [ 116.396779019000064, -8.939105994999977, 0.0 ], [ 116.396781566000072, -8.939106318999961, 0.0 ], [ 116.396884859000011, -8.939119909999931, 0.0 ], [ 116.396968983000079, -8.939130993999981, 0.0 ], [ 116.397022785000104, -8.939218849999975, 0.0 ], [ 116.397022986000025, -8.939219177999973, 0.0 ], [ 116.397040036000021, -8.93924702399994, 0.0 ], [ 116.397030313000073, -8.93935356399993, 0.0 ], [ 116.397025984000038, -8.939401, 0.0 ], [ 116.397016963000056, -8.93959504299994, 0.0 ], [ 116.397151966000024, -8.939827030999936, 0.0 ], [ 116.397296249000078, -8.93997625399993, 0.0 ], [ 116.397325007000063, -8.940005997999947, 0.0 ], [ 116.397429205000094, -8.940074741999979, 0.0 ], [ 116.397431178000033, -8.940076042999976, 0.0 ], [ 116.397703970000066, -8.940256013999942, 0.0 ], [ 116.397804, -8.940408998999942, 0.0 ], [ 116.397847030000094, -8.940559, 0.0 ], [ 116.397839931000021, -8.940692382999941, 0.0 ], [ 116.397831010000118, -8.94086000599998, 0.0 ], [ 116.397813352000071, -8.940919246999954, 0.0 ], [ 116.397774971000104, -8.941048007999939, 0.0 ], [ 116.397729540000114, -8.941085079999937, 0.0 ], [ 116.397701916000074, -8.941107618999979, 0.0 ], [ 116.397672002000036, -8.941132028999959, 0.0 ], [ 116.397535026000014, -8.941233988999954, 0.0 ], [ 116.397504412000103, -8.941298746999962, 0.0 ], [ 116.397474963000036, -8.941361035999932, 0.0 ], [ 116.397424905000094, -8.941550954999968, 0.0 ], [ 116.397424458000046, -8.941552650999938, 0.0 ], [ 116.397408017000089, -8.941615027999944, 0.0 ], [ 116.397407561000023, -8.941615035999973, 0.0 ], [ 116.39737019100005, -8.941615810999963, 0.0 ], [ 116.397310944000083, -8.941616997999972, 0.0 ], [ 116.397228547000054, -8.941577447999975, 0.0 ], [ 116.397187989000031, -8.94155797999997, 0.0 ], [ 116.396872640000083, -8.941294125999946, 0.0 ], [ 116.39685097600011, -8.941275954999981, 0.0 ], [ 116.396836456000074, -8.941219365999928, 0.0 ], [ 116.396836388000111, -8.94121910299998, 0.0 ], [ 116.396804037000038, -8.941093000999956, 0.0 ], [ 116.396765010000081, -8.940697041999954, 0.0 ], [ 116.39668610800004, -8.940564971999947, 0.0 ], [ 116.396667359000048, -8.940533586999948, 0.0 ], [ 116.396667024000067, -8.940533025999969, 0.0 ], [ 116.396603808, -8.940511740999966, 0.0 ], [ 116.396577967000098, -8.940503038999964, 0.0 ], [ 116.39615324500005, -8.940624525999965, 0.0 ], [ 116.396141011000054, -8.940628024999967, 0.0 ], [ 116.396051748000104, -8.94070555899998, 0.0 ], [ 116.395911992000038, -8.940826953999931, 0.0 ], [ 116.395681726000021, -8.941114683999956, 0.0 ], [ 116.39554303500006, -8.941287988999932, 0.0 ], [ 116.395540197000059, -8.941401825999947, 0.0 ], [ 116.395537973000046, -8.941490989999977, 0.0 ], [ 116.395576426000048, -8.941768876999959, 0.0 ], [ 116.395620026000074, -8.942083967999963, 0.0 ], [ 116.395747989000029, -8.942372951999971, 0.0 ], [ 116.395748786000013, -8.942374751999978, 0.0 ], [ 116.395788597000092, -8.942464657999949, 0.0 ], [ 116.395937990000107, -8.942802033999953, 0.0 ], [ 116.395981407000022, -8.942898964999927, 0.0 ], [ 116.395981551000091, -8.942899284999953, 0.0 ], [ 116.396002034000048, -8.942945012999928, 0.0 ], [ 116.396125057000063, -8.943143268999961, 0.0 ], [ 116.396126294000055, -8.943145264999941, 0.0 ], [ 116.396195019000061, -8.943256016999953, 0.0 ], [ 116.396195996000074, -8.943764969999961, 0.0 ], [ 116.396110659000101, -8.943815578999931, 0.0 ], [ 116.396110190000059, -8.943815856999947, 0.0 ], [ 116.396088033000069, -8.943828997999958, 0.0 ], [ 116.396046688000069, -8.943850067999961, 0.0 ], [ 116.39601812, -8.943864626999925, 0.0 ], [ 116.39601643900005, -8.943865483999957, 0.0 ], [ 116.395881984000084, -8.943934003999971, 0.0 ], [ 116.395797738000056, -8.944034260999956, 0.0 ], [ 116.395723999000097, -8.944122022999977, 0.0 ], [ 116.395599644000072, -8.944149121999942, 0.0 ], [ 116.395599294000021, -8.94414919899998, 0.0 ], [ 116.395598735000021, -8.944149320999941, 0.0 ], [ 116.395590985000013, -8.944151010999974, 0.0 ], [ 116.395190992000039, -8.944223970999928, 0.0 ], [ 116.39502553300008, -8.944250757999953, 0.0 ], [ 116.395023987000059, -8.944251006999934, 0.0 ], [ 116.394811031000017, -8.944213040999955, 0.0 ], [ 116.394604984000011, -8.944037002999949, 0.0 ], [ 116.394564362000096, -8.944019483999966, 0.0 ], [ 116.39450996000005, -8.943996016999961, 0.0 ], [ 116.394489032000024, -8.943986988999939, 0.0 ], [ 116.394463024000061, -8.943976002999932, 0.0 ], [ 116.394447306000075, -8.943983489999937, 0.0 ], [ 116.39435800900003, -8.944026017999931, 0.0 ], [ 116.39425798000002, -8.944197015999976, 0.0 ], [ 116.394254150000052, -8.944269563999967, 0.0 ], [ 116.394245967000074, -8.944424985999945, 0.0 ], [ 116.394252989000051, -8.944487030999937, 0.0 ], [ 116.394262420000018, -8.944571462999932, 0.0 ], [ 116.394284032000087, -8.944764966999969, 0.0 ], [ 116.394294276000096, -8.944850084999928, 0.0 ], [ 116.394294986000091, -8.944855977999964, 0.0 ], [ 116.394305996000071, -8.944954992999953, 0.0 ], [ 116.394326531000047, -8.945044970999959, 0.0 ], [ 116.394326995000029, -8.945047004999935, 0.0 ], [ 116.394345015000113, -8.945125963999942, 0.0 ], [ 116.394408826000017, -8.945139234999942, 0.0 ], [ 116.394426968000062, -8.945143008999935, 0.0 ], [ 116.394600994000029, -8.945181, 0.0 ], [ 116.394837013000028, -8.945361952999974, 0.0 ], [ 116.394857924, -8.945355775999928, 0.0 ], [ 116.394859364000013, -8.945355349999943, 0.0 ], [ 116.394862172000103, -8.945354516999942, 0.0 ], [ 116.394964984000012, -8.945324017999951, 0.0 ], [ 116.395009467000023, -8.945296248999966, 0.0 ], [ 116.395104913000068, -8.945236664999982, 0.0 ], [ 116.395105991000037, -8.945235991999937, 0.0 ], [ 116.39522803400007, -8.945274985999959, 0.0 ], [ 116.395321106000097, -8.945303789999969, 0.0 ], [ 116.395321377000073, -8.945303873999933, 0.0 ], [ 116.395321621000107, -8.945303948999936, 0.0 ], [ 116.395324888000118, -8.945304962999955, 0.0 ], [ 116.395351866000055, -8.945325852999929, 0.0 ], [ 116.395401001000096, -8.945363976999943, 0.0 ], [ 116.395501, -8.945491009999955, 0.0 ], [ 116.395534021000117, -8.945564016999981, 0.0 ], [ 116.395491666000112, -8.94559624599998, 0.0 ], [ 116.395466982000016, -8.945615010999973, 0.0 ], [ 116.395239108000055, -8.94567675199994, 0.0 ], [ 116.395238022000058, -8.945677045999957, 0.0 ], [ 116.395067386000051, -8.945671576999928, 0.0 ], [ 116.395064510000111, -8.945671484999934, 0.0 ], [ 116.395019188000106, -8.945670031999953, 0.0 ], [ 116.395017983000116, -8.945669991999978, 0.0 ], [ 116.394569138000065, -8.945551015999968, 0.0 ], [ 116.394528999000045, -8.945583015999944, 0.0 ], [ 116.394510786000069, -8.945596875999968, 0.0 ], [ 116.394503760000021, -8.945602220999945, 0.0 ], [ 116.39479062700002, -8.946039367999958, 0.0 ], [ 116.394895973000075, -8.94609896399993, 0.0 ], [ 116.394899426000052, -8.946101021999937, 0.0 ], [ 116.394900995000057, -8.946101957999929, 0.0 ], [ 116.395013999000071, -8.94625496499998, 0.0 ], [ 116.395083007000039, -8.946345977999954, 0.0 ], [ 116.39508696300004, -8.946388687999956, 0.0 ], [ 116.395095975000118, -8.946485960999951, 0.0 ], [ 116.395097619000012, -8.946498444999975, 0.0 ], [ 116.395230300000094, -8.946714432999954, 0.0 ], [ 116.395231483000089, -8.946716208999931, 0.0 ], [ 116.395766010000102, -8.946754991999967, 0.0 ], [ 116.395766457000036, -8.946755350999979, 0.0 ], [ 116.395935, -8.946890998999947, 0.0 ], [ 116.396060018000071, -8.946899975999941, 0.0 ], [ 116.396222222, -8.946878237999954, 0.0 ], [ 116.396469180000054, -8.946845141999972, 0.0 ], [ 116.39647001700007, -8.946845028999974, 0.0 ], [ 116.396523000000116, -8.946918995999965, 0.0 ], [ 116.39651807700011, -8.946932207999964, 0.0 ], [ 116.396482015000061, -8.94702897999997, 0.0 ], [ 116.396381073000043, -8.947111836999966, 0.0 ], [ 116.396380356, -8.947112425999933, 0.0 ], [ 116.396281026000111, -8.947193955999978, 0.0 ], [ 116.395954015000029, -8.947412981999946, 0.0 ], [ 116.395754979000117, -8.947621997999931, 0.0 ], [ 116.3957242460001, -8.947684674999948, 0.0 ], [ 116.395676031000107, -8.947783011999945, 0.0 ], [ 116.395663047000085, -8.947914392999962, 0.0 ], [ 116.395654980000018, -8.947996024999952, 0.0 ], [ 116.395618131000106, -8.948086357999955, 0.0 ], [ 116.39560602600011, -8.948116033999952, 0.0 ], [ 116.395528788000092, -8.948187976999975, 0.0 ], [ 116.395428964000075, -8.948280956999952, 0.0 ], [ 116.395369998000092, -8.948385016999964, 0.0 ], [ 116.395351664000032, -8.948441457999934, 0.0 ], [ 116.395351555000047, -8.948441794999951, 0.0 ], [ 116.39528102700001, -8.948658973999954, 0.0 ], [ 116.395259408000015, -8.948662006999939, 0.0 ], [ 116.395235827000079, -8.948665313999982, 0.0 ], [ 116.395234444000039, -8.948665507999976, 0.0 ], [ 116.395194975000095, -8.948671042999933, 0.0 ], [ 116.395184849000088, -8.948665447999929, 0.0 ], [ 116.395121044, -8.948630194999964, 0.0 ], [ 116.395107988000063, -8.94862298299995, 0.0 ], [ 116.395103429000073, -8.948571935999951, 0.0 ], [ 116.395098991000054, -8.948522019999928, 0.0 ], [ 116.395137982000051, -8.948029000999952, 0.0 ], [ 116.395142001000067, -8.94772898399998, 0.0 ], [ 116.395126826000023, -8.947669742999949, 0.0 ], [ 116.395126274000063, -8.947667586999955, 0.0 ], [ 116.395084785000108, -8.947505665999927, 0.0 ], [ 116.394652691000033, -8.947442722999938, 0.0 ], [ 116.394609108000054, -8.947450466999953, 0.0 ], [ 116.394370661000039, -8.947492834999935, 0.0 ], [ 116.394369979000089, -8.947492954999973, 0.0 ], [ 116.394220404000066, -8.947585791999927, 0.0 ], [ 116.393446233000077, -8.948439370999949, 0.0 ], [ 116.393415005000065, -8.948533032999933, 0.0 ], [ 116.393421493, -8.948644767999951, 0.0 ], [ 116.393426963000024, -8.948738956999932, 0.0 ], [ 116.393430802000012, -8.948812467999971, 0.0 ], [ 116.393431981000049, -8.948834998999928, 0.0 ], [ 116.393522, -8.948964004999937, 0.0 ], [ 116.393627435000099, -8.949104431999956, 0.0 ], [ 116.393724300000031, -8.949233441999979, 0.0 ], [ 116.393762990000027, -8.949284984999963, 0.0 ], [ 116.393831, -8.949658997999961, 0.0 ], [ 116.3938856850001, -8.949991414999943, 0.0 ], [ 116.393885903000069, -8.94999274099996, 0.0 ], [ 116.393957016000059, -8.950425017999976, 0.0 ], [ 116.393918026000051, -8.951234032999935, 0.0 ], [ 116.393912029000035, -8.951504040999964, 0.0 ], [ 116.393972, -8.95161699199997, 0.0 ], [ 116.394055016000038, -8.951754017999974, 0.0 ], [ 116.394080028000076, -8.951921007999943, 0.0 ], [ 116.394040015000087, -8.952079007999941, 0.0 ], [ 116.393981201000088, -8.95212294199996, 0.0 ], [ 116.393980980000038, -8.952123105999931, 0.0 ], [ 116.393980739000085, -8.952123284999971, 0.0 ], [ 116.393979222000098, -8.952124418999972, 0.0 ], [ 116.393936976000077, -8.952155975999972, 0.0 ], [ 116.393894220000107, -8.952200326999957, 0.0 ], [ 116.393854027000089, -8.952242018999925, 0.0 ], [ 116.393557026000053, -8.952679021999927, 0.0 ], [ 116.393472053000096, -8.952675235999948, 0.0 ], [ 116.393398997000077, -8.95267198099998, 0.0 ], [ 116.393039201000079, -8.952509014999976, 0.0 ], [ 116.392952965000063, -8.952469956999948, 0.0 ], [ 116.392887024000061, -8.952339994999932, 0.0 ], [ 116.392863252000097, -8.952291523999975, 0.0 ], [ 116.392860037000105, -8.952284971999973, 0.0 ], [ 116.392826684000056, -8.952250355999979, 0.0 ], [ 116.392602412000087, -8.952017615999978, 0.0 ], [ 116.392596991, -8.95201198999996, 0.0 ], [ 116.392472644, -8.951848088999952, 0.0 ], [ 116.392472154000075, -8.951847442999963, 0.0 ], [ 116.39242402800005, -8.951784009999926, 0.0 ], [ 116.392411239000012, -8.95172664699993, 0.0 ], [ 116.392383005000056, -8.951600010999925, 0.0 ], [ 116.392405096000061, -8.951448610999932, 0.0 ], [ 116.392405136000093, -8.951448340999946, 0.0 ], [ 116.392422988000021, -8.95132598999993, 0.0 ], [ 116.392435113000033, -8.95122788499998, 0.0 ], [ 116.392452030000072, -8.951091014999975, 0.0 ], [ 116.392386429000112, -8.951001467999959, 0.0 ], [ 116.392315002000032, -8.950903967999977, 0.0 ], [ 116.392111027000055, -8.950697998999942, 0.0 ], [ 116.391946764000068, -8.950596192999967, 0.0 ], [ 116.391727012000047, -8.95045999599995, 0.0 ], [ 116.391671085000098, -8.950413504999972, 0.0 ], [ 116.39161398300007, -8.950366035999934, 0.0 ], [ 116.391447013000061, -8.950143016999959, 0.0 ], [ 116.391441027000042, -8.949999971999944, 0.0 ], [ 116.391440535000015, -8.949813232999929, 0.0 ], [ 116.391439969000089, -8.949598017999961, 0.0 ], [ 116.391435950000073, -8.949569650999933, 0.0 ], [ 116.391432036000083, -8.949542029999975, 0.0 ], [ 116.391402008000114, -8.949328011999967, 0.0 ], [ 116.391261335000081, -8.948977547999959, 0.0 ], [ 116.391261228000076, -8.94897728199993, 0.0 ], [ 116.391260859000113, -8.948976363999975, 0.0 ], [ 116.390940005000061, -8.948177014999942, 0.0 ], [ 116.390764998, -8.947917020999967, 0.0 ], [ 116.390620399000113, -8.947774212999946, 0.0 ], [ 116.390438966000033, -8.947595022999963, 0.0 ], [ 116.390381706000085, -8.947537742999941, 0.0 ], [ 116.390322976000107, -8.947478993999937, 0.0 ], [ 116.390187972000035, -8.947474972999942, 0.0 ], [ 116.389779431000079, -8.947502485999962, 0.0 ], [ 116.389774899000031, -8.947502791999966, 0.0 ], [ 116.389624538000021, -8.947512916999926, 0.0 ], [ 116.389623037000092, -8.947513017999938, 0.0 ], [ 116.389439016000097, -8.947565981999958, 0.0 ], [ 116.389257256000064, -8.947626222999929, 0.0 ], [ 116.389250012000048, -8.947628621999968, 0.0 ], [ 116.389101021000101, -8.947678000999929, 0.0 ], [ 116.388832268000101, -8.947702643999946, 0.0 ], [ 116.388729983000076, -8.947712022999951, 0.0 ], [ 116.388386461000096, -8.947760235999965, 0.0 ], [ 116.388380080000047, -8.947761130999936, 0.0 ], [ 116.388267013000018, -8.947777, 0.0 ], [ 116.387377978000018, -8.947994005999931, 0.0 ], [ 116.387333831000092, -8.948031465999975, 0.0 ], [ 116.387233010000045, -8.948117017999948, 0.0 ], [ 116.387148018000062, -8.948254980999934, 0.0 ], [ 116.387125727000011, -8.948338283999931, 0.0 ], [ 116.387097981000011, -8.948441973999934, 0.0 ], [ 116.38705896700003, -8.948582976999944, 0.0 ], [ 116.387020988000017, -8.949182957999938, 0.0 ], [ 116.386986550000074, -8.949187649999942, 0.0 ], [ 116.386983874000066, -8.949188012999969, 0.0 ], [ 116.386947011000075, -8.949192995999965, 0.0 ], [ 116.386935297000036, -8.949196074999975, 0.0 ], [ 116.386828975000071, -8.949223998999969, 0.0 ], [ 116.386791004000088, -8.949233973999981, 0.0 ], [ 116.386772798000038, -8.949721608999937, 0.0 ], [ 116.386772, -8.949742980999929, 0.0 ], [ 116.386731006000105, -8.950261980999926, 0.0 ], [ 116.386526012000104, -8.95025101799996, 0.0 ], [ 116.386397984000041, -8.950166990999946, 0.0 ], [ 116.38635213900011, -8.950116581999964, 0.0 ], [ 116.386351283000067, -8.950115640999968, 0.0 ], [ 116.386156982000102, -8.949902, 0.0 ], [ 116.38608599600002, -8.949695976999976, 0.0 ], [ 116.386062272000117, -8.949650282999926, 0.0 ], [ 116.386061860000041, -8.949649490999946, 0.0 ], [ 116.385992016000046, -8.949514964999935, 0.0 ], [ 116.385878225000056, -8.94947934299995, 0.0 ], [ 116.385877017000098, -8.949478964999969, 0.0 ], [ 116.385681016000035, -8.949518982999962, 0.0 ], [ 116.385406990000092, -8.949699055999929, 0.0 ], [ 116.385288005, -8.949828035999928, 0.0 ], [ 116.38525908500003, -8.94985939299994, 0.0 ], [ 116.385217974000057, -8.949903967999944, 0.0 ], [ 116.385174405000043, -8.950026238999953, 0.0 ], [ 116.385145998000098, -8.950105975999975, 0.0 ], [ 116.38512442800004, -8.950197055999979, 0.0 ], [ 116.385060036000027, -8.950468970999964, 0.0 ], [ 116.384840011000051, -8.950843968999948, 0.0 ], [ 116.384819742000104, -8.950838437999948, 0.0 ], [ 116.384768880000024, -8.95082455599993, 0.0 ], [ 116.384701010000072, -8.950806032999935, 0.0 ], [ 116.38426697400007, -8.950568026999974, 0.0 ], [ 116.384166640000103, -8.95050869499994, 0.0 ], [ 116.384069003000036, -8.950450957999976, 0.0 ], [ 116.383872020000013, -8.950327011999946, 0.0 ], [ 116.383718980000026, -8.95012004299997, 0.0 ], [ 116.383703022000077, -8.950065676999941, 0.0 ], [ 116.383676993000108, -8.949977004999937, 0.0 ], [ 116.383636730000035, -8.949843114999965, 0.0 ], [ 116.383612025000048, -8.949760954999931, 0.0 ], [ 116.383594528000117, -8.949750678999976, 0.0 ], [ 116.383546405000061, -8.94972241399995, 0.0 ], [ 116.383509968000112, -8.94970101399997, 0.0 ], [ 116.383507365000014, -8.949701651999931, 0.0 ], [ 116.383463827000014, -8.949712330999944, 0.0 ], [ 116.383463322000011, -8.94971245399995, 0.0 ], [ 116.383351022000056, -8.94974, 0.0 ], [ 116.383229167000081, -8.949800397999979, 0.0 ], [ 116.383228292000013, -8.949800833999973, 0.0 ], [ 116.383121026000026, -8.949854001999938, 0.0 ], [ 116.3829900180001, -8.949918992999926, 0.0 ], [ 116.382731014000115, -8.950153030999957, 0.0 ], [ 116.382570021000106, -8.950348988999963, 0.0 ], [ 116.382556257000033, -8.950421963999929, 0.0 ], [ 116.382543988000066, -8.950487013999975, 0.0 ], [ 116.382583003000036, -8.950611974999958, 0.0 ], [ 116.382613391000064, -8.950654063999934, 0.0 ], [ 116.382692033000012, -8.950762990999976, 0.0 ], [ 116.382715995000012, -8.950786992999952, 0.0 ], [ 116.382902608000109, -8.950977229999978, 0.0 ], [ 116.383015121000085, -8.951091926999936, 0.0 ], [ 116.383016702000077, -8.951093538999942, 0.0 ], [ 116.383284020000019, -8.95136604399994, 0.0 ], [ 116.383483001000059, -8.951552022999977, 0.0 ], [ 116.383483025000032, -8.951624997999943, 0.0 ], [ 116.383455598000069, -8.951644528999964, 0.0 ], [ 116.383454725000092, -8.951645147999955, 0.0 ], [ 116.383417016000067, -8.951672000999963, 0.0 ], [ 116.383394029000101, -8.951684660999945, 0.0 ], [ 116.383289986000023, -8.951741962999961, 0.0 ], [ 116.383242762, -8.951862648999963, 0.0 ], [ 116.383216013000037, -8.951931012999978, 0.0 ], [ 116.383169450000082, -8.951957184999969, 0.0 ], [ 116.383088003000012, -8.952002962999927, 0.0 ], [ 116.382976432000078, -8.952038659999971, 0.0 ], [ 116.382894006000015, -8.95206503199995, 0.0 ], [ 116.382880998000019, -8.952125979999948, 0.0 ], [ 116.382839104000027, -8.952348411999935, 0.0 ], [ 116.382838998000011, -8.952348975999939, 0.0 ], [ 116.38281905000008, -8.952347381999971, 0.0 ], [ 116.382804287000113, -8.952346201999944, 0.0 ], [ 116.382802024000057, -8.952346021999972, 0.0 ], [ 116.382641036000109, -8.952449018999971, 0.0 ], [ 116.382593352000072, -8.952487571999939, 0.0 ], [ 116.382556989000022, -8.952516972999945, 0.0 ], [ 116.382520517000103, -8.952531471999976, 0.0 ], [ 116.382515460000036, -8.952533481999978, 0.0 ], [ 116.38249401500002, -8.952542005999931, 0.0 ], [ 116.382489503000102, -8.952556841999979, 0.0 ], [ 116.38248563500008, -8.952569565999966, 0.0 ], [ 116.382483984000032, -8.952574994999964, 0.0 ], [ 116.382458210000095, -8.952659961999927, 0.0 ], [ 116.382453963000103, -8.952673963999928, 0.0 ], [ 116.382585, -8.953030013999978, 0.0 ], [ 116.382590548000053, -8.953049269999951, 0.0 ], [ 116.382623031000094, -8.95316201299994, 0.0 ], [ 116.3826299750001, -8.953340113999957, 0.0 ], [ 116.382635972000116, -8.953493994999974, 0.0 ], [ 116.382621244, -8.953558846999954, 0.0 ], [ 116.382598036000104, -8.953661041999965, 0.0 ], [ 116.382593291000035, -8.953675454999939, 0.0 ], [ 116.382572026000048, -8.953740032999974, 0.0 ], [ 116.382542717000092, -8.953755147999971, 0.0 ], [ 116.382520534000037, -8.953766585999972, 0.0 ], [ 116.382514717000049, -8.953769585999964, 0.0 ], [ 116.382513995000068, -8.953769957999953, 0.0 ], [ 116.382440819000067, -8.953739700999961, 0.0 ], [ 116.38244047, -8.953739557999938, 0.0 ], [ 116.382385973000055, -8.953717023999957, 0.0 ], [ 116.38215901600006, -8.953574040999968, 0.0 ], [ 116.381577982000067, -8.952970007999966, 0.0 ], [ 116.381426984000086, -8.95293901399998, 0.0 ], [ 116.381424696000067, -8.952939192999963, 0.0 ], [ 116.381189991000042, -8.952957966999975, 0.0 ], [ 116.381092007, -8.953060981999954, 0.0 ], [ 116.380884355000035, -8.953323619999935, 0.0 ], [ 116.380884133000109, -8.95332389899994, 0.0 ], [ 116.380703014, -8.953552981999962, 0.0 ], [ 116.380691010000078, -8.953858982999975, 0.0 ], [ 116.38068110200004, -8.953875711999956, 0.0 ], [ 116.380680889000018, -8.953876072999947, 0.0 ], [ 116.380534031000025, -8.954124019999938, 0.0 ], [ 116.380553269000075, -8.954188979999969, 0.0 ], [ 116.380574005000085, -8.954259001999958, 0.0 ], [ 116.380686432000061, -8.954312806999951, 0.0 ], [ 116.380716030000031, -8.954326972999979, 0.0 ], [ 116.380792948000021, -8.95435002399995, 0.0 ], [ 116.380793274000098, -8.954350119999958, 0.0 ], [ 116.38091294600008, -8.954385980999973, 0.0 ], [ 116.380916348000028, -8.954391390999945, 0.0 ], [ 116.380972970000016, -8.954482032999977, 0.0 ], [ 116.380932964000067, -8.954629996999927, 0.0 ], [ 116.380848995000065, -8.954695956999956, 0.0 ], [ 116.380771914000093, -8.954714797999941, 0.0 ], [ 116.380771626000069, -8.954714868999929, 0.0 ], [ 116.380548496000074, -8.954769409999926, 0.0 ], [ 116.380516691000025, -8.954811817999939, 0.0 ], [ 116.38046264400009, -8.954883880999944, 0.0 ], [ 116.380390582000018, -8.954991972999949, 0.0 ], [ 116.3803455420001, -8.95508204999993, 0.0 ], [ 116.380345544000079, -8.955154112999935, 0.0 ], [ 116.380345544000079, -8.955220743999973, 0.0 ], [ 116.380387492000068, -8.955384416999948, 0.0 ], [ 116.380441981000104, -8.955597021999949, 0.0 ], [ 116.380419129000074, -8.955644898999935, 0.0 ], [ 116.380399983000075, -8.955685014999972, 0.0 ], [ 116.380364080000049, -8.95570295899995, 0.0 ], [ 116.380327985, -8.955720989999975, 0.0 ], [ 116.380288006000114, -8.955720016999976, 0.0 ], [ 116.380129420000117, -8.955749515999969, 0.0 ], [ 116.380089023000096, -8.955757028999926, 0.0 ], [ 116.379986377000023, -8.955780601999948, 0.0 ], [ 116.379978096000059, -8.955782503999956, 0.0 ], [ 116.379814988000021, -8.955819960999975, 0.0 ], [ 116.379814720000013, -8.95581993899998, 0.0 ], [ 116.379335008000112, -8.955780000999937, 0.0 ], [ 116.379327710000098, -8.955779446999941, 0.0 ], [ 116.379327327000055, -8.955779417999963, 0.0 ], [ 116.379296008000097, -8.955777041999966, 0.0 ], [ 116.379174476000117, -8.955754930999944, 0.0 ], [ 116.379130968000027, -8.955747014999929, 0.0 ], [ 116.379008974000044, -8.955677993999927, 0.0 ], [ 116.378913099000101, -8.955607639999926, 0.0 ], [ 116.37881, -8.955531982999958, 0.0 ], [ 116.378436015000034, -8.955309986999964, 0.0 ], [ 116.378180027000099, -8.955301962999954, 0.0 ], [ 116.37798396800008, -8.955339973999969, 0.0 ], [ 116.377936672000033, -8.955358467999929, 0.0 ], [ 116.377382983000075, -8.955574979999938, 0.0 ], [ 116.377187460000073, -8.955713276999973, 0.0 ], [ 116.377186049000102, -8.955714274999934, 0.0 ], [ 116.377119992000075, -8.955760998999949, 0.0 ], [ 116.376872496000033, -8.955918165999947, 0.0 ], [ 116.376872204000051, -8.95591835099998, 0.0 ], [ 116.376627033000091, -8.956074042999944, 0.0 ], [ 116.376626549000093, -8.956073787999969, 0.0 ], [ 116.37655096900005, -8.956034036999938, 0.0 ], [ 116.376437998000029, -8.955864022999947, 0.0 ], [ 116.376382772000056, -8.955784870999935, 0.0 ], [ 116.376347984000063, -8.955735011999934, 0.0 ], [ 116.376317531000041, -8.955717723999953, 0.0 ], [ 116.376251016000083, -8.955679958999951, 0.0 ], [ 116.375699969000038, -8.955572957999948, 0.0 ], [ 116.375692007000112, -8.955535428999951, 0.0 ], [ 116.375686638000047, -8.955510129999936, 0.0 ], [ 116.375680028000033, -8.955478970999934, 0.0 ], [ 116.375720988000012, -8.955212006999943, 0.0 ], [ 116.375816965000013, -8.95499953999996, 0.0 ], [ 116.375875033000057, -8.954870993999975, 0.0 ], [ 116.375837032000049, -8.954590965999955, 0.0 ], [ 116.375795178000089, -8.954535036999971, 0.0 ], [ 116.375721035000083, -8.954435957999976, 0.0 ], [ 116.375537856000051, -8.954318540999964, 0.0 ], [ 116.375483973000087, -8.954284000999962, 0.0 ], [ 116.375362009000014, -8.954233737999971, 0.0 ], [ 116.375361415000043, -8.954233492999947, 0.0 ], [ 116.375301984000089, -8.95420900199997, 0.0 ], [ 116.375243753000063, -8.954184754999972, 0.0 ], [ 116.375230026000054, -8.954179038999939, 0.0 ], [ 116.375205311000059, -8.954165837999938, 0.0 ], [ 116.375112, -8.95411599199997, 0.0 ], [ 116.375015004000034, -8.953596975999972, 0.0 ], [ 116.375000000000114, -8.953551987999958, 0.0 ], [ 116.374868027000048, -8.95313398899998, 0.0 ], [ 116.374838443000044, -8.95308625499996, 0.0 ], [ 116.374811028000067, -8.953042016999973, 0.0 ], [ 116.374688659000071, -8.953019174999952, 0.0 ], [ 116.374570032000065, -8.952997030999938, 0.0 ], [ 116.374518677000083, -8.952977334999957, 0.0 ], [ 116.374462993000066, -8.952955976999931, 0.0 ], [ 116.374364016000072, -8.952805969999929, 0.0 ], [ 116.374422545000016, -8.952693525999962, 0.0 ], [ 116.374492023000016, -8.952560043999938, 0.0 ], [ 116.374527516000057, -8.952476038999976, 0.0 ], [ 116.374554983000053, -8.952411034999955, 0.0 ], [ 116.374553971000068, -8.952256041999931, 0.0 ], [ 116.374141969000107, -8.951944002999937, 0.0 ], [ 116.374095434000083, -8.951908960999958, 0.0 ], [ 116.374067619000016, -8.951888015999941, 0.0 ], [ 116.37406712500001, -8.951887642999964, 0.0 ], [ 116.374040991000015, -8.951867962999927, 0.0 ], [ 116.374049995000064, -8.95169001499994, 0.0 ], [ 116.374094032000016, -8.951333986999941, 0.0 ], [ 116.374071018000109, -8.951193966999938, 0.0 ], [ 116.373887994000029, -8.951025008999977, 0.0 ], [ 116.373839586000031, -8.951011053999935, 0.0 ], [ 116.373839212, -8.951010943999961, 0.0 ], [ 116.373770781000076, -8.950991218999945, 0.0 ], [ 116.373769991000017, -8.950990991999959, 0.0 ], [ 116.373734143000092, -8.951013764999971, 0.0 ], [ 116.373674013000027, -8.951051977999953, 0.0 ], [ 116.373645575000069, -8.951095740999961, 0.0 ], [ 116.37364543700005, -8.951095954999971, 0.0 ], [ 116.373584988000061, -8.951188983999941, 0.0 ], [ 116.373402641000098, -8.951417302999971, 0.0 ], [ 116.373374966000029, -8.951451954999925, 0.0 ], [ 116.373292988000117, -8.951500005999947, 0.0 ], [ 116.373292332, -8.951499188999946, 0.0 ], [ 116.373193437000054, -8.951373105999949, 0.0 ], [ 116.373139997000067, -8.951304972999935, 0.0 ], [ 116.373102369000094, -8.951266316999977, 0.0 ], [ 116.3730679680001, -8.951230971999962, 0.0 ], [ 116.372968017000062, -8.951210646999925, 0.0 ], [ 116.372967284000083, -8.951210496999977, 0.0 ], [ 116.372954972000116, -8.951207993999958, 0.0 ], [ 116.372929503000023, -8.951215927999954, 0.0 ], [ 116.372928857000034, -8.951216127999942, 0.0 ], [ 116.372928263000063, -8.951216313999964, 0.0 ], [ 116.372849009000106, -8.951241, 0.0 ], [ 116.372736069000098, -8.951276254999925, 0.0 ], [ 116.372502985000096, -8.95134901199998, 0.0 ], [ 116.37235901400004, -8.951357996999945, 0.0 ], [ 116.372348280000097, -8.951342887999942, 0.0 ], [ 116.372332, -8.951319970999975, 0.0 ], [ 116.372315915000058, -8.95129693399997, 0.0 ], [ 116.372288005000087, -8.951256960999956, 0.0 ], [ 116.372315326000034, -8.951197951999973, 0.0 ], [ 116.372331972000097, -8.95116199499995, 0.0 ], [ 116.372371095000062, -8.95107900499994, 0.0 ], [ 116.372397014000057, -8.951024023999935, 0.0 ], [ 116.372417284000107, -8.950935023999932, 0.0 ], [ 116.372445987000106, -8.95080897899993, 0.0 ], [ 116.372434240000075, -8.950750683999956, 0.0 ], [ 116.372418990000028, -8.950675009999941, 0.0 ], [ 116.372381312000016, -8.95064169699998, 0.0 ], [ 116.372333013000116, -8.950598996999929, 0.0 ], [ 116.372284850000028, -8.95055569799996, 0.0 ], [ 116.372284035, -8.950554963999934, 0.0 ], [ 116.372255984000049, -8.950543962999973, 0.0 ], [ 116.372255727000038, -8.950543861999961, 0.0 ], [ 116.372149038000089, -8.950502016999963, 0.0 ], [ 116.37214842000003, -8.950502130999951, 0.0 ], [ 116.37204999800008, -8.950520022999967, 0.0 ], [ 116.3719139210001, -8.950695339999982, 0.0 ], [ 116.371887024000102, -8.950729992999982, 0.0 ], [ 116.371742005000101, -8.950880036999934, 0.0 ], [ 116.3715353770001, -8.950932934999969, 0.0 ], [ 116.371534970000084, -8.950933039999939, 0.0 ], [ 116.371238987000083, -8.950762983999937, 0.0 ], [ 116.371091026000045, -8.950660006999954, 0.0 ], [ 116.370972441000049, -8.950638897999966, 0.0 ], [ 116.370910991000073, -8.950627960999952, 0.0 ], [ 116.370739966000087, -8.950720991999958, 0.0 ], [ 116.370624972000087, -8.950901017999968, 0.0 ], [ 116.370570647000022, -8.950977497999929, 0.0 ], [ 116.370517003000032, -8.951053022999929, 0.0 ], [ 116.370411477000061, -8.951153504999979, 0.0 ], [ 116.370327975, -8.951233014999957, 0.0 ], [ 116.370259994000094, -8.95159696199994, 0.0 ], [ 116.370237986, -8.951702000999944, 0.0 ], [ 116.370131987000036, -8.951754991999962, 0.0 ], [ 116.369844022000052, -8.951588023999932, 0.0 ], [ 116.369728973000065, -8.95153800199995, 0.0 ], [ 116.369606004000048, -8.951540971999975, 0.0 ], [ 116.369603033000089, -8.951541044999942, 0.0 ], [ 116.369560186000058, -8.951541937999934, 0.0 ], [ 116.369559003000063, -8.951541963999944, 0.0 ], [ 116.369419975000028, -8.951608008999926, 0.0 ], [ 116.369275032000019, -8.951801008999951, 0.0 ], [ 116.369248634000087, -8.952198188999944, 0.0 ], [ 116.36922698, -8.952523981999946, 0.0 ], [ 116.369423963000031, -8.952994, 0.0 ], [ 116.369479021000075, -8.953166989999943, 0.0 ], [ 116.36946402500007, -8.953337963999957, 0.0 ], [ 116.369369895000091, -8.953506303999973, 0.0 ], [ 116.36930928400011, -8.953629425999964, 0.0 ], [ 116.369211948000043, -8.953783021999925, 0.0 ], [ 116.369145017000051, -8.953880112999968, 0.0 ], [ 116.369124001000046, -8.953914040999962, 0.0 ], [ 116.369096134000074, -8.953934308999976, 0.0 ], [ 116.369032942000104, -8.953982681999946, 0.0 ], [ 116.369027557000095, -8.953984186999946, 0.0 ], [ 116.369025091000026, -8.953985978999981, 0.0 ], [ 116.369022778000044, -8.953985521999925, 0.0 ], [ 116.368968876000054, -8.954000580999946, 0.0 ], [ 116.368925248000096, -8.953963261999945, 0.0 ], [ 116.368924023000091, -8.95396298199995, 0.0 ], [ 116.368922364000014, -8.953960793999954, 0.0 ], [ 116.368919291000111, -8.95395816599995, 0.0 ], [ 116.368858688000046, -8.953881657999943, 0.0 ], [ 116.368851601000074, -8.953861707999977, 0.0 ], [ 116.368849816000079, -8.953857739999933, 0.0 ], [ 116.368825892000018, -8.953804551999951, 0.0 ], [ 116.368801508000047, -8.953773746999957, 0.0 ], [ 116.368700303000082, -8.953759790999982, 0.0 ], [ 116.368652888000042, -8.953756126999963, 0.0 ], [ 116.368551440000033, -8.953785308999954, 0.0 ], [ 116.368509923000033, -8.953800411999964, 0.0 ], [ 116.368420465000099, -8.953838368999925, 0.0 ], [ 116.368350713000041, -8.953862056999981, 0.0 ], [ 116.368319993000114, -8.95387496099994, 0.0 ], [ 116.368287153000097, -8.953878777999932, 0.0 ], [ 116.368246166000063, -8.953886513999976, 0.0 ], [ 116.368043389000036, -8.953907108999942, 0.0 ], [ 116.36803274600004, -8.953908345999935, 0.0 ], [ 116.368003650000105, -8.953911726999934, 0.0 ], [ 116.36800099800007, -8.953912034999973, 0.0 ], [ 116.367969931000061, -8.953902274999962, 0.0 ], [ 116.367932839000105, -8.953894855999977, 0.0 ], [ 116.367843736000054, -8.95387188199993, 0.0 ], [ 116.367774188000112, -8.953824619999978, 0.0 ], [ 116.367781224000055, -8.953789435999965, 0.0 ], [ 116.367766992000043, -8.953773009999964, 0.0 ], [ 116.367774024000028, -8.953653023999948, 0.0 ], [ 116.367774965000081, -8.953652483999974, 0.0 ], [ 116.367812326000035, -8.953630954999937, 0.0 ], [ 116.367814069000019, -8.953629949999936, 0.0 ], [ 116.367816714000014, -8.953628426999956, 0.0 ], [ 116.367829757000095, -8.953602350999972, 0.0 ], [ 116.367909990000044, -8.953574676999949, 0.0 ], [ 116.368201015000068, -8.953406976999929, 0.0 ], [ 116.368236635000017, -8.953379745999939, 0.0 ], [ 116.368319983000106, -8.95331602899995, 0.0 ], [ 116.368578977000084, -8.952795970999944, 0.0 ], [ 116.368599878000055, -8.952682763999974, 0.0 ], [ 116.368619031000094, -8.952579011999944, 0.0 ], [ 116.368599321000033, -8.952490889999979, 0.0 ], [ 116.368578985000113, -8.952399985999932, 0.0 ], [ 116.368454, -8.952240984999946, 0.0 ], [ 116.368302507000067, -8.952120867999952, 0.0 ], [ 116.368062999000017, -8.951930964999974, 0.0 ], [ 116.368008963000079, -8.951916582999957, 0.0 ], [ 116.367942968000079, -8.951899019999928, 0.0 ], [ 116.367906315000027, -8.951893439999935, 0.0 ], [ 116.367851035000058, -8.951885026999946, 0.0 ], [ 116.367828032000034, -8.951610994999953, 0.0 ], [ 116.368025025000065, -8.950987019999957, 0.0 ], [ 116.368432687000109, -8.950437540999928, 0.0 ], [ 116.368432947000088, -8.950437188999956, 0.0 ], [ 116.368507990000012, -8.950336040999957, 0.0 ], [ 116.368539220000116, -8.950310418999948, 0.0 ], [ 116.368539439000074, -8.950310239999965, 0.0 ], [ 116.369008990000111, -8.949924996999925, 0.0 ], [ 116.369228995000071, -8.949787018999928, 0.0 ], [ 116.369437013000038, -8.949697193999953, 0.0 ], [ 116.369529994000118, -8.949657043999935, 0.0 ], [ 116.369599058000063, -8.949627018999934, 0.0 ], [ 116.369606033000082, -8.949623986999939, 0.0 ], [ 116.369803968000042, -8.949539953999931, 0.0 ], [ 116.369865213000026, -8.949496068999963, 0.0 ], [ 116.370103988000096, -8.949324976999947, 0.0 ], [ 116.370301989000041, -8.949115971999959, 0.0 ], [ 116.370607919, -8.94892313899993, 0.0 ], [ 116.3710211880001, -8.948466954999958, 0.0 ], [ 116.371034975000043, -8.94844497899993, 0.0 ], [ 116.371064794000063, -8.948356701999955, 0.0 ], [ 116.371113002000016, -8.948213980999981, 0.0 ], [ 116.371168035000096, -8.948008983999955, 0.0 ], [ 116.371276001000069, -8.947770981999952, 0.0 ], [ 116.371840019000047, -8.947392954999941, 0.0 ], [ 116.371924735000107, -8.947330945999965, 0.0 ], [ 116.37201898100011, -8.947261959999935, 0.0 ], [ 116.37207416800004, -8.947174892999953, 0.0 ], [ 116.372095018000095, -8.947141998999939, 0.0 ], [ 116.372118298000032, -8.946905848999961, 0.0 ], [ 116.372138533000111, -8.946700587999942, 0.0 ], [ 116.372138987000085, -8.94669599499997, 0.0 ], [ 116.372141088000035, -8.946690973999978, 0.0 ], [ 116.372203003000095, -8.946543008999981, 0.0 ], [ 116.37234098600004, -8.946384995999949, 0.0 ], [ 116.372347972000057, -8.946376958999963, 0.0 ], [ 116.37288697300005, -8.945757988999958, 0.0 ], [ 116.372920133000093, -8.945699581999975, 0.0 ], [ 116.37294553400011, -8.945654838999928, 0.0 ], [ 116.372962990000019, -8.945624090999956, 0.0 ], [ 116.372959356000024, -8.945597853999971, 0.0 ], [ 116.372852990000069, -8.944840997999961, 0.0 ], [ 116.372651575000077, -8.944478644999947, 0.0 ], [ 116.372530037000047, -8.944259995999971, 0.0 ], [ 116.372416816000054, -8.944072786999925, 0.0 ], [ 116.372344998000017, -8.94395403599998, 0.0 ], [ 116.372327922000068, -8.943925888999956, 0.0 ], [ 116.372142981000025, -8.943621010999948, 0.0 ], [ 116.371763967000106, -8.942885012999966, 0.0 ], [ 116.371649864, -8.942734264999956, 0.0 ], [ 116.371580021000113, -8.942641993999928, 0.0 ], [ 116.371473005000098, -8.942545957999926, 0.0 ], [ 116.371400612000116, -8.942540544999929, 0.0 ], [ 116.371328966000078, -8.942535188999955, 0.0 ], [ 116.371326989000067, -8.942535040999928, 0.0 ], [ 116.371248321000053, -8.942580299999975, 0.0 ], [ 116.371161965000056, -8.942629980999925, 0.0 ], [ 116.371153280000044, -8.942635021999934, 0.0 ], [ 116.371012016, -8.942716987999972, 0.0 ], [ 116.370958163000068, -8.942715474999943, 0.0 ], [ 116.3709571710001, -8.942715446999955, 0.0 ], [ 116.370956184000079, -8.942715419999956, 0.0 ], [ 116.370833981000033, -8.942711985999949, 0.0 ], [ 116.370677974000046, -8.942622015999973, 0.0 ], [ 116.370353822000084, -8.942109909999942, 0.0 ], [ 116.370113967000066, -8.941730979999932, 0.0 ], [ 116.370018886000025, -8.941395458999978, 0.0 ], [ 116.369970011000078, -8.941222983999978, 0.0 ], [ 116.369911802000047, -8.941054473999941, 0.0 ], [ 116.369904034000115, -8.941031980999981, 0.0 ], [ 116.369897449000064, -8.941021660999979, 0.0 ], [ 116.369763029000069, -8.940811005999933, 0.0 ], [ 116.369668097000044, -8.940568027999973, 0.0 ], [ 116.369644489000052, -8.940507605999926, 0.0 ], [ 116.369644094000023, -8.940506589999927, 0.0 ], [ 116.369621967000057, -8.940449959999967, 0.0 ], [ 116.369617865, -8.940439469999944, 0.0 ], [ 116.369595009000022, -8.940381007999974, 0.0 ], [ 116.369482973000117, -8.940107001999934, 0.0 ], [ 116.369475273000035, -8.939949572999978, 0.0 ], [ 116.369475003000048, -8.939944039999943, 0.0 ], [ 116.369501089000096, -8.939848501999961, 0.0 ], [ 116.369527991000041, -8.939749981999967, 0.0 ], [ 116.369471061000013, -8.939457638999954, 0.0 ], [ 116.369470964000016, -8.93945714299997, 0.0 ], [ 116.369438997000088, -8.939292989999956, 0.0 ], [ 116.36930398700008, -8.938757102999944, 0.0 ], [ 116.369247021000092, -8.938530993999962, 0.0 ], [ 116.369193008000025, -8.938406019999945, 0.0 ], [ 116.369165268000074, -8.938335005999932, 0.0 ], [ 116.369165107000072, -8.938334593999969, 0.0 ], [ 116.3691340150001, -8.938254996999945, 0.0 ], [ 116.369119440000077, -8.938217204999944, 0.0 ], [ 116.369093041000042, -8.938148750999972, 0.0 ], [ 116.369086974000084, -8.938133020999942, 0.0 ], [ 116.368877930000053, -8.937826203999975, 0.0 ], [ 116.368796018000012, -8.937705976999951, 0.0 ], [ 116.368776817000025, -8.937650320999978, 0.0 ], [ 116.368754971000044, -8.937586995999936, 0.0 ], [ 116.36879203, -8.937498736999942, 0.0 ], [ 116.368814995000093, -8.937444040999935, 0.0 ], [ 116.368875522000053, -8.937395210999966, 0.0 ], [ 116.36890302200004, -8.937373024999943, 0.0 ], [ 116.368925555000033, -8.937354138999979, 0.0 ], [ 116.368948681, -8.937334754999938, 0.0 ], [ 116.368983006, -8.937305983999977, 0.0 ], [ 116.369023668000068, -8.937117966999949, 0.0 ], [ 116.369026036000037, -8.93710701599997, 0.0 ], [ 116.369030658000042, -8.937086111999974, 0.0 ], [ 116.369069529000058, -8.936910370999954, 0.0 ], [ 116.369112967000092, -8.936713982999947, 0.0 ], [ 116.369221627000115, -8.93618589099998, 0.0 ], [ 116.369299920000117, -8.935805382999945, 0.0 ], [ 116.369336012000076, -8.935629977999952, 0.0 ], [ 116.369423630000028, -8.935342086999981, 0.0 ], [ 116.369438967000065, -8.935291692999954, 0.0 ], [ 116.369498184, -8.935002334999979, 0.0 ], [ 116.369529770000099, -8.934189169999968, 0.0 ], [ 116.369529958000044, -8.934184295999955, 0.0 ], [ 116.369544031000032, -8.933822031999966, 0.0 ], [ 116.369543960000101, -8.933814550999955, 0.0 ], [ 116.3692273690001, -8.932881596999948, 0.0 ], [ 116.369191011000112, -8.932851956999968, 0.0 ], [ 116.369084993000115, -8.932791818999931, 0.0 ], [ 116.369084617000112, -8.932791605999967, 0.0 ], [ 116.369084232000091, -8.932791387999941, 0.0 ], [ 116.369006010000021, -8.93274701799993, 0.0 ], [ 116.368929032000096, -8.932629962999954, 0.0 ], [ 116.368585013000029, -8.932227969999929, 0.0 ], [ 116.368459148000056, -8.932038032999969, 0.0 ], [ 116.36837300500008, -8.93190803899995, 0.0 ], [ 116.367994957000064, -8.931479899999943, 0.0 ], [ 116.367994511, -8.931479395999929, 0.0 ], [ 116.3679350110001, -8.931412010999964, 0.0 ], [ 116.36793465400001, -8.931411608999952, 0.0 ], [ 116.367885988000012, -8.931356956999934, 0.0 ], [ 116.36760158900006, -8.931043475999957, 0.0 ], [ 116.367123988000117, -8.930517032999944, 0.0 ], [ 116.36694899400004, -8.930220044999942, 0.0 ], [ 116.366908012000067, -8.930094218999955, 0.0 ], [ 116.366902058000051, -8.93007593699997, 0.0 ], [ 116.366901939000059, -8.930075572999954, 0.0 ], [ 116.366876028000092, -8.929996019999976, 0.0 ], [ 116.366867213000091, -8.929737265999961, 0.0 ], [ 116.366867033000062, -8.929731956999944, 0.0 ], [ 116.366871423000021, -8.929713444999948, 0.0 ], [ 116.366922036, -8.929500011999949, 0.0 ], [ 116.367090014000041, -8.929211018999979, 0.0 ], [ 116.367185239000037, -8.929063732999964, 0.0 ], [ 116.367185954000092, -8.929062626999951, 0.0 ], [ 116.367262, -8.928945004999946, 0.0 ], [ 116.367273714000021, -8.928816969999957, 0.0 ], [ 116.367273754000053, -8.928816523999956, 0.0 ], [ 116.367288986000062, -8.928649986999972, 0.0 ], [ 116.367257712000082, -8.928558021999947, 0.0 ], [ 116.367223018000118, -8.928455996999958, 0.0 ], [ 116.367117020000023, -8.928159013999959, 0.0 ], [ 116.367070896000087, -8.928063642999973, 0.0 ], [ 116.366999992000046, -8.927917030999936, 0.0 ], [ 116.366859991000069, -8.927684030999956, 0.0 ], [ 116.366817747000027, -8.927406176999966, 0.0 ], [ 116.366817395000112, -8.927403874999982, 0.0 ], [ 116.366817023000067, -8.927401412999927, 0.0 ], [ 116.366775, -8.927125021999927, 0.0 ], [ 116.366745049000087, -8.926959849999946, 0.0 ], [ 116.366714972000068, -8.926793975999942, 0.0 ], [ 116.366690688000062, -8.926641274999952, 0.0 ], [ 116.366676020000114, -8.926549032999958, 0.0 ], [ 116.366683320000107, -8.925858047999952, 0.0 ], [ 116.366683508000051, -8.925840295999933, 0.0 ], [ 116.36668355900008, -8.925835486999972, 0.0 ], [ 116.366683998000099, -8.925793976999955, 0.0 ], [ 116.366683980000062, -8.925793674999966, 0.0 ], [ 116.36665701600009, -8.925300002999961, 0.0 ], [ 116.366575011, -8.925191, 0.0 ], [ 116.366544765000071, -8.925148846999946, 0.0 ], [ 116.366504010000085, -8.925092029999973, 0.0 ], [ 116.366515542000116, -8.925055476999944, 0.0 ], [ 116.366527986000051, -8.925016031999974, 0.0 ], [ 116.366818121000051, -8.924785444999941, 0.0 ], [ 116.367324229000019, -8.924383210999963, 0.0 ], [ 116.367356006000023, -8.924357954999948, 0.0 ], [ 116.367400229000054, -8.924322829999937, 0.0 ], [ 116.367527906000078, -8.924221415999966, 0.0 ], [ 116.367721011000071, -8.924068032999969, 0.0 ], [ 116.368150127000035, -8.923820558999978, 0.0 ], [ 116.368352335000054, -8.923703943999953, 0.0 ], [ 116.368712982000034, -8.923495956999943, 0.0 ], [ 116.368964449000032, -8.923389818999965, 0.0 ], [ 116.369144024000093, -8.923314024999968, 0.0 ], [ 116.369652035000058, -8.92303600799994, 0.0 ], [ 116.369867038000052, -8.922918004999929, 0.0 ], [ 116.369914519000076, -8.922887195999976, 0.0 ], [ 116.369915466000066, -8.922886581999933, 0.0 ], [ 116.370069013000034, -8.922786954999935, 0.0 ], [ 116.370162443000027, -8.922457680999969, 0.0 ], [ 116.370217951000086, -8.922262055999965, 0.0 ], [ 116.370236611000109, -8.922195465999948, 0.0 ], [ 116.370258036000109, -8.922119015999954, 0.0 ], [ 116.370316120000098, -8.921949350999967, 0.0 ], [ 116.370331983000028, -8.921903018999956, 0.0 ], [ 116.370388261000016, -8.921828952999931, 0.0 ], [ 116.370388574000117, -8.921828539999979, 0.0 ], [ 116.370388838000054, -8.921828192999953, 0.0 ], [ 116.37050299200007, -8.921677962999979, 0.0 ], [ 116.370696364000082, -8.921579870999949, 0.0 ], [ 116.370964557000093, -8.921443823999937, 0.0 ], [ 116.370979186000113, -8.921431669999947, 0.0 ], [ 116.370986996000056, -8.921424891999948, 0.0 ], [ 116.371130218000076, -8.92113633699995, 0.0 ], [ 116.371319001000074, -8.920755987999939, 0.0 ], [ 116.371407457000032, -8.920651489999955, 0.0 ], [ 116.371462013000041, -8.92058703999993, 0.0 ], [ 116.371759478000058, -8.919907046999981, 0.0 ], [ 116.371759626000085, -8.919906710999953, 0.0 ], [ 116.372014978000038, -8.919322982999972, 0.0 ], [ 116.372067125000058, -8.919199515999935, 0.0 ], [ 116.372099018000085, -8.919124, 0.0 ], [ 116.372369024000022, -8.918900015999952, 0.0 ], [ 116.372388017000048, -8.918890010999974, 0.0 ], [ 116.372475504000022, -8.918845160999979, 0.0 ], [ 116.373411535000059, -8.917971198999965, 0.0 ], [ 116.373413069000094, -8.917967831999931, 0.0 ], [ 116.373413243000073, -8.917967449999935, 0.0 ], [ 116.373478987000112, -8.917822995999927, 0.0 ], [ 116.373597350000068, -8.917702262999967, 0.0 ], [ 116.373729018000063, -8.917567960999975, 0.0 ], [ 116.373961414000064, -8.917482421999978, 0.0 ], [ 116.373987016000115, -8.917472997999937, 0.0 ], [ 116.374053224000022, -8.917421618999981, 0.0 ], [ 116.37427698800002, -8.917247956999972, 0.0 ], [ 116.374414399000102, -8.917205938999928, 0.0 ], [ 116.374521988000083, -8.917173040999955, 0.0 ], [ 116.374919211000019, -8.917037549999975, 0.0 ], [ 116.37491994100003, -8.917037301999926, 0.0 ], [ 116.37500001300009, -8.91700998999994, 0.0 ], [ 116.375280973000031, -8.916914969999937, 0.0 ], [ 116.375342602000046, -8.91688402799997, 0.0 ], [ 116.375513971000032, -8.916797987999928, 0.0 ], [ 116.375674013000094, -8.916624996999928, 0.0 ], [ 116.376324996000108, -8.915880964999928, 0.0 ], [ 116.376478022000015, -8.915511008999943, 0.0 ], [ 116.376698433000115, -8.915083133999929, 0.0 ], [ 116.376768024000057, -8.914948039999956, 0.0 ], [ 116.377051021000057, -8.914579025999956, 0.0 ], [ 116.377148027000089, -8.914515980999965, 0.0 ], [ 116.377482028000031, -8.914453962999971, 0.0 ], [ 116.377786005000075, -8.914361963999966, 0.0 ], [ 116.378261007000106, -8.913898953999933, 0.0 ], [ 116.378543975000071, -8.913635015999944, 0.0 ], [ 116.378709971000035, -8.913487987999929, 0.0 ], [ 116.37871158300004, -8.913486211999953, 0.0 ], [ 116.379241898000032, -8.912159912999925, 0.0 ], [ 116.379270052000038, -8.910996655999952, 0.0 ], [ 116.379742466000039, -8.910407109999937, 0.0 ], [ 116.379938617000107, -8.910329464999961, 0.0 ], [ 116.379997883000101, -8.910289044999956, 0.0 ], [ 116.379999729000019, -8.910287788999938, 0.0 ], [ 116.3802791170001, -8.910098354999946, 0.0 ], [ 116.38061441900004, -8.910204867999937, 0.0 ], [ 116.380764161000116, -8.910322536999956, 0.0 ], [ 116.381190992000029, -8.910657946999947, 0.0 ], [ 116.381385322000028, -8.910810653999931, 0.0 ], [ 116.381924135000077, -8.91172310099995, 0.0 ], [ 116.382541206000042, -8.912002388999952, 0.0 ], [ 116.383214883000051, -8.913049392999937, 0.0 ], [ 116.383938516000057, -8.913079377999964, 0.0 ], [ 116.384873897000034, -8.913426356999935, 0.0 ], [ 116.385665090000089, -8.913446854999961, 0.0 ], [ 116.386243923000052, -8.913514977999967, 0.0 ], [ 116.386475168000061, -8.913183996999976, 0.0 ], [ 116.386592123000014, -8.913016597999956, 0.0 ], [ 116.3874712920001, -8.912355971999943, 0.0 ], [ 116.387635997000075, -8.911953240999935, 0.0 ], [ 116.387994800000115, -8.910879159999979, 0.0 ], [ 116.388224930000092, -8.910711918999937, 0.0 ], [ 116.388429532000032, -8.91056322999998, 0.0 ], [ 116.389433348000011, -8.910372972999937, 0.0 ], [ 116.390224631000024, -8.910335889999942, 0.0 ], [ 116.39050477, -8.910144442999979, 0.0 ], [ 116.390901491000022, -8.909473421999962, 0.0 ], [ 116.391462371000102, -8.908725906999962, 0.0 ], [ 116.392022583000085, -8.908381391999967, 0.0 ], [ 116.392630847000078, -8.90815209799996, 0.0 ], [ 116.393297369000038, -8.907702205999954, 0.0 ], [ 116.393645032000109, -8.907520461999979, 0.0 ], [ 116.394244041000093, -8.907051267999975, 0.0 ], [ 116.394861934, -8.906831581999938, 0.0 ], [ 116.395759726000051, -8.906564371999934, 0.0 ], [ 116.396521927000094, -8.906603989999951, 0.0 ], [ 116.39707196400002, -8.906576094999934, 0.0 ], [ 116.39773781800011, -8.906529196999941, 0.0 ] ] ] ] } },
{ "type": "Feature","id":6, "properties": { "OBJECTID_1": 117, "OBJECTID": 117, "NAMA_KWS": "TWA Kerandangan", "NOREGKK": "100253060", "NUPT": "Balai KSDA Nusa Tenggara Barat", "NPULAU": "Bali Nusra", "NPROV": "Nusa Tenggara Barat", "FGSKWS": "TWA", "LUAS_HA": 396.1, "SUMBERDATA": "Peta Penetapan Kawasan Hutan periode Juli 2024", "KETERANGAN": "SK Kawasan", "PROYEKSI": "World Cylindrical Equal Area", "Area": 391.92507186500001, "Perimeter": 9.1789279379900002, "UGrid": 2 }, "geometry": { "type": "MultiPolygon", "coordinates": [ [ [ [ 116.070014013000105, -8.462618902999964, 0.0 ], [ 116.070817030000057, -8.462844383999936, 0.0 ], [ 116.071544785000015, -8.463318218999973, 0.0 ], [ 116.072332251000034, -8.464387124999973, 0.0 ], [ 116.072820212000011, -8.465494676999981, 0.0 ], [ 116.072872074000088, -8.465612393999947, 0.0 ], [ 116.072828161000075, -8.465743353999926, 0.0 ], [ 116.072447467000075, -8.466878713999961, 0.0 ], [ 116.07235611100009, -8.468271639999955, 0.0 ], [ 116.072824316000037, -8.469326065999951, 0.0 ], [ 116.072963528000059, -8.470180168999946, 0.0 ], [ 116.073015481000084, -8.470327646999976, 0.0 ], [ 116.073449707, -8.471560261999969, 0.0 ], [ 116.073456624000073, -8.47157989699997, 0.0 ], [ 116.073230786000067, -8.472113186999934, 0.0 ], [ 116.072666228000116, -8.472788714999979, 0.0 ], [ 116.072515871000064, -8.472787876999973, 0.0 ], [ 116.072014996, -8.472785087999966, 0.0 ], [ 116.07175682400009, -8.472824087999982, 0.0 ], [ 116.071517502, -8.472767444999931, 0.0 ], [ 116.07119413800001, -8.472755280999934, 0.0 ], [ 116.070296911000014, -8.473091668999928, 0.0 ], [ 116.069550867000089, -8.473455911999963, 0.0 ], [ 116.068818702000044, -8.473487539999951, 0.0 ], [ 116.067908080000052, -8.473538094999981, 0.0 ], [ 116.067742770000109, -8.473749808999969, 0.0 ], [ 116.067410370000061, -8.474175516999935, 0.0 ], [ 116.06663504200003, -8.474513544999979, 0.0 ], [ 116.066485795000062, -8.474523974999954, 0.0 ], [ 116.066144507000104, -8.474547824999945, 0.0 ], [ 116.064954350000107, -8.474679372999958, 0.0 ], [ 116.063927879000062, -8.474777213999971, 0.0 ], [ 116.063903628000048, -8.474791683999968, 0.0 ], [ 116.06349125700001, -8.475037732999965, 0.0 ], [ 116.063561182000058, -8.475839125999926, 0.0 ], [ 116.063279132000048, -8.476673849999941, 0.0 ], [ 116.062578448000068, -8.477657981999926, 0.0 ], [ 116.062031610000076, -8.478207457999929, 0.0 ], [ 116.061455890000047, -8.478791412999954, 0.0 ], [ 116.061018255000022, -8.479522485999951, 0.0 ], [ 116.060326743000019, -8.480053975999965, 0.0 ], [ 116.059499450000089, -8.480386254999928, 0.0 ], [ 116.059099354000068, -8.480584079999971, 0.0 ], [ 116.057990206000113, -8.480978080999932, 0.0 ], [ 116.05738963400006, -8.481691119999937, 0.0 ], [ 116.0566615030001, -8.482185793999975, 0.0 ], [ 116.055959923000046, -8.482706939999957, 0.0 ], [ 116.055251007000038, -8.483329902999969, 0.0 ], [ 116.054459681000026, -8.484069696999939, 0.0 ], [ 116.054039859000113, -8.483688235999978, 0.0 ], [ 116.053880027000105, -8.483543005999934, 0.0 ], [ 116.05363674900002, -8.482690168999966, 0.0 ], [ 116.053810225, -8.481831337999949, 0.0 ], [ 116.053737548000072, -8.481687184999942, 0.0 ], [ 116.053449918000069, -8.481116683999971, 0.0 ], [ 116.053179115000034, -8.480657601999951, 0.0 ], [ 116.053123967000033, -8.480564109999932, 0.0 ], [ 116.052542919000075, -8.480245512999943, 0.0 ], [ 116.052095924000014, -8.47974146599995, 0.0 ], [ 116.052078247000054, -8.479721532999974, 0.0 ], [ 116.051992830000017, -8.479582583999957, 0.0 ], [ 116.051825459000042, -8.479310323999925, 0.0 ], [ 116.05160790900004, -8.47890697899993, 0.0 ], [ 116.051334141000098, -8.478379907999965, 0.0 ], [ 116.051236815000038, -8.478172197999982, 0.0 ], [ 116.051097649000098, -8.477908732999936, 0.0 ], [ 116.051083034000044, -8.477881064999963, 0.0 ], [ 116.050436416000025, -8.478002427999968, 0.0 ], [ 116.050117059000058, -8.478088410999931, 0.0 ], [ 116.049335822000103, -8.478561425999942, 0.0 ], [ 116.049201673000084, -8.478632007999977, 0.0 ], [ 116.048986108, -8.478745426999978, 0.0 ], [ 116.048756930000081, -8.478893177999964, 0.0 ], [ 116.048609434000014, -8.478988267999966, 0.0 ], [ 116.048437129000035, -8.478776247999974, 0.0 ], [ 116.048108949000039, -8.478372424999975, 0.0 ], [ 116.048057981000056, -8.478302217999953, 0.0 ], [ 116.048032025000111, -8.478266463999944, 0.0 ], [ 116.048008086000095, -8.478233487999944, 0.0 ], [ 116.047881991000054, -8.478059794999979, 0.0 ], [ 116.047857714000088, -8.478026353999951, 0.0 ], [ 116.047833114000014, -8.477931485999932, 0.0 ], [ 116.047765875000096, -8.477672177999978, 0.0 ], [ 116.04767192700001, -8.477494821999926, 0.0 ], [ 116.047653593000064, -8.477460210999936, 0.0 ], [ 116.047643602000107, -8.477441350999925, 0.0 ], [ 116.047552949000078, -8.477270215999965, 0.0 ], [ 116.0476680270001, -8.476917023999931, 0.0 ], [ 116.047735357000079, -8.476710376999961, 0.0 ], [ 116.047889428000076, -8.476283480999939, 0.0 ], [ 116.047947636000117, -8.47603580699996, 0.0 ], [ 116.047987051000064, -8.475868096999932, 0.0 ], [ 116.048072275000095, -8.475633926999933, 0.0 ], [ 116.048112017000108, -8.475208965999968, 0.0 ], [ 116.048140001000093, -8.47485500099998, 0.0 ], [ 116.047945476000109, -8.474407594999946, 0.0 ], [ 116.047938669000018, -8.474391938999929, 0.0 ], [ 116.04793, -8.474372000999949, 0.0 ], [ 116.048084799000094, -8.47420680099998, 0.0 ], [ 116.048236854000038, -8.473989396999968, 0.0 ], [ 116.048234652000019, -8.47398203399996, 0.0 ], [ 116.048193449000109, -8.47384431699993, 0.0 ], [ 116.048086934000025, -8.473488298999939, 0.0 ], [ 116.047952569000017, -8.473039194999956, 0.0 ], [ 116.047509212000023, -8.472360073999937, 0.0 ], [ 116.046896372000106, -8.471782377999943, 0.0 ], [ 116.046481032000088, -8.471974275999969, 0.0 ], [ 116.04595577300006, -8.471985037999957, 0.0 ], [ 116.045999166000115, -8.471551550999948, 0.0 ], [ 116.046002552000118, -8.471517170999959, 0.0 ], [ 116.046017439000025, -8.471365994999928, 0.0 ], [ 116.046058518000109, -8.470948814999929, 0.0 ], [ 116.046269009000071, -8.470278342999961, 0.0 ], [ 116.046401612000068, -8.469787650999933, 0.0 ], [ 116.046462353000038, -8.469562881999934, 0.0 ], [ 116.047154564000039, -8.468929400999968, 0.0 ], [ 116.047941730000048, -8.468321111999956, 0.0 ], [ 116.048786424000014, -8.468255970999962, 0.0 ], [ 116.049481866000065, -8.46771139699996, 0.0 ], [ 116.050269514000092, -8.467570776999935, 0.0 ], [ 116.050672997000106, -8.46760665499994, 0.0 ], [ 116.050953385000071, -8.467631586999971, 0.0 ], [ 116.051470591000111, -8.467304509999963, 0.0 ], [ 116.051629823000098, -8.46720381199998, 0.0 ], [ 116.052476024000043, -8.46681859499995, 0.0 ], [ 116.053321809000067, -8.466565598999978, 0.0 ], [ 116.054191629000115, -8.466253600999949, 0.0 ], [ 116.054471302000024, -8.46614195799998, 0.0 ], [ 116.054982972000062, -8.465937703999941, 0.0 ], [ 116.055922346000102, -8.466072008999959, 0.0 ], [ 116.056024714000046, -8.466086645999951, 0.0 ], [ 116.056454022000025, -8.466189829999962, 0.0 ], [ 116.056994762000045, -8.466319794999947, 0.0 ], [ 116.058050863000062, -8.465906580999956, 0.0 ], [ 116.059077950000074, -8.465769684999941, 0.0 ], [ 116.059897755000065, -8.465664754999978, 0.0 ], [ 116.060607531000073, -8.465157364999925, 0.0 ], [ 116.060619218000056, -8.465149333999932, 0.0 ], [ 116.060902997000085, -8.464954381999974, 0.0 ], [ 116.061475488000042, -8.464561086999936, 0.0 ], [ 116.062326026000051, -8.464329426999939, 0.0 ], [ 116.062385767000023, -8.464330037999957, 0.0 ], [ 116.063226671000052, -8.464338639999937, 0.0 ], [ 116.06393179600002, -8.463610734999975, 0.0 ], [ 116.064183540000045, -8.463345146999927, 0.0 ], [ 116.06459604600002, -8.462909958999944, 0.0 ], [ 116.064828432000013, -8.462989774999926, 0.0 ], [ 116.065419650000081, -8.463192835999962, 0.0 ], [ 116.066173238000033, -8.462794849999966, 0.0 ], [ 116.066307001000041, -8.462724205999962, 0.0 ], [ 116.066657882000072, -8.462696826999945, 0.0 ], [ 116.066700064000088, -8.462693535999961, 0.0 ], [ 116.066825975000029, -8.462683711999944, 0.0 ], [ 116.066879379000056, -8.462679543999968, 0.0 ], [ 116.066902393000078, -8.462677748999965, 0.0 ], [ 116.067279883000083, -8.462648294999951, 0.0 ], [ 116.068109707000076, -8.462696103999974, 0.0 ], [ 116.068223110000076, -8.462702638999929, 0.0 ], [ 116.068612721000022, -8.462592628999971, 0.0 ], [ 116.069028942000045, -8.462475106999932, 0.0 ], [ 116.070014013000105, -8.462618902999964, 0.0 ] ] ] ] } },
{ "type": "Feature","id":7, "properties": { "OBJECTID_1": 132, "OBJECTID": 132, "NAMA_KWS": "Tahura Nuraksa", "NOREGKK": "100263018", "NUPT": "Pemerintah Daerah Provinsi Nusa Tenggara Barat", "NPULAU": "Bali Nusra", "NPROV": "Nusa Tenggara Barat", "FGSKWS": "TAHURA", "LUAS_HA": 3155.0, "SUMBERDATA": "Peta Penetapan Kawasan Hutan periode Juli 2024", "KETERANGAN": "SK Kawasan", "PROYEKSI": "World Cylindrical Equal Area", "Area": 2733.9538971500001, "Perimeter": 29.444639963099998, "UGrid": 3 }, "geometry": { "type": "MultiPolygon", "coordinates": [ [ [ [ 116.274948580000114, -8.498216499999955, 0.0 ], [ 116.276505809000014, -8.498647282999968, 0.0 ], [ 116.277795617000038, -8.498435733999941, 0.0 ], [ 116.27913895100005, -8.498331250999968, 0.0 ], [ 116.279836180000075, -8.498974371999964, 0.0 ], [ 116.280693296000095, -8.500313102999939, 0.0 ], [ 116.282198110000081, -8.500048450999941, 0.0 ], [ 116.283810374000041, -8.499783989999969, 0.0 ], [ 116.284939106000024, -8.499518634999959, 0.0 ], [ 116.285745582000118, -8.499199199999964, 0.0 ], [ 116.287196171, -8.499201858999982, 0.0 ], [ 116.287948525000047, -8.499096261999966, 0.0 ], [ 116.289721960000065, -8.498832071999971, 0.0 ], [ 116.291280589000053, -8.498513994999939, 0.0 ], [ 116.293159413000012, -8.499373186999946, 0.0 ], [ 116.293910006000033, -8.500230323999972, 0.0 ], [ 116.295144037000114, -8.501141822999955, 0.0 ], [ 116.296808468000108, -8.501733180999963, 0.0 ], [ 116.297990536000043, -8.50168182799996, 0.0 ], [ 116.298740215000066, -8.502003283999954, 0.0 ], [ 116.298146398000085, -8.504620623999926, 0.0 ], [ 116.298146683000027, -8.50462242499998, 0.0 ], [ 116.298358834000055, -8.505961377999938, 0.0 ], [ 116.298679832000062, -8.506710761999955, 0.0 ], [ 116.299269952000031, -8.507193199999961, 0.0 ], [ 116.30012870500002, -8.507676119999928, 0.0 ], [ 116.300664809000068, -8.50831891699994, 0.0 ], [ 116.300985523, -8.50922875699996, 0.0 ], [ 116.301037664000091, -8.509974409999927, 0.0 ], [ 116.300872992000109, -8.512114683999926, 0.0 ], [ 116.301192477000086, -8.513614987999972, 0.0 ], [ 116.301306111000031, -8.514975473999925, 0.0 ], [ 116.300229264000109, -8.51640344499998, 0.0 ], [ 116.299080210000056, -8.517970296999977, 0.0 ], [ 116.298505291000083, -8.51896766699997, 0.0 ], [ 116.297715582000023, -8.519893330999935, 0.0 ], [ 116.296352375000083, -8.521031898999979, 0.0 ], [ 116.295706196000083, -8.521815188999938, 0.0 ], [ 116.295274537000068, -8.522812810999937, 0.0 ], [ 116.294342190000066, -8.523381634999964, 0.0 ], [ 116.293122630000084, -8.524306506999949, 0.0 ], [ 116.291758999000081, -8.525658998999972, 0.0 ], [ 116.291111095000019, -8.527369365999959, 0.0 ], [ 116.291109781000046, -8.528082509999933, 0.0 ], [ 116.289962890000083, -8.528436985999974, 0.0 ], [ 116.289243859000067, -8.529861959999948, 0.0 ], [ 116.288095511000051, -8.531000885999958, 0.0 ], [ 116.287233452, -8.532282963999933, 0.0 ], [ 116.286300010000105, -8.533422279999968, 0.0 ], [ 116.285510774000045, -8.534062657999925, 0.0 ], [ 116.284864814000116, -8.534703297999954, 0.0 ], [ 116.283718832000091, -8.534558553999943, 0.0 ], [ 116.283144776000086, -8.535056693999934, 0.0 ], [ 116.281926085, -8.535482325999965, 0.0 ], [ 116.281173925000076, -8.534877815999948, 0.0 ], [ 116.281172978000086, -8.534877054999981, 0.0 ], [ 116.281312142000047, -8.534721167999976, 0.0 ], [ 116.281482462000099, -8.534605040999963, 0.0 ], [ 116.28151716900004, -8.534581376999938, 0.0 ], [ 116.281638322000049, -8.534441585999957, 0.0 ], [ 116.281722196000032, -8.534255198999972, 0.0 ], [ 116.281718011000066, -8.534196603999931, 0.0 ], [ 116.281713090000039, -8.534127711999929, 0.0 ], [ 116.281694237000011, -8.533863783999948, 0.0 ], [ 116.281872069000087, -8.533964607999962, 0.0 ], [ 116.282569, -8.533736000999966, 0.0 ], [ 116.2832412570001, -8.53343509299998, 0.0 ], [ 116.283638001000099, -8.533272, 0.0 ], [ 116.283968170000094, -8.533015718999934, 0.0 ], [ 116.284257072000059, -8.532736137999962, 0.0 ], [ 116.284358930000053, -8.532674294999936, 0.0 ], [ 116.284518015000117, -8.532577707999963, 0.0 ], [ 116.284611209000104, -8.532354041999952, 0.0 ], [ 116.284657805000052, -8.532009224999968, 0.0 ], [ 116.284723041, -8.531617810999933, 0.0 ], [ 116.284787495000046, -8.531324186999939, 0.0 ], [ 116.284806915000104, -8.53123571499998, 0.0 ], [ 116.284844194000016, -8.530853619999959, 0.0 ], [ 116.285077178000051, -8.530108067999947, 0.0 ], [ 116.285356760000013, -8.52993099899993, 0.0 ], [ 116.28551518900008, -8.529586181999946, 0.0 ], [ 116.285850689000085, -8.529483668999944, 0.0 ], [ 116.286093592000043, -8.52928574699996, 0.0 ], [ 116.286363255000083, -8.528896546999931, 0.0 ], [ 116.286492948000046, -8.528782780999961, 0.0 ], [ 116.286894460000099, -8.528430576999938, 0.0 ], [ 116.286580797000056, -8.528379015999974, 0.0 ], [ 116.286214145000031, -8.528318743999932, 0.0 ], [ 116.28569225800004, -8.528281466999942, 0.0 ], [ 116.285207650000075, -8.52795528799993, 0.0 ], [ 116.284895926000104, -8.52764356299997, 0.0 ], [ 116.284862832000044, -8.527610469999956, 0.0 ], [ 116.284789046000014, -8.527523488999975, 0.0 ], [ 116.284518014000014, -8.527470678999975, 0.0 ], [ 116.284406182000112, -8.527209735999975, 0.0 ], [ 116.284285030000092, -8.527107222999973, 0.0 ], [ 116.284191836000105, -8.526967431999935, 0.0 ], [ 116.284126600000036, -8.526781043999961, 0.0 ], [ 116.284089323000103, -8.526548058999936, 0.0 ], [ 116.284005447000027, -8.526315074999957, 0.0 ], [ 116.284070684000085, -8.526156643999968, 0.0 ], [ 116.284089322000113, -8.525765229999934, 0.0 ], [ 116.28401476800002, -8.525448370999925, 0.0 ], [ 116.283652002000053, -8.525163, 0.0 ], [ 116.283641991000081, -8.52474009599996, 0.0 ], [ 116.283705373000089, -8.524543440999935, 0.0 ], [ 116.283913864000056, -8.52422212099998, 0.0 ], [ 116.284145384000112, -8.524088955999957, 0.0 ], [ 116.284197735000021, -8.524058844999956, 0.0 ], [ 116.284767099000078, -8.523649385999931, 0.0 ], [ 116.284775544000013, -8.52364331299998, 0.0 ], [ 116.285016418000055, -8.523441427999956, 0.0 ], [ 116.285215958000094, -8.523102350999977, 0.0 ], [ 116.285229516000072, -8.523079311999936, 0.0 ], [ 116.285208199000067, -8.522978198999965, 0.0 ], [ 116.285183314000051, -8.52286016599993, 0.0 ], [ 116.284977060000074, -8.522311377999927, 0.0 ], [ 116.284914071000117, -8.522143785999958, 0.0 ], [ 116.284636320000118, -8.521655044999932, 0.0 ], [ 116.285091843000032, -8.521039038999959, 0.0 ], [ 116.284838469000078, -8.520486849999941, 0.0 ], [ 116.284422914000061, -8.520552113999941, 0.0 ], [ 116.283918791000019, -8.520631289999926, 0.0 ], [ 116.283756956000047, -8.520656704999965, 0.0 ], [ 116.28314859000011, -8.520795412999973, 0.0 ], [ 116.282860030000052, -8.520689498999957, 0.0 ], [ 116.282389999000088, -8.520516975999954, 0.0 ], [ 116.282375694000052, -8.520500217999938, 0.0 ], [ 116.281952390000015, -8.520004330999939, 0.0 ], [ 116.28171162700005, -8.520217674999969, 0.0 ], [ 116.281624308, -8.520295050999948, 0.0 ], [ 116.281425610000042, -8.52048760699995, 0.0 ], [ 116.281265682000026, -8.520643873999973, 0.0 ], [ 116.280889739000031, -8.521069359999956, 0.0 ], [ 116.280472694000082, -8.521464109999954, 0.0 ], [ 116.280404652000016, -8.521529810999937, 0.0 ], [ 116.280197883000028, -8.521729464999964, 0.0 ], [ 116.280055635000053, -8.521866818999968, 0.0 ], [ 116.279452143000071, -8.52245830399994, 0.0 ], [ 116.27918390800005, -8.52267041999994, 0.0 ], [ 116.278428481000105, -8.523267795999971, 0.0 ], [ 116.277623307000113, -8.523797489999936, 0.0 ], [ 116.277238701000101, -8.524042244999976, 0.0 ], [ 116.276824845000078, -8.524381189999929, 0.0 ], [ 116.275951005000024, -8.524654608999981, 0.0 ], [ 116.275419391000014, -8.524994960999948, 0.0 ], [ 116.274994370000059, -8.525326647999975, 0.0 ], [ 116.274750232000088, -8.525521193999964, 0.0 ], [ 116.274174040000048, -8.525988085999927, 0.0 ], [ 116.274116554000102, -8.526149011999962, 0.0 ], [ 116.274009536000108, -8.52644860099997, 0.0 ], [ 116.27388600300003, -8.526764069999956, 0.0 ], [ 116.273767776000113, -8.527065986999958, 0.0 ], [ 116.27386144500008, -8.527308497999968, 0.0 ], [ 116.274067415000104, -8.52784176199998, 0.0 ], [ 116.274270177000062, -8.528445788999932, 0.0 ], [ 116.274275855000042, -8.528462703999935, 0.0 ], [ 116.273928984, -8.528736919999972, 0.0 ], [ 116.273629495000023, -8.528651429999968, 0.0 ], [ 116.272777745000099, -8.529249403999927, 0.0 ], [ 116.272381862000088, -8.529255263999971, 0.0 ], [ 116.272212352000111, -8.529012775999945, 0.0 ], [ 116.272092351000083, -8.528841110999963, 0.0 ], [ 116.272144461000039, -8.528528263999931, 0.0 ], [ 116.272331230000077, -8.527875051999956, 0.0 ], [ 116.272336795000115, -8.527855466999938, 0.0 ], [ 116.272414557000047, -8.52758179999995, 0.0 ], [ 116.272101617000089, -8.527567105999935, 0.0 ], [ 116.271805230000041, -8.527598836999971, 0.0 ], [ 116.271341889000041, -8.527579878999973, 0.0 ], [ 116.270973996000066, -8.527712561999977, 0.0 ], [ 116.27076240100007, -8.527738471999953, 0.0 ], [ 116.270341002, -8.52802160899995, 0.0 ], [ 116.270031987000038, -8.528391431999978, 0.0 ], [ 116.269758897000088, -8.528662255999961, 0.0 ], [ 116.269453103000046, -8.529514758999937, 0.0 ], [ 116.269145091000041, -8.52997510299997, 0.0 ], [ 116.268879201000118, -8.530177440999978, 0.0 ], [ 116.268410411000104, -8.530649528999959, 0.0 ], [ 116.268097119000117, -8.530878635999954, 0.0 ], [ 116.267998851000016, -8.531318398999929, 0.0 ], [ 116.268054237000115, -8.531607584999961, 0.0 ], [ 116.26806827300004, -8.531806809999978, 0.0 ], [ 116.267997541000113, -8.532006793999926, 0.0 ], [ 116.267604125000048, -8.532336083999951, 0.0 ], [ 116.267362139000056, -8.532429337999929, 0.0 ], [ 116.267061943000044, -8.532618706999926, 0.0 ], [ 116.266988601000094, -8.532962264999981, 0.0 ], [ 116.266760590000104, -8.533414062999952, 0.0 ], [ 116.266414857000086, -8.533657612999946, 0.0 ], [ 116.266139614000053, -8.533894515999975, 0.0 ], [ 116.266036167000038, -8.533983552999928, 0.0 ], [ 116.265668671000071, -8.53425314499998, 0.0 ], [ 116.265280182000083, -8.534299841999939, 0.0 ], [ 116.265046042000108, -8.534341762999929, 0.0 ], [ 116.264788098000054, -8.534484910999936, 0.0 ], [ 116.264779779000037, -8.534489526999948, 0.0 ], [ 116.264754971000116, -8.534520106999935, 0.0 ], [ 116.264579326000103, -8.534736626999972, 0.0 ], [ 116.264534270000013, -8.534792167999967, 0.0 ], [ 116.264205756000024, -8.535134625999945, 0.0 ], [ 116.263787920000027, -8.535175765999952, 0.0 ], [ 116.263381701000071, -8.53523501199993, 0.0 ], [ 116.262989467000011, -8.535399071999962, 0.0 ], [ 116.262969357000088, -8.535407482999972, 0.0 ], [ 116.262639300000046, -8.535533943999951, 0.0 ], [ 116.262477864000061, -8.535539323999956, 0.0 ], [ 116.262292638000076, -8.535545495999941, 0.0 ], [ 116.261891889000026, -8.535726646999933, 0.0 ], [ 116.261195170000065, -8.535917896999933, 0.0 ], [ 116.260922430000051, -8.535982794999939, 0.0 ], [ 116.260797229000104, -8.536119417999942, 0.0 ], [ 116.260767423000061, -8.536151942999936, 0.0 ], [ 116.260744104000082, -8.536271683999928, 0.0 ], [ 116.260626787000092, -8.536419730999967, 0.0 ], [ 116.260422537000068, -8.536374846999934, 0.0 ], [ 116.260177846000033, -8.536302393999961, 0.0 ], [ 116.260074902000042, -8.53628763599994, 0.0 ], [ 116.259871659000055, -8.536258497999938, 0.0 ], [ 116.259517646000063, -8.536253489999979, 0.0 ], [ 116.259382063000089, -8.536385582999969, 0.0 ], [ 116.259073425000111, -8.536437946999968, 0.0 ], [ 116.2587860860001, -8.536479759999963, 0.0 ], [ 116.258530704, -8.536500454999953, 0.0 ], [ 116.258285983000064, -8.536510576999945, 0.0 ], [ 116.258094457000084, -8.536520800999938, 0.0 ], [ 116.257913572, -8.536531044999947, 0.0 ], [ 116.25771132300008, -8.536583610999969, 0.0 ], [ 116.257607446000065, -8.536764197999958, 0.0 ], [ 116.257423495000012, -8.536879600999953, 0.0 ], [ 116.257104193000032, -8.536942532999944, 0.0 ], [ 116.256593328, -8.537036869999952, 0.0 ], [ 116.256305926000095, -8.537110452999968, 0.0 ], [ 116.255720422000081, -8.537289371999975, 0.0 ], [ 116.255347906000111, -8.537362790999964, 0.0 ], [ 116.255081741000026, -8.537457595999967, 0.0 ], [ 116.254783702000054, -8.537531158999968, 0.0 ], [ 116.254581475, -8.537573132999967, 0.0 ], [ 116.254379350000022, -8.537562151999964, 0.0 ], [ 116.254252052000083, -8.537371274999941, 0.0 ], [ 116.254082235000055, -8.537159134999968, 0.0 ], [ 116.253837801000032, -8.53702098499997, 0.0 ], [ 116.253571923000095, -8.536967519999962, 0.0 ], [ 116.253380397000114, -8.536977741999976, 0.0 ], [ 116.253135718000067, -8.536966679999978, 0.0 ], [ 116.252955119000035, -8.53682865299993, 0.0 ], [ 116.252721241000017, -8.536732885999982, 0.0 ], [ 116.252497819000041, -8.536732455999982, 0.0 ], [ 116.252316728000096, -8.536848604999932, 0.0 ], [ 116.252178169000103, -8.53697542499998, 0.0 ], [ 116.252050316, -8.537070494999966, 0.0 ], [ 116.251869303000035, -8.53714427999995, 0.0 ], [ 116.251850253000043, -8.537184374999981, 0.0 ], [ 116.251783842, -8.537324156999944, 0.0 ], [ 116.25179193800011, -8.53736897899995, 0.0 ], [ 116.251825943000085, -8.537557233999962, 0.0 ], [ 116.251836129000026, -8.537790247999965, 0.0 ], [ 116.251676377000081, -8.537874664999947, 0.0 ], [ 116.251570212000047, -8.537757962999933, 0.0 ], [ 116.251400211000032, -8.537641137999969, 0.0 ], [ 116.251177034000079, -8.537513617999934, 0.0 ], [ 116.250995200000034, -8.537465607999934, 0.0 ], [ 116.250974994000103, -8.537460272999965, 0.0 ], [ 116.250815221000039, -8.537555280999982, 0.0 ], [ 116.250759448000053, -8.537679543999957, 0.0 ], [ 116.25072973400006, -8.537745748999953, 0.0 ], [ 116.250739939000027, -8.537968172999967, 0.0 ], [ 116.250686393000024, -8.538148110999941, 0.0 ], [ 116.250547816000108, -8.538285522999956, 0.0 ], [ 116.250249813000096, -8.538337898999941, 0.0 ], [ 116.25015105600005, -8.538355576999948, 0.0 ], [ 116.250015669000049, -8.538379808999935, 0.0 ], [ 116.249866553000061, -8.538464244999943, 0.0 ], [ 116.24965360300007, -8.538548558999935, 0.0 ], [ 116.249483189000102, -8.538643544999957, 0.0 ], [ 116.249291393000021, -8.53879144299998, 0.0 ], [ 116.249099662000049, -8.538907567999956, 0.0 ], [ 116.248929350000026, -8.538949600999956, 0.0 ], [ 116.248716711000043, -8.538875054999949, 0.0 ], [ 116.248301946000083, -8.53878952599996, 0.0 ], [ 116.248110482000016, -8.538767972999949, 0.0 ], [ 116.247968578000041, -8.538793846999965, 0.0 ], [ 116.24782312100001, -8.538820367999961, 0.0 ], [ 116.247535592000077, -8.538957489999973, 0.0 ], [ 116.247338289000027, -8.539028474999952, 0.0 ], [ 116.247184247000064, -8.539083895999966, 0.0 ], [ 116.246822285, -8.539199689999975, 0.0 ], [ 116.246524160000035, -8.539315607999981, 0.0 ], [ 116.246194115000094, -8.539431461999925, 0.0 ], [ 116.246080979000112, -8.53947216499995, 0.0 ], [ 116.245842769000092, -8.539557867999974, 0.0 ], [ 116.24545974900002, -8.539767711999957, 0.0 ], [ 116.245314159000031, -8.539875963999975, 0.0 ], [ 116.245001312000113, -8.540043399999945, 0.0 ], [ 116.244713657000034, -8.540112221999948, 0.0 ], [ 116.2446500530001, -8.540127439999935, 0.0 ], [ 116.244490087000031, -8.540317760999926, 0.0 ], [ 116.244440618000112, -8.540525468999931, 0.0 ], [ 116.243816055000025, -8.540118674999974, 0.0 ], [ 116.243748999000104, -8.540075, 0.0 ], [ 116.243692839, -8.539507112999956, 0.0 ], [ 116.243692036000084, -8.53949898999997, 0.0 ], [ 116.243373002000112, -8.538364, 0.0 ], [ 116.243312577000097, -8.537954866999939, 0.0 ], [ 116.243290000000115, -8.537802, 0.0 ], [ 116.243361999000058, -8.537304000999939, 0.0 ], [ 116.243766092000101, -8.537005822999959, 0.0 ], [ 116.24415285200007, -8.536536253999941, 0.0 ], [ 116.244360744, -8.53628385199994, 0.0 ], [ 116.244405727000071, -8.536229237999976, 0.0 ], [ 116.24371051300011, -8.535681784999952, 0.0 ], [ 116.243669566000108, -8.535649540999941, 0.0 ], [ 116.243668817000071, -8.535648950999928, 0.0 ], [ 116.242760705000023, -8.535402974999954, 0.0 ], [ 116.242540410000061, -8.534527353999977, 0.0 ], [ 116.24253584500002, -8.53450920399996, 0.0 ], [ 116.242535321000105, -8.534507124999948, 0.0 ], [ 116.24247265300005, -8.534389140999963, 0.0 ], [ 116.242227542000023, -8.533927671999948, 0.0 ], [ 116.241972999000041, -8.533245000999955, 0.0 ], [ 116.242002838000076, -8.53268812999994, 0.0 ], [ 116.241918035000026, -8.532576708999954, 0.0 ], [ 116.241661001000011, -8.532239, 0.0 ], [ 116.240599, -8.532282, 0.0 ], [ 116.240388002000032, -8.53263900099995, 0.0 ], [ 116.240113001000054, -8.533127000999968, 0.0 ], [ 116.239964999000108, -8.533244000999957, 0.0 ], [ 116.239824000000112, -8.533413, 0.0 ], [ 116.239808, -8.533846, 0.0 ], [ 116.239808001000029, -8.534164669999939, 0.0 ], [ 116.239808001000029, -8.534234, 0.0 ], [ 116.239751770000112, -8.534261065999942, 0.0 ], [ 116.239299001000063, -8.534479, 0.0 ], [ 116.239085, -8.534617, 0.0 ], [ 116.239029989000073, -8.534725029999947, 0.0 ], [ 116.238947002000032, -8.534888, 0.0 ], [ 116.238614002000077, -8.535161, 0.0 ], [ 116.238591497000016, -8.535159636999936, 0.0 ], [ 116.23797, -8.535122, 0.0 ], [ 116.237617649000072, -8.534972275999962, 0.0 ], [ 116.237617000000114, -8.534972, 0.0 ], [ 116.237617025000077, -8.534970527999974, 0.0 ], [ 116.237627, -8.534378000999936, 0.0 ], [ 116.237452002000055, -8.533956, 0.0 ], [ 116.237436000000116, -8.533708, 0.0 ], [ 116.237376497000014, -8.533610085999953, 0.0 ], [ 116.237263238000082, -8.533423715999959, 0.0 ], [ 116.237168000000111, -8.533267000999956, 0.0 ], [ 116.23654289000001, -8.53365734199997, 0.0 ], [ 116.235957870000107, -8.533874018999938, 0.0 ], [ 116.235796240000013, -8.533881713999961, 0.0 ], [ 116.235502858000018, -8.533895681999979, 0.0 ], [ 116.235269771000048, -8.534206464999954, 0.0 ], [ 116.234667099000035, -8.535010026999942, 0.0 ], [ 116.23446282000009, -8.535282397999936, 0.0 ], [ 116.234471622000115, -8.53531980899993, 0.0 ], [ 116.234549490000063, -8.535650741999973, 0.0 ], [ 116.234426971000062, -8.535875448999946, 0.0 ], [ 116.234069, -8.536532, 0.0 ], [ 116.234088069000109, -8.536762263999947, 0.0 ], [ 116.234109000000103, -8.537015, 0.0 ], [ 116.234009925, -8.537030189999939, 0.0 ], [ 116.233235001000025, -8.537149, 0.0 ], [ 116.23290276900002, -8.537167459999978, 0.0 ], [ 116.232263886000055, -8.536954500999968, 0.0 ], [ 116.23199273900002, -8.536864117999926, 0.0 ], [ 116.23151, -8.53718, 0.0 ], [ 116.230931034000037, -8.537427470999944, 0.0 ], [ 116.23085659000003, -8.537067656999966, 0.0 ], [ 116.230801031000055, -8.53679911699993, 0.0 ], [ 116.230076001000043, -8.536435, 0.0 ], [ 116.228296836000027, -8.536133384999971, 0.0 ], [ 116.228153, -8.536109000999943, 0.0 ], [ 116.227561, -8.535974000999943, 0.0 ], [ 116.226650548000066, -8.535787228999936, 0.0 ], [ 116.22612325700004, -8.535939933999941, 0.0 ], [ 116.225723495000011, -8.535930090999955, 0.0 ], [ 116.22507866300009, -8.536127575999956, 0.0 ], [ 116.225077994000117, -8.536127780999948, 0.0 ], [ 116.224450975000082, -8.536171750999927, 0.0 ], [ 116.224422604000097, -8.536168162999957, 0.0 ], [ 116.223142934000066, -8.536006329999964, 0.0 ], [ 116.222797762000027, -8.535960415999966, 0.0 ], [ 116.222723917000053, -8.535979538999982, 0.0 ], [ 116.222077264000063, -8.536146993999978, 0.0 ], [ 116.221688696000115, -8.536247616999958, 0.0 ], [ 116.221094039000036, -8.53645243699998, 0.0 ], [ 116.220964032000097, -8.535542407999969, 0.0 ], [ 116.2209206980001, -8.534957386999963, 0.0 ], [ 116.220923655000092, -8.534853905999967, 0.0 ], [ 116.220942367000021, -8.534199027999932, 0.0 ], [ 116.220849009000062, -8.533079950999934, 0.0 ], [ 116.221062424000024, -8.531626546999973, 0.0 ], [ 116.220981652000091, -8.530679766999981, 0.0 ], [ 116.220882289000087, -8.529515075999939, 0.0 ], [ 116.22079300300004, -8.527949601999978, 0.0 ], [ 116.220792870000082, -8.52794726999997, 0.0 ], [ 116.220840621000093, -8.527067985999963, 0.0 ], [ 116.221120099000018, -8.526055932999952, 0.0 ], [ 116.221491596000078, -8.524999574999981, 0.0 ], [ 116.22131013, -8.523806903999969, 0.0 ], [ 116.221459372000027, -8.522212623999962, 0.0 ], [ 116.221299250000015, -8.520250669999939, 0.0 ], [ 116.221312463000118, -8.520034497999973, 0.0 ], [ 116.222360846000015, -8.520311387999925, 0.0 ], [ 116.224188341000058, -8.519940644999963, 0.0 ], [ 116.226339059000111, -8.519142657999964, 0.0 ], [ 116.227684931000113, -8.517808203999948, 0.0 ], [ 116.228546926000035, -8.516633241999955, 0.0 ], [ 116.2288188980001, -8.515559363999955, 0.0 ], [ 116.228871858000048, -8.515350241999954, 0.0 ], [ 116.229518509000059, -8.514388788999952, 0.0 ], [ 116.230110575000026, -8.513855110999941, 0.0 ], [ 116.230487410000023, -8.51348145999998, 0.0 ], [ 116.23129459300003, -8.51284123399995, 0.0 ], [ 116.2318874, -8.511933154999952, 0.0 ], [ 116.232372857000087, -8.510971377999965, 0.0 ], [ 116.233449621000091, -8.509850309999933, 0.0 ], [ 116.234042525000064, -8.508888743999933, 0.0 ], [ 116.234635, -8.508141115999933, 0.0 ], [ 116.235443224000051, -8.50696602599993, 0.0 ], [ 116.236036012000113, -8.506057939999948, 0.0 ], [ 116.236789232000092, -8.505524564999973, 0.0 ], [ 116.237542557000097, -8.504937702999939, 0.0 ], [ 116.238242892000017, -8.503976338999962, 0.0 ], [ 116.239211429000079, -8.503229437999948, 0.0 ], [ 116.240287310000099, -8.502536228999929, 0.0 ], [ 116.241470426000092, -8.501950195999939, 0.0 ], [ 116.242490996000015, -8.502059152999948, 0.0 ], [ 116.243941058000019, -8.50232940099994, 0.0 ], [ 116.24501525200003, -8.502491941999949, 0.0 ], [ 116.246304976000033, -8.502333983999961, 0.0 ], [ 116.247219772000108, -8.501586958999951, 0.0 ], [ 116.247972448000041, -8.50132098499995, 0.0 ], [ 116.249154404000024, -8.501323266999975, 0.0 ], [ 116.250121461000049, -8.50132513099993, 0.0 ], [ 116.251142555000115, -8.501166640999941, 0.0 ], [ 116.252432896000073, -8.50068774999994, 0.0 ], [ 116.254691426000022, -8.499622367999962, 0.0 ], [ 116.256088590000104, -8.499464583999952, 0.0 ], [ 116.257646929000089, -8.499307101999932, 0.0 ], [ 116.258612749, -8.499950767999962, 0.0 ], [ 116.259363363000034, -8.50075448299998, 0.0 ], [ 116.259630144000084, -8.501717730999928, 0.0 ], [ 116.259682534000035, -8.502413143999945, 0.0 ], [ 116.26054152800009, -8.502735691999931, 0.0 ], [ 116.261294200000066, -8.502469690999931, 0.0 ], [ 116.262315398000055, -8.50225768599995, 0.0 ], [ 116.263069089000055, -8.501456827999959, 0.0 ], [ 116.26414370100008, -8.50140537599998, 0.0 ], [ 116.265111679000029, -8.50092583299994, 0.0 ], [ 116.266240931000084, -8.500393103999954, 0.0 ], [ 116.266993799000034, -8.500020122999956, 0.0 ], [ 116.267853203000072, -8.500128711999935, 0.0 ], [ 116.268819955000026, -8.500290985999925, 0.0 ], [ 116.270486254000048, -8.499866225999938, 0.0 ], [ 116.271830297000065, -8.49938736799993, 0.0 ], [ 116.273873270000081, -8.498642382999947, 0.0 ], [ 116.274948580000114, -8.498216499999955, 0.0 ] ] ] ] } },
{ "type": "Feature","id":8, "properties": { "OBJECTID_1": 157, "OBJECTID": 157, "NAMA_KWS": "CA Pedauh (RTK.71)", "NOREGKK": "100213133", "NUPT": "Balai KSDA Nusa Tenggara Barat", "NPULAU": "Bali Nusra", "NPROV": "Nusa Tenggara Barat", "FGSKWS": "CA", "LUAS_HA": 524.0, "SUMBERDATA": "Peta Penetapan Kawasan Hutan periode Juli 2024", "KETERANGAN": "SK Kawasan", "PROYEKSI": "World Cylindrical Equal Area", "Area": 510.72558668300002, "Perimeter": 15.381743038, "UGrid": 2 }, "geometry": { "type": "MultiPolygon", "coordinates": [ [ [ [ 116.800335816000029, -9.033896009999978, 0.0 ], [ 116.800335644000029, -9.033896326999979, 0.0 ], [ 116.800236982000115, -9.034078030999979, 0.0 ], [ 116.800101835000078, -9.034164383999951, 0.0 ], [ 116.800042085000086, -9.034202285999982, 0.0 ], [ 116.799934553000071, -9.034266014999957, 0.0 ], [ 116.799628005000045, -9.034447022999927, 0.0 ], [ 116.799361981000061, -9.034676030999947, 0.0 ], [ 116.799117079000098, -9.034805263999942, 0.0 ], [ 116.799116850000019, -9.03480538499997, 0.0 ], [ 116.79815106, -9.035313801999962, 0.0 ], [ 116.797539118000032, -9.035508070999981, 0.0 ], [ 116.79716299100005, -9.035626978999971, 0.0 ], [ 116.796559988000013, -9.035767989999954, 0.0 ], [ 116.795172967000099, -9.035868954999955, 0.0 ], [ 116.793497822000063, -9.035913042999937, 0.0 ], [ 116.793497258000116, -9.035913057999949, 0.0 ], [ 116.793495796000116, -9.035913095999945, 0.0 ], [ 116.793493606000084, -9.035913153999957, 0.0 ], [ 116.792892241000118, -9.035928862999981, 0.0 ], [ 116.79150345100004, -9.035968881999963, 0.0 ], [ 116.791133611000078, -9.035963881999976, 0.0 ], [ 116.790711011000099, -9.035958044999973, 0.0 ], [ 116.790063094000061, -9.035921511999959, 0.0 ], [ 116.790062759000079, -9.035921492999933, 0.0 ], [ 116.790062426000077, -9.035921473999963, 0.0 ], [ 116.790059622000058, -9.035921315999929, 0.0 ], [ 116.789701664000063, -9.035901056999933, 0.0 ], [ 116.78969999900005, -9.035901038999953, 0.0 ], [ 116.788841644000058, -9.035891796999977, 0.0 ], [ 116.788496466000083, -9.035803917999942, 0.0 ], [ 116.788304399000026, -9.03572885799997, 0.0 ], [ 116.788112001000059, -9.035652973999959, 0.0 ], [ 116.787034018000099, -9.035114008999926, 0.0 ], [ 116.785331976000066, -9.033786023999937, 0.0 ], [ 116.784936020000032, -9.033344031999945, 0.0 ], [ 116.784502969000073, -9.032827955999949, 0.0 ], [ 116.783999967000113, -9.032357957999977, 0.0 ], [ 116.783114021000074, -9.031523021999931, 0.0 ], [ 116.78303969000001, -9.031370566999954, 0.0 ], [ 116.783039570000028, -9.031370319999951, 0.0 ], [ 116.782996570000023, -9.031280729999935, 0.0 ], [ 116.782805686000074, -9.030769669999927, 0.0 ], [ 116.782776224000031, -9.030566757999964, 0.0 ], [ 116.78275403300006, -9.030409956999961, 0.0 ], [ 116.782434988000091, -9.02971299099994, 0.0 ], [ 116.782215729000086, -9.029353423999964, 0.0 ], [ 116.782196002000092, -9.029320861999963, 0.0 ], [ 116.781881632000022, -9.028934764999974, 0.0 ], [ 116.781577028000015, -9.028733140999975, 0.0 ], [ 116.781252874000074, -9.02848380599994, 0.0 ], [ 116.78085503200009, -9.028176972999972, 0.0 ], [ 116.780601991000026, -9.028016034999951, 0.0 ], [ 116.780532582000092, -9.027975568999977, 0.0 ], [ 116.780264896000062, -9.027818816999968, 0.0 ], [ 116.779676655000117, -9.027379995999979, 0.0 ], [ 116.779257032000032, -9.027166313999942, 0.0 ], [ 116.779145010000093, -9.027109035999956, 0.0 ], [ 116.778714015000105, -9.026887773999931, 0.0 ], [ 116.778713602000039, -9.026887561999956, 0.0 ], [ 116.778617425000107, -9.026838133999945, 0.0 ], [ 116.77856479400009, -9.02680132699993, 0.0 ], [ 116.778314993000095, -9.026625991999936, 0.0 ], [ 116.777932757000031, -9.026312541999971, 0.0 ], [ 116.777487844, -9.025946792999946, 0.0 ], [ 116.777345076000074, -9.02582287499996, 0.0 ], [ 116.777208028000018, -9.025703008999926, 0.0 ], [ 116.776759977000097, -9.02533395699993, 0.0 ], [ 116.77637139400008, -9.025002504999975, 0.0 ], [ 116.776236741000048, -9.024887034999949, 0.0 ], [ 116.775947299000109, -9.024680570999976, 0.0 ], [ 116.775785802000087, -9.024541047999946, 0.0 ], [ 116.775785303000021, -9.024540614999978, 0.0 ], [ 116.775697027000092, -9.024463988999969, 0.0 ], [ 116.775614461000032, -9.024403096999947, 0.0 ], [ 116.775614210000072, -9.024402911999971, 0.0 ], [ 116.775351225, -9.024208047999934, 0.0 ], [ 116.775242726000101, -9.024128246999965, 0.0 ], [ 116.775103998000077, -9.02402503299993, 0.0 ], [ 116.774722023000095, -9.023695988999975, 0.0 ], [ 116.774491007000051, -9.023476007999932, 0.0 ], [ 116.774454087000095, -9.023442213999942, 0.0 ], [ 116.774453784000116, -9.023441934999937, 0.0 ], [ 116.774184606000063, -9.023194663999959, 0.0 ], [ 116.773444061000077, -9.022626948999971, 0.0 ], [ 116.773104578000016, -9.022299278999981, 0.0 ], [ 116.772745975000021, -9.021951972999943, 0.0 ], [ 116.772539077000033, -9.021771829999977, 0.0 ], [ 116.772260805000087, -9.02152812199995, 0.0 ], [ 116.772252632000118, -9.021510122999928, 0.0 ], [ 116.772248994000051, -9.021499958999925, 0.0 ], [ 116.77110373000005, -9.02036434799993, 0.0 ], [ 116.771101942000087, -9.020362574999979, 0.0 ], [ 116.771100972000113, -9.020361611999931, 0.0 ], [ 116.771100076000039, -9.020360724999932, 0.0 ], [ 116.771064893000016, -9.020325801999945, 0.0 ], [ 116.770851077000088, -9.020138865999968, 0.0 ], [ 116.770776833000014, -9.020077567999977, 0.0 ], [ 116.770776593000051, -9.020077368999978, 0.0 ], [ 116.770630034000078, -9.019956005999973, 0.0 ], [ 116.770424264000098, -9.019761567999979, 0.0 ], [ 116.769850322000025, -9.019218204999959, 0.0 ], [ 116.769652167000118, -9.019057112999974, 0.0 ], [ 116.76936321200003, -9.018787693999968, 0.0 ], [ 116.768866747000061, -9.018302948999974, 0.0 ], [ 116.768700156000023, -9.018182731999957, 0.0 ], [ 116.768526739000094, -9.018056975999968, 0.0 ], [ 116.767993035000018, -9.017669955999963, 0.0 ], [ 116.767974634000097, -9.01766003299997, 0.0 ], [ 116.76639100500006, -9.016806042999974, 0.0 ], [ 116.76590098500003, -9.016517976999978, 0.0 ], [ 116.76529102500001, -9.016196013999945, 0.0 ], [ 116.765076164000106, -9.016070078999974, 0.0 ], [ 116.764654511000117, -9.015821738999932, 0.0 ], [ 116.763136411, -9.014828351999938, 0.0 ], [ 116.763029995000011, -9.014759350999952, 0.0 ], [ 116.762767980000035, -9.014587965999965, 0.0 ], [ 116.762344976, -9.014278959999956, 0.0 ], [ 116.761956030000078, -9.013974043999951, 0.0 ], [ 116.761504793000086, -9.013658951999957, 0.0 ], [ 116.761504247000062, -9.013658570999951, 0.0 ], [ 116.761503865, -9.013658303999932, 0.0 ], [ 116.761503177, -9.01365782299996, 0.0 ], [ 116.761502817000064, -9.013657571999943, 0.0 ], [ 116.761061799000117, -9.013349281999979, 0.0 ], [ 116.760794782000062, -9.013101786999925, 0.0 ], [ 116.760572677000027, -9.012873843999955, 0.0 ], [ 116.760183564000044, -9.012605272999963, 0.0 ], [ 116.760183336000068, -9.012605113999939, 0.0 ], [ 116.759927975000096, -9.012427970999966, 0.0 ], [ 116.759485966000057, -9.012162989999979, 0.0 ], [ 116.758516025000063, -9.011442969999962, 0.0 ], [ 116.7583851710001, -9.011342057999968, 0.0 ], [ 116.758246200000031, -9.011234137999963, 0.0 ], [ 116.757704837, -9.010878270999967, 0.0 ], [ 116.757141008000076, -9.010374003999971, 0.0 ], [ 116.75704147700003, -9.010301810999977, 0.0 ], [ 116.756607017000078, -9.009990853999966, 0.0 ], [ 116.755689772000096, -9.009396770999956, 0.0 ], [ 116.755452226000102, -9.009243831999981, 0.0 ], [ 116.755260033000013, -9.009118985999976, 0.0 ], [ 116.75504735100003, -9.008981994999942, 0.0 ], [ 116.755047069000057, -9.008981810999956, 0.0 ], [ 116.754935100000012, -9.00890910499993, 0.0 ], [ 116.754592940000066, -9.008712855999931, 0.0 ], [ 116.754348368000024, -9.008458049999945, 0.0 ], [ 116.753685014000098, -9.00776781899998, 0.0 ], [ 116.753432087000078, -9.007502789999933, 0.0 ], [ 116.753112900000019, -9.007213777999937, 0.0 ], [ 116.752632069000015, -9.006813029999932, 0.0 ], [ 116.751959850000048, -9.006290699999965, 0.0 ], [ 116.751865782000095, -9.006185695999932, 0.0 ], [ 116.75170498600005, -9.006004037999958, 0.0 ], [ 116.751539770000022, -9.005857435999928, 0.0 ], [ 116.751539575000038, -9.005857263999928, 0.0 ], [ 116.751448774000096, -9.00577571499997, 0.0 ], [ 116.750697716000104, -9.005100780999953, 0.0 ], [ 116.751074324000115, -9.005301221999957, 0.0 ], [ 116.752530247000095, -9.00532244599998, 0.0 ], [ 116.752824488000101, -9.005285439999966, 0.0 ], [ 116.753753180000103, -9.005293241999937, 0.0 ], [ 116.753969323000092, -9.005308253999942, 0.0 ], [ 116.754372410000087, -9.005484419999959, 0.0 ], [ 116.75465384600011, -9.005792128999929, 0.0 ], [ 116.75474044200007, -9.005949681999937, 0.0 ], [ 116.754751218000024, -9.00596928799996, 0.0 ], [ 116.754812443000105, -9.006205055999942, 0.0 ], [ 116.754782273000046, -9.006323497999972, 0.0 ], [ 116.754719553000086, -9.00652089099998, 0.0 ], [ 116.754749534000098, -9.006683645999942, 0.0 ], [ 116.754776617000061, -9.006798616999959, 0.0 ], [ 116.754843391, -9.006890701999964, 0.0 ], [ 116.754915430000096, -9.006981705999976, 0.0 ], [ 116.755240006, -9.007155027999943, 0.0 ], [ 116.755465278000088, -9.007221228999981, 0.0 ], [ 116.755679050000026, -9.007204139999942, 0.0 ], [ 116.756020149000051, -9.006852570999968, 0.0 ], [ 116.756261668000093, -9.006378883999957, 0.0 ], [ 116.756279987000084, -9.006042425999965, 0.0 ], [ 116.756286528000032, -9.00592228499994, 0.0 ], [ 116.756280881000066, -9.00572843499998, 0.0 ], [ 116.756267452000088, -9.005603342999962, 0.0 ], [ 116.756217291000098, -9.005510471999969, 0.0 ], [ 116.756605145000094, -9.005222556999968, 0.0 ], [ 116.756955715000117, -9.006486821999943, 0.0 ], [ 116.756960931000094, -9.00649631999994, 0.0 ], [ 116.757536541000036, -9.007544492999955, 0.0 ], [ 116.758502364000037, -9.00879965799993, 0.0 ], [ 116.75922016800007, -9.009557436999955, 0.0 ], [ 116.760267131000091, -9.010140404999959, 0.0 ], [ 116.761766191000106, -9.010663886999964, 0.0 ], [ 116.762546201000077, -9.011218829999962, 0.0 ], [ 116.76310821200002, -9.010978472999966, 0.0 ], [ 116.764040960000102, -9.010483545999932, 0.0 ], [ 116.764650102000019, -9.010673901999951, 0.0 ], [ 116.765430565000088, -9.010731008999926, 0.0 ], [ 116.766439456000057, -9.010769079999932, 0.0 ], [ 116.767448348000016, -9.010864259999948, 0.0 ], [ 116.768704704000015, -9.010883294999928, 0.0 ], [ 116.769428060000109, -9.011435329999927, 0.0 ], [ 116.770303702000092, -9.011016544999961, 0.0 ], [ 116.771065128000032, -9.010711972999957, 0.0 ], [ 116.771636200000103, -9.010654865999982, 0.0 ], [ 116.77232148500002, -9.01033125899994, 0.0 ], [ 116.772530878000111, -9.009893438999939, 0.0 ], [ 116.773521725000023, -9.009100758999978, 0.0 ], [ 116.773577839000041, -9.009055867999962, 0.0 ], [ 116.774244089000035, -9.008484797999927, 0.0 ], [ 116.774815159000013, -9.007951798999954, 0.0 ], [ 116.775519479000081, -9.007742405999977, 0.0 ], [ 116.776242835000062, -9.007666263999965, 0.0 ], [ 116.776871013000118, -9.007533013999932, 0.0 ], [ 116.777879905000077, -9.007437835999951, 0.0 ], [ 116.778622296000094, -9.007342656999981, 0.0 ], [ 116.779079154000101, -9.007913727999949, 0.0 ], [ 116.779593117000104, -9.008522869999979, 0.0 ], [ 116.780602008000074, -9.008827439999948, 0.0 ], [ 116.781154043000015, -9.009170082999958, 0.0 ], [ 116.781782221000071, -9.009626939999976, 0.0 ], [ 116.782619792000105, -9.010654866999971, 0.0 ], [ 116.784066504000066, -9.011968328999956, 0.0 ], [ 116.784272565000038, -9.012315872999977, 0.0 ], [ 116.784529547000034, -9.012411050999958, 0.0 ], [ 116.784872190000101, -9.012506229999929, 0.0 ], [ 116.785157724000101, -9.012772728999948, 0.0 ], [ 116.78528145700011, -9.012944050999977, 0.0 ], [ 116.785614582000107, -9.013181996999947, 0.0 ], [ 116.785614581000118, -9.013410424999961, 0.0 ], [ 116.785728795000068, -9.01367692499997, 0.0 ], [ 116.785852527000088, -9.013810173999957, 0.0 ], [ 116.785947706000115, -9.014048120999973, 0.0 ], [ 116.786071437000032, -9.014133781999931, 0.0 ], [ 116.786214206000068, -9.014209923999942, 0.0 ], [ 116.78635078700006, -9.014366825999957, 0.0 ], [ 116.78650910600004, -9.014663998999936, 0.0 ], [ 116.786614318000034, -9.014891360999968, 0.0 ], [ 116.786690097000019, -9.015114118999975, 0.0 ], [ 116.786490223000101, -9.015266404999977, 0.0 ], [ 116.786499740000068, -9.015475796999965, 0.0 ], [ 116.786499741000057, -9.015704225999968, 0.0 ], [ 116.786442633000092, -9.015989760999958, 0.0 ], [ 116.786547330000076, -9.016075420999925, 0.0 ], [ 116.786680579000063, -9.016151563999927, 0.0 ], [ 116.78672817000006, -9.016313367999942, 0.0 ], [ 116.786918526000022, -9.01664649199995, 0.0 ], [ 116.78684238400001, -9.016846366999971, 0.0 ], [ 116.786699615000089, -9.016932026999939, 0.0 ], [ 116.786699615000089, -9.017065276999972, 0.0 ], [ 116.786632989000054, -9.017208044999961, 0.0 ], [ 116.786480705000031, -9.017293704999929, 0.0 ], [ 116.786496291000049, -9.017503688999966, 0.0 ], [ 116.786575883000069, -9.01763634799994, 0.0 ], [ 116.786623472000088, -9.01776007999996, 0.0 ], [ 116.786509257000034, -9.017874293999967, 0.0 ], [ 116.786347455000055, -9.017959954999981, 0.0 ], [ 116.786299865000046, -9.018083686999944, 0.0 ], [ 116.786309384000106, -9.018264525999939, 0.0 ], [ 116.786176133000026, -9.01834066899994, 0.0 ], [ 116.786033365000094, -9.018397775999972, 0.0 ], [ 116.785852527000088, -9.018369221999933, 0.0 ], [ 116.785804938000069, -9.018531024999959, 0.0 ], [ 116.78623657300011, -9.018935390999957, 0.0 ], [ 116.786560179000048, -9.019563568999956, 0.0 ], [ 116.787036071000102, -9.020248852999941, 0.0 ], [ 116.787473891000104, -9.020896066999967, 0.0 ], [ 116.787832541000057, -9.021548871999926, 0.0 ], [ 116.788292426000112, -9.022057243999939, 0.0 ], [ 116.7882162840001, -9.022685421999938, 0.0 ], [ 116.788112187000024, -9.022817908999968, 0.0 ], [ 116.787797499000021, -9.023218420999967, 0.0 ], [ 116.787911713000085, -9.024189240999931, 0.0 ], [ 116.788464494000095, -9.024579439999968, 0.0 ], [ 116.788558925000075, -9.024646096999959, 0.0 ], [ 116.789244211000096, -9.025540774999968, 0.0 ], [ 116.79019599500009, -9.026187987999947, 0.0 ], [ 116.790062745000114, -9.027387235999981, 0.0 ], [ 116.789758175000088, -9.028415163999966, 0.0 ], [ 116.789620477000085, -9.028944771999932, 0.0 ], [ 116.789510711000048, -9.029366947999961, 0.0 ], [ 116.78950405, -9.029887097999961, 0.0 ], [ 116.789624924, -9.030528124999933, 0.0 ], [ 116.7898594830001, -9.030950330999929, 0.0 ], [ 116.789910460000101, -9.031042088999925, 0.0 ], [ 116.790576708000117, -9.03197483699995, 0.0 ], [ 116.791090672000109, -9.032660121999982, 0.0 ], [ 116.791947278000066, -9.032755299999963, 0.0 ], [ 116.792975205000062, -9.03296469299994, 0.0 ], [ 116.793755669, -9.033078906999947, 0.0 ], [ 116.79459324000004, -9.033250228999975, 0.0 ], [ 116.795354666000094, -9.033307334999961, 0.0 ], [ 116.796363559000042, -9.033421549999957, 0.0 ], [ 116.797296306000021, -9.03357383499997, 0.0 ], [ 116.798225423000076, -9.033639113999925, 0.0 ], [ 116.799295053000037, -9.033745155999952, 0.0 ], [ 116.800335816000029, -9.033896009999978, 0.0 ] ] ] ] } },
{ "type": "Feature","id":9, "properties": { "OBJECTID_1": 159, "OBJECTID": 159, "NAMA_KWS": "TWA Pelangan", "NOREGKK": "100253059", "NUPT": "Balai KSDA Nusa Tenggara Barat", "NPULAU": "Bali Nusra", "NPROV": "Nusa Tenggara Barat", "FGSKWS": "TWA", "LUAS_HA": 424.2, "SUMBERDATA": "Peta Penetapan Kawasan Hutan periode Juli 2024", "KETERANGAN": "SK Kawasan", "PROYEKSI": "World Cylindrical Equal Area", "Area": 424.19555449400002, "Perimeter": 24.836821109300001, "UGrid": 2 }, "geometry": { "type": "MultiPolygon", "coordinates": [ [ [ [ 115.913186758000052, -8.83285189399993, 0.0 ], [ 115.913516222000112, -8.833220895999943, 0.0 ], [ 115.913951118000114, -8.833115466999971, 0.0 ], [ 115.914471675000073, -8.833240664999948, 0.0 ], [ 115.914853856000036, -8.833359271999939, 0.0 ], [ 115.915539145000025, -8.833609665999973, 0.0 ], [ 115.915750004000074, -8.834149990999947, 0.0 ], [ 115.916158542000062, -8.834532171999967, 0.0 ], [ 115.916698866000047, -8.834663958999954, 0.0 ], [ 115.917463228000088, -8.834716672999946, 0.0 ], [ 115.918056267000111, -8.834835280999926, 0.0 ], [ 115.91829580700005, -8.834797852999941, 0.0 ], [ 115.918432106000068, -8.834776555999952, 0.0 ], [ 115.918477985000095, -8.834769386999938, 0.0 ], [ 115.918362210000055, -8.834885160999931, 0.0 ], [ 115.9180562680001, -8.835191103999932, 0.0 ], [ 115.917838201000109, -8.835177125999962, 0.0 ], [ 115.917028332000086, -8.83512521199998, 0.0 ], [ 115.915697289000036, -8.834967067999969, 0.0 ], [ 115.915196500000093, -8.834518992999961, 0.0 ], [ 115.914629820000073, -8.834453099999962, 0.0 ], [ 115.914287174000037, -8.835270175999938, 0.0 ], [ 115.914679812000031, -8.835615426999937, 0.0 ], [ 115.915051535000089, -8.835942286999966, 0.0 ], [ 115.915500915000052, -8.83639166699993, 0.0 ], [ 115.915750003000085, -8.836640755999952, 0.0 ], [ 115.91672522500005, -8.836548504999939, 0.0 ], [ 115.917436871000064, -8.836390360999928, 0.0 ], [ 115.918524110000021, -8.837016347999963, 0.0 ], [ 115.919749723000109, -8.837464420999936, 0.0 ], [ 115.920008468000105, -8.837633467999979, 0.0 ], [ 115.920267212000113, -8.837802513999975, 0.0 ], [ 115.920668714000044, -8.838064827999972, 0.0 ], [ 115.920738122000103, -8.83811017499994, 0.0 ], [ 115.920848414000034, -8.838453194999943, 0.0 ], [ 115.920884992000083, -8.838498307999942, 0.0 ], [ 115.921034544, -8.83868280799993, 0.0 ], [ 115.921035054000072, -8.838683660999948, 0.0 ], [ 115.921092059000102, -8.83877909399996, 0.0 ], [ 115.92118611300009, -8.838938579999933, 0.0 ], [ 115.921221290000062, -8.838990169999931, 0.0 ], [ 115.9212263820001, -8.838997640999935, 0.0 ], [ 115.921319706000077, -8.839119499999981, 0.0 ], [ 115.921350827000083, -8.839160395999954, 0.0 ], [ 115.921404936000044, -8.839234136999949, 0.0 ], [ 115.921438530000046, -8.839279919999967, 0.0 ], [ 115.921429271000079, -8.83938845199998, 0.0 ], [ 115.921393348000038, -8.839442341999927, 0.0 ], [ 115.921364791000087, -8.839483318999953, 0.0 ], [ 115.921349208000038, -8.839516715999935, 0.0 ], [ 115.921349047000035, -8.839517055999977, 0.0 ], [ 115.921348629000022, -8.839519129999928, 0.0 ], [ 115.921337975000029, -8.839572019999935, 0.0 ], [ 115.921338762, -8.839575975999935, 0.0 ], [ 115.921364815000061, -8.83970695599993, 0.0 ], [ 115.921380561000092, -8.839788538999926, 0.0 ], [ 115.921396679000054, -8.839862431999961, 0.0 ], [ 115.921405588000084, -8.839903281999966, 0.0 ], [ 115.921437155000035, -8.840078870999946, 0.0 ], [ 115.921456525000053, -8.840184085999965, 0.0 ], [ 115.921460815000046, -8.840211730999954, 0.0 ], [ 115.921497202000069, -8.840446227999962, 0.0 ], [ 115.92149500700009, -8.840457988999958, 0.0 ], [ 115.921466827000017, -8.84060904699993, 0.0 ], [ 115.921412253000085, -8.840709408999942, 0.0 ], [ 115.921383987000013, -8.840761389999955, 0.0 ], [ 115.921342984000034, -8.840839360999951, 0.0 ], [ 115.921236554000075, -8.841068433999965, 0.0 ], [ 115.921173680000038, -8.841344018999962, 0.0 ], [ 115.92116782700009, -8.841366931999971, 0.0 ], [ 115.921156194000105, -8.841412471999945, 0.0 ], [ 115.92112510600009, -8.841510167999957, 0.0 ], [ 115.921101566000061, -8.841584139999952, 0.0 ], [ 115.921079866000014, -8.841643845999954, 0.0 ], [ 115.921070442000087, -8.841669772999978, 0.0 ], [ 115.921066915000097, -8.841677148999963, 0.0 ], [ 115.92103975100008, -8.841734051999936, 0.0 ], [ 115.920975052000017, -8.841837342999952, 0.0 ], [ 115.920972841000093, -8.841840873999956, 0.0 ], [ 115.920917643000053, -8.841922164999971, 0.0 ], [ 115.920896250000055, -8.841954430999976, 0.0 ], [ 115.92083385300009, -8.84204854199993, 0.0 ], [ 115.920824818000028, -8.842064325999957, 0.0 ], [ 115.920809285000018, -8.842091443999948, 0.0 ], [ 115.920699260000106, -8.842310052999949, 0.0 ], [ 115.920692996000071, -8.842358848999936, 0.0 ], [ 115.920708181, -8.842527665999967, 0.0 ], [ 115.920808857000111, -8.84276831699998, 0.0 ], [ 115.92084646, -8.842987665999942, 0.0 ], [ 115.920846915000084, -8.842990317999977, 0.0 ], [ 115.920822389000023, -8.84303704499996, 0.0 ], [ 115.920807705000016, -8.843060603999959, 0.0 ], [ 115.920655857000042, -8.843137275999936, 0.0 ], [ 115.920636865, -8.843148087999964, 0.0 ], [ 115.920581507000065, -8.84316752899997, 0.0 ], [ 115.920461820000014, -8.843212234999953, 0.0 ], [ 115.920402192000097, -8.84324815399998, 0.0 ], [ 115.920378712000115, -8.84336379399997, 0.0 ], [ 115.920379269000023, -8.843387012999926, 0.0 ], [ 115.920379521000086, -8.84339754399997, 0.0 ], [ 115.920388656000114, -8.843429728999979, 0.0 ], [ 115.920408715, -8.84350040299995, 0.0 ], [ 115.92050155700008, -8.843585728999926, 0.0 ], [ 115.920549722000032, -8.843623738999952, 0.0 ], [ 115.920585891000087, -8.843652285999951, 0.0 ], [ 115.920596362000083, -8.84366332999997, 0.0 ], [ 115.920623054000089, -8.843691484999965, 0.0 ], [ 115.920634812000117, -8.843713788999935, 0.0 ], [ 115.92064959400011, -8.843741828999953, 0.0 ], [ 115.920648178000079, -8.843751502999964, 0.0 ], [ 115.920638557000075, -8.843817237999929, 0.0 ], [ 115.920634801, -8.843849212999942, 0.0 ], [ 115.920582505000084, -8.84387535999997, 0.0 ], [ 115.920557529, -8.843891449999944, 0.0 ], [ 115.920501414000114, -8.843905912999958, 0.0 ], [ 115.920440131000078, -8.843921707999925, 0.0 ], [ 115.920417522000093, -8.843922675999977, 0.0 ], [ 115.920401273000039, -8.84392337099996, 0.0 ], [ 115.920383325000103, -8.84391882999995, 0.0 ], [ 115.920365828000058, -8.843914402999928, 0.0 ], [ 115.920348949000072, -8.843904909999935, 0.0 ], [ 115.920328810000115, -8.843893582999954, 0.0 ], [ 115.920305450000114, -8.843872458999954, 0.0 ], [ 115.920281161000048, -8.84385049399998, 0.0 ], [ 115.920219059000033, -8.843778672999974, 0.0 ], [ 115.920211832000064, -8.843754759999968, 0.0 ], [ 115.920182455000031, -8.84365755999994, 0.0 ], [ 115.920158535000041, -8.843526408999935, 0.0 ], [ 115.920151590000046, -8.843484358999945, 0.0 ], [ 115.920150191000062, -8.84348431799998, 0.0 ], [ 115.92004509800006, -8.843481275999977, 0.0 ], [ 115.92004139900007, -8.843481168999972, 0.0 ], [ 115.919989578000013, -8.84352148399995, 0.0 ], [ 115.919788229, -8.843708276999962, 0.0 ], [ 115.919447370000057, -8.844024495999975, 0.0 ], [ 115.919350396000027, -8.844108763999941, 0.0 ], [ 115.91933227100003, -8.844129750999969, 0.0 ], [ 115.919220520000067, -8.844259835999935, 0.0 ], [ 115.918990507000103, -8.844375421999928, 0.0 ], [ 115.918987880000032, -8.844375472999957, 0.0 ], [ 115.918874774000074, -8.844377650999945, 0.0 ], [ 115.918874684000116, -8.844377971999961, 0.0 ], [ 115.918854858000032, -8.844448801999931, 0.0 ], [ 115.918907329000035, -8.844508669999925, 0.0 ], [ 115.918714012, -8.844737840999926, 0.0 ], [ 115.918707024000014, -8.844968113999926, 0.0 ], [ 115.918706560000032, -8.845124748999979, 0.0 ], [ 115.918587123000066, -8.845225158999938, 0.0 ], [ 115.918506325000067, -8.845327421999968, 0.0 ], [ 115.918410472, -8.845462524999959, 0.0 ], [ 115.918305522000082, -8.845477804999973, 0.0 ], [ 115.918287137000107, -8.845463724999945, 0.0 ], [ 115.918256002000021, -8.845439878999969, 0.0 ], [ 115.918230467000058, -8.845415627999955, 0.0 ], [ 115.918203467000012, -8.84538998599993, 0.0 ], [ 115.918189923000114, -8.845397704999925, 0.0 ], [ 115.918154169000104, -8.84541825499997, 0.0 ], [ 115.918001583000091, -8.845501790999947, 0.0 ], [ 115.917938231000107, -8.845500922999975, 0.0 ], [ 115.917897884000013, -8.845500369999968, 0.0 ], [ 115.917897009000058, -8.845500116999972, 0.0 ], [ 115.91772060400001, -8.845449190999943, 0.0 ], [ 115.917583908000097, -8.845416911999962, 0.0 ], [ 115.917582327000105, -8.845415044999982, 0.0 ], [ 115.917579201000081, -8.845411352999974, 0.0 ], [ 115.917539022000028, -8.845363904999942, 0.0 ], [ 115.917540847000055, -8.845362094999928, 0.0 ], [ 115.91756648, -8.845336668999948, 0.0 ], [ 115.917592582000111, -8.845310777999941, 0.0 ], [ 115.917643871000109, -8.845245699999964, 0.0 ], [ 115.917675765000013, -8.845119119999936, 0.0 ], [ 115.917734324000094, -8.845064119999961, 0.0 ], [ 115.917851486000018, -8.844951755999944, 0.0 ], [ 115.917843586000117, -8.844869256999971, 0.0 ], [ 115.917944028000079, -8.844868270999939, 0.0 ], [ 115.918015925000077, -8.844865759999948, 0.0 ], [ 115.917998171000022, -8.844837479999967, 0.0 ], [ 115.917946502000063, -8.844744385999945, 0.0 ], [ 115.918044841000096, -8.844656618999977, 0.0 ], [ 115.918047956, -8.844654151999976, 0.0 ], [ 115.918078803000071, -8.844629681999947, 0.0 ], [ 115.918268621000038, -8.844503489999965, 0.0 ], [ 115.918312916000104, -8.844477512999958, 0.0 ], [ 115.91835160100004, -8.844454825999946, 0.0 ], [ 115.918391118000045, -8.84443161799993, 0.0 ], [ 115.91851628500001, -8.844372257999964, 0.0 ], [ 115.918459098000085, -8.844329250999976, 0.0 ], [ 115.918296822000116, -8.844323523999947, 0.0 ], [ 115.918292774000065, -8.844323380999981, 0.0 ], [ 115.918284671000038, -8.844348995999951, 0.0 ], [ 115.918265081000072, -8.844410918999927, 0.0 ], [ 115.918177817000014, -8.844481491999943, 0.0 ], [ 115.918141713000068, -8.844510689999936, 0.0 ], [ 115.918123708000053, -8.844530745999975, 0.0 ], [ 115.918122923000055, -8.844531789999962, 0.0 ], [ 115.918105344000082, -8.844555165999964, 0.0 ], [ 115.9179622260001, -8.844605889999968, 0.0 ], [ 115.917912018000038, -8.844624080999949, 0.0 ], [ 115.917800936000049, -8.84465301299997, 0.0 ], [ 115.917715004000115, -8.84467279699993, 0.0 ], [ 115.917716041000062, -8.844668965999972, 0.0 ], [ 115.917716326000118, -8.844667911999977, 0.0 ], [ 115.917743, -8.84456930999994, 0.0 ], [ 115.91782124000008, -8.844478502999948, 0.0 ], [ 115.917859392000082, -8.844436909999956, 0.0 ], [ 115.917860664000045, -8.844435522999959, 0.0 ], [ 115.917816928000093, -8.844442537999953, 0.0 ], [ 115.917652910000015, -8.844468849999942, 0.0 ], [ 115.917504688, -8.844521219999933, 0.0 ], [ 115.917324574000077, -8.844489645999943, 0.0 ], [ 115.917251539000063, -8.844403792999969, 0.0 ], [ 115.917240031, -8.844315070999926, 0.0 ], [ 115.91729039900008, -8.844257619999951, 0.0 ], [ 115.917379242000038, -8.844153545999973, 0.0 ], [ 115.91734176500006, -8.844144306999965, 0.0 ], [ 115.917255085000079, -8.844176554999933, 0.0 ], [ 115.916840396000111, -8.844478323999965, 0.0 ], [ 115.916684314, -8.844594850999954, 0.0 ], [ 115.916593422, -8.844582123999942, 0.0 ], [ 115.916575574000035, -8.844579624999938, 0.0 ], [ 115.916570728000011, -8.844578945999956, 0.0 ], [ 115.916497372000094, -8.844523795999976, 0.0 ], [ 115.916244247, -8.844312394999974, 0.0 ], [ 115.916127006000011, -8.844314782999959, 0.0 ], [ 115.916121549000081, -8.844314886999939, 0.0 ], [ 115.916115330000025, -8.844320294999932, 0.0 ], [ 115.916051268000047, -8.844376005999948, 0.0 ], [ 115.916021184000101, -8.844443448999925, 0.0 ], [ 115.916048606000118, -8.84452552099998, 0.0 ], [ 115.916143865000095, -8.844579536999959, 0.0 ], [ 115.916190098000015, -8.844644460999973, 0.0 ], [ 115.916189039000074, -8.844646700999931, 0.0 ], [ 115.916183206000028, -8.844659043999968, 0.0 ], [ 115.916165923000108, -8.844695610999963, 0.0 ], [ 115.916071057000067, -8.844756980999932, 0.0 ], [ 115.916054253000084, -8.844836045999955, 0.0 ], [ 115.916079801000024, -8.84492103599996, 0.0 ], [ 115.916079792, -8.844921498999952, 0.0 ], [ 115.916079633000095, -8.844930227999953, 0.0 ], [ 115.91607962, -8.844930601999977, 0.0 ], [ 115.916078306000031, -8.844998086999965, 0.0 ], [ 115.915990463000071, -8.845105328999978, 0.0 ], [ 115.91598942600001, -8.845105701999955, 0.0 ], [ 115.915978795000115, -8.845109527999966, 0.0 ], [ 115.915966659000105, -8.84511389499994, 0.0 ], [ 115.915935180000019, -8.845107478999978, 0.0 ], [ 115.915683441000056, -8.844896980999977, 0.0 ], [ 115.915568962000066, -8.844868854999959, 0.0 ], [ 115.915548793000085, -8.844791161999979, 0.0 ], [ 115.915518713000097, -8.844020733999969, 0.0 ], [ 115.915423604000011, -8.843896059999963, 0.0 ], [ 115.915423049000083, -8.843895331999931, 0.0 ], [ 115.915388882000116, -8.843896965999932, 0.0 ], [ 115.91534776200001, -8.843898931999945, 0.0 ], [ 115.91534398400006, -8.843899112999964, 0.0 ], [ 115.915303582000092, -8.84393148099997, 0.0 ], [ 115.915272800000025, -8.843956141999968, 0.0 ], [ 115.915070399000115, -8.844251121999946, 0.0 ], [ 115.914957565, -8.844415543999958, 0.0 ], [ 115.914955011000075, -8.844419265999932, 0.0 ], [ 115.914881700000024, -8.844346110999936, 0.0 ], [ 115.914803999000014, -8.844311511999933, 0.0 ], [ 115.914480213000047, -8.844340706999958, 0.0 ], [ 115.914480074000039, -8.844341007999958, 0.0 ], [ 115.914447014000075, -8.84441426199993, 0.0 ], [ 115.914482103000068, -8.844424273999948, 0.0 ], [ 115.914580448000038, -8.844392192999976, 0.0 ], [ 115.914737475000038, -8.844423279999944, 0.0 ], [ 115.914819169000111, -8.84449533999998, 0.0 ], [ 115.914819106000095, -8.844507122999971, 0.0 ], [ 115.914818442000069, -8.844631091999929, 0.0 ], [ 115.914818430000082, -8.844633339999973, 0.0 ], [ 115.914780818000054, -8.844681077999951, 0.0 ], [ 115.914701259000026, -8.844684082999947, 0.0 ], [ 115.914633840000079, -8.844641931999945, 0.0 ], [ 115.914560292000033, -8.844595243999947, 0.0 ], [ 115.914527578000047, -8.844623523999928, 0.0 ], [ 115.914464528000053, -8.844764442999974, 0.0 ], [ 115.914462932000106, -8.844768004999935, 0.0 ], [ 115.914463492000095, -8.844771320999939, 0.0 ], [ 115.914479793000055, -8.844866863999925, 0.0 ], [ 115.914489032, -8.845079497999961, 0.0 ], [ 115.914466413000014, -8.845096522999938, 0.0 ], [ 115.914405198000054, -8.845142630999931, 0.0 ], [ 115.914359009, -8.845131882999965, 0.0 ], [ 115.914337931000091, -8.845126978999929, 0.0 ], [ 115.914316108000094, -8.845065897999973, 0.0 ], [ 115.914315500000043, -8.845064197999932, 0.0 ], [ 115.914336813000091, -8.84503657099998, 0.0 ], [ 115.91434519400002, -8.845025704999955, 0.0 ], [ 115.914364854000041, -8.844964318999928, 0.0 ], [ 115.914364626000065, -8.844964111999957, 0.0 ], [ 115.914327410000055, -8.844930229999932, 0.0 ], [ 115.914183538000088, -8.844930246999979, 0.0 ], [ 115.914085800000066, -8.844986749999975, 0.0 ], [ 115.914077144000089, -8.845040824999955, 0.0 ], [ 115.914045950000059, -8.845139664999977, 0.0 ], [ 115.913968189000116, -8.845192020999946, 0.0 ], [ 115.913958712000067, -8.845198391999929, 0.0 ], [ 115.91395602800003, -8.845196711999961, 0.0 ], [ 115.913917114000014, -8.845172361999971, 0.0 ], [ 115.913898615000107, -8.84509560999993, 0.0 ], [ 115.913897053000028, -8.845089134999967, 0.0 ], [ 115.913895934000038, -8.845084494999981, 0.0 ], [ 115.913925257000074, -8.844662419999963, 0.0 ], [ 115.914006, -8.844652826999948, 0.0 ], [ 115.914144432000057, -8.84462784599998, 0.0 ], [ 115.914173650000066, -8.844562792999966, 0.0 ], [ 115.914175154000077, -8.84455903199995, 0.0 ], [ 115.914187561000062, -8.844528080999964, 0.0 ], [ 115.91420739900002, -8.844462023999938, 0.0 ], [ 115.914253079000105, -8.844324359999973, 0.0 ], [ 115.914260979, -8.844190020999974, 0.0 ], [ 115.914265496000098, -8.844113222999965, 0.0 ], [ 115.914265631000035, -8.844110919999935, 0.0 ], [ 115.914207020000049, -8.844141987999933, 0.0 ], [ 115.914204339000094, -8.844143401999929, 0.0 ], [ 115.914143922000108, -8.844164838999973, 0.0 ], [ 115.914035158000047, -8.844101789999968, 0.0 ], [ 115.913764677000017, -8.843845332999933, 0.0 ], [ 115.913734973000032, -8.843812043999947, 0.0 ], [ 115.913720088000105, -8.843838957999935, 0.0 ], [ 115.91368938800008, -8.84402292599998, 0.0 ], [ 115.913548999000113, -8.844132781999974, 0.0 ], [ 115.913531849000037, -8.84414210999995, 0.0 ], [ 115.913499342000023, -8.844159787999956, 0.0 ], [ 115.913412079000068, -8.844173917999967, 0.0 ], [ 115.91340914400007, -8.844174392999946, 0.0 ], [ 115.913361917000088, -8.844150221999939, 0.0 ], [ 115.913361148000035, -8.844146052999974, 0.0 ], [ 115.913359223000043, -8.844135619999975, 0.0 ], [ 115.913343769000107, -8.844051874999934, 0.0 ], [ 115.913344365000057, -8.844047994999926, 0.0 ], [ 115.913349461000053, -8.844014810999965, 0.0 ], [ 115.91337119100001, -8.843873299999927, 0.0 ], [ 115.913525648000018, -8.843715939999981, 0.0 ], [ 115.913755910000077, -8.843581121999932, 0.0 ], [ 115.913800880000053, -8.843554879999942, 0.0 ], [ 115.913823457000035, -8.843469034999941, 0.0 ], [ 115.913796501000093, -8.843453132999969, 0.0 ], [ 115.91374926900005, -8.843479498999955, 0.0 ], [ 115.913574155000106, -8.843573962999926, 0.0 ], [ 115.913517976000094, -8.843599611999934, 0.0 ], [ 115.913501115000031, -8.843607309999982, 0.0 ], [ 115.913497928000083, -8.843608764999942, 0.0 ], [ 115.913528568000061, -8.843562872999939, 0.0 ], [ 115.913600531000043, -8.843476765999981, 0.0 ], [ 115.913668140000027, -8.843406638999966, 0.0 ], [ 115.913812351000047, -8.84324401899994, 0.0 ], [ 115.913831807000065, -8.843225767999968, 0.0 ], [ 115.913849207000112, -8.843209445999946, 0.0 ], [ 115.913925967000068, -8.842931161999957, 0.0 ], [ 115.913928147000092, -8.842923258999974, 0.0 ], [ 115.914025888000083, -8.842584041999942, 0.0 ], [ 115.914037966000024, -8.842338729999938, 0.0 ], [ 115.914048372000025, -8.842021131999957, 0.0 ], [ 115.914057267000089, -8.841939848999971, 0.0 ], [ 115.914076588000057, -8.841805664999981, 0.0 ], [ 115.914029574000097, -8.841742735999958, 0.0 ], [ 115.913971684000103, -8.841735743999948, 0.0 ], [ 115.913970572000039, -8.841735609999944, 0.0 ], [ 115.913930272000016, -8.84175795699997, 0.0 ], [ 115.913919125, -8.841764148999971, 0.0 ], [ 115.913878751000084, -8.841787579999959, 0.0 ], [ 115.91386091600009, -8.841797923999934, 0.0 ], [ 115.91385927400006, -8.841798876999974, 0.0 ], [ 115.913824834000025, -8.841755897999974, 0.0 ], [ 115.913822434000053, -8.841701600999954, 0.0 ], [ 115.913822230000051, -8.841696979999938, 0.0 ], [ 115.913819539000087, -8.841660769999976, 0.0 ], [ 115.913797770000087, -8.84155149999998, 0.0 ], [ 115.913791881000066, -8.841521941999929, 0.0 ], [ 115.913791444000026, -8.84151974599996, 0.0 ], [ 115.913664039000082, -8.841401848999965, 0.0 ], [ 115.913663350000093, -8.841401211999937, 0.0 ], [ 115.913672209000083, -8.84137904399995, 0.0 ], [ 115.913695766000046, -8.841320095999947, 0.0 ], [ 115.91369721, -8.841316481999968, 0.0 ], [ 115.913781827000093, -8.841291564999949, 0.0 ], [ 115.913784064000083, -8.841290905999927, 0.0 ], [ 115.913794752000058, -8.841285032999963, 0.0 ], [ 115.913873014000046, -8.841242027999954, 0.0 ], [ 115.913870630000019, -8.841130393999947, 0.0 ], [ 115.91379839800004, -8.841029717999959, 0.0 ], [ 115.913724431000105, -8.840951029999928, 0.0 ], [ 115.913696509000033, -8.840921327999979, 0.0 ], [ 115.913695626000049, -8.840921702999935, 0.0 ], [ 115.913626573000101, -8.840951032999953, 0.0 ], [ 115.913512058000038, -8.841067046999967, 0.0 ], [ 115.913436480000087, -8.841068074999953, 0.0 ], [ 115.913441958000021, -8.84100299399995, 0.0 ], [ 115.913442273000101, -8.84100120599993, 0.0 ], [ 115.913456795000116, -8.840918861999967, 0.0 ], [ 115.913457296000047, -8.840916018999962, 0.0 ], [ 115.913832098000057, -8.840484151999931, 0.0 ], [ 115.914635749000013, -8.839544670999942, 0.0 ], [ 115.913795610000079, -8.839297570999975, 0.0 ], [ 115.913004892000117, -8.838852791999955, 0.0 ], [ 115.912494219000109, -8.838473904999944, 0.0 ], [ 115.912115333000088, -8.838095018999979, 0.0 ], [ 115.911687026000095, -8.837501979999956, 0.0 ], [ 115.911192827000036, -8.837652875999936, 0.0 ], [ 115.910612966000031, -8.837842648999981, 0.0 ], [ 115.910085821000052, -8.837515817999929, 0.0 ], [ 115.909843333000026, -8.837030843999969, 0.0 ], [ 115.909706276000065, -8.836556411999936, 0.0 ], [ 115.909917135000114, -8.835966008999947, 0.0 ], [ 115.90998039100009, -8.835428319999949, 0.0 ], [ 115.909527046000107, -8.834711400999936, 0.0 ], [ 115.909505960000047, -8.83424751299998, 0.0 ], [ 115.9093952610001, -8.833588580999958, 0.0 ], [ 115.909057886000028, -8.832755690999932, 0.0 ], [ 115.908657255000094, -8.832228543999975, 0.0 ], [ 115.908351511000092, -8.831743569999958, 0.0 ], [ 115.908288253000023, -8.831311310999979, 0.0 ], [ 115.908257942000091, -8.830888275999939, 0.0 ], [ 115.908785088000059, -8.83065105999998, 0.0 ], [ 115.909378128000071, -8.830321592999951, 0.0 ], [ 115.909892095000032, -8.830031662999943, 0.0 ], [ 115.910379704000093, -8.830005305999975, 0.0 ], [ 115.910814600000094, -8.83065105999998, 0.0 ], [ 115.91114406600002, -8.831244099999935, 0.0 ], [ 115.911433996000028, -8.831692172999965, 0.0 ], [ 115.911895250000043, -8.831797602999927, 0.0 ], [ 115.912369680000097, -8.831837137999969, 0.0 ], [ 115.912791398000081, -8.832100710999953, 0.0 ], [ 115.912923183000089, -8.832456534999949, 0.0 ], [ 115.913186758000052, -8.83285189399993, 0.0 ] ] ], [ [ [ 115.93775103400003, -8.828361585999971, 0.0 ], [ 115.938500417000114, -8.828482022999935, 0.0 ], [ 115.939283254000088, -8.828381658999945, 0.0 ], [ 115.939805145000037, -8.828180930999963, 0.0 ], [ 115.940300274000037, -8.827953439999931, 0.0 ], [ 115.94099613000003, -8.827886530999933, 0.0 ], [ 115.941665221000108, -8.827485075999959, 0.0 ], [ 115.94230755000001, -8.827056856999945, 0.0 ], [ 115.942896350000069, -8.827070238999966, 0.0 ], [ 115.943592205000073, -8.827284347999978, 0.0 ], [ 115.944334898000079, -8.827772785999969, 0.0 ], [ 115.945218099000044, -8.828053803999978, 0.0 ], [ 115.945766755000022, -8.828401731999975, 0.0 ], [ 115.946342174000051, -8.829084204999958, 0.0 ], [ 115.946703483000078, -8.829793442999971, 0.0 ], [ 115.94718522900007, -8.830248425999969, 0.0 ], [ 115.94756661100007, -8.830964353999946, 0.0 ], [ 115.948249086000033, -8.831646827999975, 0.0 ], [ 115.948275849000083, -8.832583555999975, 0.0 ], [ 115.948186673, -8.833099225999945, 0.0 ], [ 115.948121959000105, -8.83347344799995, 0.0 ], [ 115.948107785000047, -8.833564162999949, 0.0 ], [ 115.94798814100011, -8.834329885999978, 0.0 ], [ 115.948055049000118, -8.834851777999972, 0.0 ], [ 115.948188867000113, -8.835387050999941, 0.0 ], [ 115.948576941000056, -8.836109669999928, 0.0 ], [ 115.948623778000069, -8.836745307999934, 0.0 ], [ 115.948797742000011, -8.837079853999967, 0.0 ], [ 115.949560507000115, -8.837561599999958, 0.0 ], [ 115.950336652000033, -8.838110255999936, 0.0 ], [ 115.950709903000075, -8.83849554699998, 0.0 ], [ 115.95116632700001, -8.838966692999975, 0.0 ], [ 115.951542837000034, -8.839153465999971, 0.0 ], [ 115.952016074000085, -8.839388220999979, 0.0 ], [ 115.952778838000086, -8.840043930999968, 0.0 ], [ 115.953327494000064, -8.840833458999953, 0.0 ], [ 115.953635276000114, -8.841582842999969, 0.0 ], [ 115.954023348000078, -8.842479425999954, 0.0 ], [ 115.954819569000051, -8.843074916999967, 0.0 ], [ 115.955207642, -8.843864445999941, 0.0 ], [ 115.955595715000072, -8.844707501999949, 0.0 ], [ 115.956211279000058, -8.845443502999956, 0.0 ], [ 115.956753244000083, -8.846038994999958, 0.0 ], [ 115.957810408000114, -8.846855285999936, 0.0 ], [ 115.95861332000004, -8.846855286999926, 0.0 ], [ 115.959175357000049, -8.847698341999944, 0.0 ], [ 115.960018412000068, -8.848474488999955, 0.0 ], [ 115.96090429000003, -8.849280075999957, 0.0 ], [ 115.96163226300007, -8.850018752999972, 0.0 ], [ 115.96238164500005, -8.850693197999931, 0.0 ], [ 115.961091636000106, -8.850987597999961, 0.0 ], [ 115.960170965000088, -8.851041125999927, 0.0 ], [ 115.95931452800005, -8.851330172999951, 0.0 ], [ 115.958961154, -8.851305341999932, 0.0 ], [ 115.95869045500001, -8.851286319999929, 0.0 ], [ 115.958324271000038, -8.851260587999946, 0.0 ], [ 115.958186451000074, -8.85112965899998, 0.0 ], [ 115.958135508000055, -8.85108126199998, 0.0 ], [ 115.957681943000011, -8.850650376999965, 0.0 ], [ 115.957097091000037, -8.850224035999929, 0.0 ], [ 115.956536458000073, -8.849815348999925, 0.0 ], [ 115.955935768000018, -8.849572322999961, 0.0 ], [ 115.955134041000065, -8.849247958999968, 0.0 ], [ 115.954448892000073, -8.849719, 0.0 ], [ 115.954189284000108, -8.850144542999942, 0.0 ], [ 115.953929677000019, -8.850570084999958, 0.0 ], [ 115.954473751000023, -8.851221031999955, 0.0 ], [ 115.954529182000101, -8.851287350999939, 0.0 ], [ 115.95534279900005, -8.852272254999946, 0.0 ], [ 115.955990479000093, -8.853091222999979, 0.0 ], [ 115.956879033000064, -8.854065420999973, 0.0 ], [ 115.95827074500005, -8.854472228999953, 0.0 ], [ 115.959710631, -8.854498991999947, 0.0 ], [ 115.960609890000114, -8.855590950999954, 0.0 ], [ 115.960920348000059, -8.855954936999979, 0.0 ], [ 115.961444917000108, -8.857132538999963, 0.0 ], [ 115.962370939000039, -8.858047855999928, 0.0 ], [ 115.96313102900001, -8.858443958999942, 0.0 ], [ 115.963762650000035, -8.859321806999958, 0.0 ], [ 115.964495975000091, -8.860258535999947, 0.0 ], [ 115.964474564000056, -8.861211322999964, 0.0 ], [ 115.964206927000077, -8.862206930999946, 0.0 ], [ 115.96396156000003, -8.86298997199998, 0.0 ], [ 115.963959430000045, -8.86299676799996, 0.0 ], [ 115.963956850000045, -8.862934515999939, 0.0 ], [ 115.963951806000068, -8.862840763999941, 0.0 ], [ 115.963931719000016, -8.862617064999938, 0.0 ], [ 115.963928891000023, -8.862591796999936, 0.0 ], [ 115.963925594000102, -8.862562340999943, 0.0 ], [ 115.963911468000106, -8.862475183999948, 0.0 ], [ 115.96384996200004, -8.862189143999956, 0.0 ], [ 115.963766167000017, -8.862073697999961, 0.0 ], [ 115.96376272100008, -8.862070063999965, 0.0 ], [ 115.963623481000013, -8.861923236999928, 0.0 ], [ 115.963366549000057, -8.861730537999961, 0.0 ], [ 115.9631096170001, -8.861559249999971, 0.0 ], [ 115.962724219000052, -8.861302318999947, 0.0 ], [ 115.962435738000067, -8.861107199999935, 0.0 ], [ 115.962338564000106, -8.861083705999931, 0.0 ], [ 115.962324070000022, -8.861081766999973, 0.0 ], [ 115.962275327000043, -8.861075248999953, 0.0 ], [ 115.962221540000087, -8.861067550999962, 0.0 ], [ 115.962186228000064, -8.861068868999951, 0.0 ], [ 115.962160768000103, -8.861065890999953, 0.0 ], [ 115.962158274000103, -8.861065598999971, 0.0 ], [ 115.962157574000116, -8.861064280999926, 0.0 ], [ 115.962133647000087, -8.861019240999951, 0.0 ], [ 115.962129011000115, -8.861001822999981, 0.0 ], [ 115.962120600000048, -8.86097022499996, 0.0 ], [ 115.962122127000043, -8.86093193399995, 0.0 ], [ 115.962122713000099, -8.86091724299996, 0.0 ], [ 115.9621302810001, -8.860873671999968, 0.0 ], [ 115.962108418000071, -8.860853824999936, 0.0 ], [ 115.962092039000026, -8.860830330999931, 0.0 ], [ 115.96207904500011, -8.860811693999949, 0.0 ], [ 115.962033876000078, -8.860756549999962, 0.0 ], [ 115.961998325000081, -8.860722653999971, 0.0 ], [ 115.961960580000095, -8.86068341999993, 0.0 ], [ 115.961925352000094, -8.860643692999929, 0.0 ], [ 115.961862529000086, -8.860572474999969, 0.0 ], [ 115.961816042, -8.860522755999966, 0.0 ], [ 115.961797845000092, -8.860502893999978, 0.0 ], [ 115.961764525000035, -8.860469852999927, 0.0 ], [ 115.96170135400007, -8.860416131999955, 0.0 ], [ 115.961658358000022, -8.860373194999966, 0.0 ], [ 115.961613211000099, -8.860309411999935, 0.0 ], [ 115.961575308000079, -8.860263887999963, 0.0 ], [ 115.961564529000043, -8.86019979799994, 0.0 ], [ 115.961550541000065, -8.860162572999968, 0.0 ], [ 115.961542777000091, -8.860140705999981, 0.0 ], [ 115.961520249000046, -8.860110596999959, 0.0 ], [ 115.96147501400003, -8.860089617999961, 0.0 ], [ 115.961437060000094, -8.860084280999956, 0.0 ], [ 115.961386688000061, -8.860085577999939, 0.0 ], [ 115.961317640000061, -8.860094828999934, 0.0 ], [ 115.961258218000012, -8.860113960999968, 0.0 ], [ 115.961196182000094, -8.86013328699994, 0.0 ], [ 115.961113162000061, -8.860139438999965, 0.0 ], [ 115.961024699000063, -8.860142269999926, 0.0 ], [ 115.960963881000112, -8.860142227999972, 0.0 ], [ 115.960890873000039, -8.860139862999972, 0.0 ], [ 115.960836214000096, -8.860134721999941, 0.0 ], [ 115.960813427000062, -8.860128349999968, 0.0 ], [ 115.960748823000017, -8.860110984999949, 0.0 ], [ 115.960696891000111, -8.860095927999964, 0.0 ], [ 115.96067159200004, -8.86008948999995, 0.0 ], [ 115.960633314, -8.860082568999928, 0.0 ], [ 115.960580229000016, -8.860075742999982, 0.0 ], [ 115.960529498000028, -8.860075207999955, 0.0 ], [ 115.960497328000088, -8.860077441999977, 0.0 ], [ 115.960446077000029, -8.86013860199995, 0.0 ], [ 115.960434965000104, -8.860159559999943, 0.0 ], [ 115.960428578, -8.860183416999973, 0.0 ], [ 115.960418915000105, -8.860222095999973, 0.0 ], [ 115.960409685000059, -8.860259305999932, 0.0 ], [ 115.960404027000095, -8.860291917999973, 0.0 ], [ 115.960399507000034, -8.860317860999942, 0.0 ], [ 115.960395246000076, -8.860361309999973, 0.0 ], [ 115.960384620000013, -8.860398216999954, 0.0 ], [ 115.960389998000096, -8.860442027999966, 0.0 ], [ 115.96033500100009, -8.86048251099993, 0.0 ], [ 115.960303440000075, -8.860509801999967, 0.0 ], [ 115.960267901000066, -8.860535424999966, 0.0 ], [ 115.960225722000018, -8.86056066499998, 0.0 ], [ 115.960198158000026, -8.860606463999943, 0.0 ], [ 115.960130340000092, -8.86065223199995, 0.0 ], [ 115.960099982000088, -8.860709990999965, 0.0 ], [ 115.960098403000075, -8.860713010999973, 0.0 ], [ 115.960096479000072, -8.86071147499996, 0.0 ], [ 115.960072016000026, -8.860691945999974, 0.0 ], [ 115.960058731000117, -8.860673006999946, 0.0 ], [ 115.960039122000012, -8.860645053999974, 0.0 ], [ 115.960025447000021, -8.860605360999955, 0.0 ], [ 115.960010167000064, -8.860532537999973, 0.0 ], [ 115.959986200000117, -8.860476077999976, 0.0 ], [ 115.95996887900003, -8.860451114999933, 0.0 ], [ 115.95992796500002, -8.86041724699993, 0.0 ], [ 115.959926365000115, -8.860413996999966, 0.0 ], [ 115.959922032, -8.860405190999927, 0.0 ], [ 115.959895310000093, -8.860350895999943, 0.0 ], [ 115.959887706000018, -8.860314161999952, 0.0 ], [ 115.959886216000086, -8.86030696499995, 0.0 ], [ 115.959885985000028, -8.860300932999962, 0.0 ], [ 115.959882989000107, -8.860222779999958, 0.0 ], [ 115.959902124000109, -8.860169164999945, 0.0 ], [ 115.959910728000068, -8.860143796999978, 0.0 ], [ 115.959925540000086, -8.860117164999963, 0.0 ], [ 115.959946175000027, -8.860097165999946, 0.0 ], [ 115.959972058000062, -8.860058343999981, 0.0 ], [ 115.960040571000036, -8.86000353299994, 0.0 ], [ 115.960095385000045, -8.859962423999946, 0.0 ], [ 115.960153794, -8.85992148899993, 0.0 ], [ 115.96015000500006, -8.859887891999961, 0.0 ], [ 115.960133146000089, -8.859855121999942, 0.0 ], [ 115.96010853100006, -8.859820617999958, 0.0 ], [ 115.960105132000081, -8.859815854999965, 0.0 ], [ 115.960099695000054, -8.859811447999959, 0.0 ], [ 115.960071480000011, -8.85978857799995, 0.0 ], [ 115.960029373000111, -8.859780322999939, 0.0 ], [ 115.959996471000068, -8.859776923999959, 0.0 ], [ 115.959950770000091, -8.859773233999931, 0.0 ], [ 115.959920314000101, -8.859769022999956, 0.0 ], [ 115.959903129000054, -8.859766645999969, 0.0 ], [ 115.959900444000027, -8.85976627499997, 0.0 ], [ 115.959869267000045, -8.859741542999927, 0.0 ], [ 115.959838757000057, -8.859691754999972, 0.0 ], [ 115.959828127000037, -8.85964890799994, 0.0 ], [ 115.959820728000068, -8.859593166999957, 0.0 ], [ 115.95981736400006, -8.85951769899998, 0.0 ], [ 115.95980351500009, -8.859474843999976, 0.0 ], [ 115.959788145000061, -8.859454116999927, 0.0 ], [ 115.959707602000094, -8.859390442999938, 0.0 ], [ 115.959625702000039, -8.85932054999995, 0.0 ], [ 115.959595937000017, -8.859308499999941, 0.0 ], [ 115.959522688000106, -8.859380847999944, 0.0 ], [ 115.959434042000112, -8.859450403999972, 0.0 ], [ 115.959352058000036, -8.859505487999968, 0.0 ], [ 115.959286415000065, -8.85954839599998, 0.0 ], [ 115.959250196000085, -8.859564272999933, 0.0 ], [ 115.959164157000032, -8.859587802999954, 0.0 ], [ 115.959125897000035, -8.859595866999939, 0.0 ], [ 115.959067380000079, -8.859560608999971, 0.0 ], [ 115.959065379000094, -8.859559402999935, 0.0 ], [ 115.959061934000033, -8.859556557999952, 0.0 ], [ 115.959039845, -8.859538314999952, 0.0 ], [ 115.958980594000082, -8.859476213999926, 0.0 ], [ 115.958921477000104, -8.859264863999954, 0.0 ], [ 115.95888947200001, -8.859135244999948, 0.0 ], [ 115.958886094000036, -8.858999787999949, 0.0 ], [ 115.95887954300008, -8.858766058999947, 0.0 ], [ 115.958864058000017, -8.858581327999957, 0.0 ], [ 115.958838134000075, -8.858465370999966, 0.0 ], [ 115.958827164000013, -8.858374596999965, 0.0 ], [ 115.958767390000048, -8.858287038999947, 0.0 ], [ 115.958544260000053, -8.858255342999939, 0.0 ], [ 115.958427948, -8.858288042999959, 0.0 ], [ 115.958374082000091, -8.858443154999975, 0.0 ], [ 115.958346407000022, -8.858643223999934, 0.0 ], [ 115.958336900000063, -8.858756495999955, 0.0 ], [ 115.958229441000071, -8.85897575499996, 0.0 ], [ 115.958197004000112, -8.859013507999975, 0.0 ], [ 115.958168821000072, -8.859045850999962, 0.0 ], [ 115.958126152000091, -8.859086241999933, 0.0 ], [ 115.958077202000027, -8.859111092999967, 0.0 ], [ 115.958048572000052, -8.859125885999958, 0.0 ], [ 115.958015955000064, -8.859150519999957, 0.0 ], [ 115.957939664000037, -8.859132195999962, 0.0 ], [ 115.957899480000037, -8.859129964999966, 0.0 ], [ 115.957889089000105, -8.859096790999956, 0.0 ], [ 115.957876764000048, -8.859074297999939, 0.0 ], [ 115.957862329000022, -8.859047952999958, 0.0 ], [ 115.957846637000102, -8.858964838999952, 0.0 ], [ 115.957846231000076, -8.858960256999978, 0.0 ], [ 115.95783998200011, -8.858889645999966, 0.0 ], [ 115.957856659000072, -8.85881348199996, 0.0 ], [ 115.957860568000115, -8.858787452999934, 0.0 ], [ 115.957862107000096, -8.858743666999942, 0.0 ], [ 115.957860747000041, -8.858674790999942, 0.0 ], [ 115.957858261000069, -8.858622938999929, 0.0 ], [ 115.957857936000096, -8.858616151999968, 0.0 ], [ 115.957857078000075, -8.858612427999958, 0.0 ], [ 115.957848126000044, -8.858573561999947, 0.0 ], [ 115.957820048000031, -8.858519333999936, 0.0 ], [ 115.957782649000023, -8.858459176999929, 0.0 ], [ 115.957750440000041, -8.858409346999963, 0.0 ], [ 115.95773409800006, -8.858381583999972, 0.0 ], [ 115.957721206000087, -8.85835592899997, 0.0 ], [ 115.957681207000064, -8.858302241999979, 0.0 ], [ 115.95764878600005, -8.858277072999954, 0.0 ], [ 115.957579663000047, -8.858257094999942, 0.0 ], [ 115.957552878000115, -8.858250917999953, 0.0 ], [ 115.957516396000074, -8.858242503999975, 0.0 ], [ 115.957494042, -8.858234805999928, 0.0 ], [ 115.95746350200011, -8.858224289999953, 0.0 ], [ 115.957407811000053, -8.858204853999951, 0.0 ], [ 115.957384902000058, -8.858197141999938, 0.0 ], [ 115.957339387000047, -8.858181824999974, 0.0 ], [ 115.957280749, -8.858159331999957, 0.0 ], [ 115.957249718000071, -8.858132246999958, 0.0 ], [ 115.95724434300007, -8.858125403999964, 0.0 ], [ 115.957224214, -8.858099774999971, 0.0 ], [ 115.957186979000085, -8.858063006999942, 0.0 ], [ 115.957084297000051, -8.85804626099997, 0.0 ], [ 115.957070245000068, -8.858043301999942, 0.0 ], [ 115.9570271770001, -8.85803423599998, 0.0 ], [ 115.956994972000075, -8.858017172999951, 0.0 ], [ 115.956987837000042, -8.858013391999975, 0.0 ], [ 115.956984594, -8.858008888999962, 0.0 ], [ 115.956979776000026, -8.858002197999951, 0.0 ], [ 115.956963734000055, -8.85797992199997, 0.0 ], [ 115.956981443000018, -8.857935383999973, 0.0 ], [ 115.957008467000037, -8.857899417999931, 0.0 ], [ 115.957044555000039, -8.857883691999973, 0.0 ], [ 115.957076926000013, -8.857867375999945, 0.0 ], [ 115.95711889800009, -8.857840152999927, 0.0 ], [ 115.957166639000093, -8.857790515999966, 0.0 ], [ 115.957167324000011, -8.857758395999952, 0.0 ], [ 115.957143057000053, -8.857741467999972, 0.0 ], [ 115.957114982, -8.857737750999945, 0.0 ], [ 115.957068591000052, -8.857734433999951, 0.0 ], [ 115.957017430000064, -8.857722508999927, 0.0 ], [ 115.95697825000002, -8.857714269999974, 0.0 ], [ 115.956920810000042, -8.857691313999965, 0.0 ], [ 115.956898963000071, -8.857670334999966, 0.0 ], [ 115.956872009000108, -8.857648154999936, 0.0 ], [ 115.956819684000038, -8.857642750999958, 0.0 ], [ 115.956783563000045, -8.85765023099998, 0.0 ], [ 115.956735574000049, -8.857652345999952, 0.0 ], [ 115.956714169000065, -8.857663744999968, 0.0 ], [ 115.956696046000047, -8.857638251999958, 0.0 ], [ 115.956689622000113, -8.857615751999958, 0.0 ], [ 115.956686252000054, -8.857603947999962, 0.0 ], [ 115.956685549000099, -8.857601487999943, 0.0 ], [ 115.956685726000046, -8.85759888399997, 0.0 ], [ 115.956686604000083, -8.857585958999948, 0.0 ], [ 115.956688151000094, -8.857563185999936, 0.0 ], [ 115.956698420000066, -8.857511785999975, 0.0 ], [ 115.956695724000042, -8.857483762999948, 0.0 ], [ 115.956658870000069, -8.857436307999933, 0.0 ], [ 115.956590538000114, -8.857353408999927, 0.0 ], [ 115.956544616000087, -8.857302467999943, 0.0 ], [ 115.956426978000081, -8.857155503999934, 0.0 ], [ 115.956397977000051, -8.857132285999967, 0.0 ], [ 115.956319494000013, -8.857079309999961, 0.0 ], [ 115.956234139000117, -8.857024664999926, 0.0 ], [ 115.956176327000094, -8.856995722999955, 0.0 ], [ 115.956149512000025, -8.85695592899998, 0.0 ], [ 115.956096572000092, -8.856883413999981, 0.0 ], [ 115.956059850000088, -8.856844989999956, 0.0 ], [ 115.955987303000029, -8.856644152999934, 0.0 ], [ 115.955946445000109, -8.856526926999948, 0.0 ], [ 115.95592530600004, -8.856460278999975, 0.0 ], [ 115.955874859, -8.856385938999949, 0.0 ], [ 115.955826899000044, -8.85630372199995, 0.0 ], [ 115.955774206000115, -8.856232644999977, 0.0 ], [ 115.955687450000028, -8.856184066999958, 0.0 ], [ 115.95562054200002, -8.856159290999926, 0.0 ], [ 115.955567666000093, -8.856136573999947, 0.0 ], [ 115.955531692000022, -8.856122484999958, 0.0 ], [ 115.955438458000117, -8.856086327999947, 0.0 ], [ 115.955417158000046, -8.856074457999966, 0.0 ], [ 115.955388197000048, -8.856059430999949, 0.0 ], [ 115.955294409000089, -8.856011090999971, 0.0 ], [ 115.955266517000041, -8.855998530999955, 0.0 ], [ 115.955143513000053, -8.855952058999947, 0.0 ], [ 115.955046852, -8.855917131999945, 0.0 ], [ 115.955015052000022, -8.855905495999934, 0.0 ], [ 115.954905644000064, -8.855862674999969, 0.0 ], [ 115.954847590000099, -8.85584313399994, 0.0 ], [ 115.954774139000051, -8.855823958999963, 0.0 ], [ 115.954690515000038, -8.855805344999965, 0.0 ], [ 115.954592575000106, -8.855796472999941, 0.0 ], [ 115.954563535000034, -8.855797293999956, 0.0 ], [ 115.954490858000099, -8.855837819999977, 0.0 ], [ 115.954415146000088, -8.855885630999978, 0.0 ], [ 115.954411493000066, -8.855893209999977, 0.0 ], [ 115.95439229100009, -8.855933045999961, 0.0 ], [ 115.954385444000081, -8.855941918999974, 0.0 ], [ 115.954363446000116, -8.855970424999953, 0.0 ], [ 115.954332861000012, -8.855998302999978, 0.0 ], [ 115.954299013000082, -8.856036512999935, 0.0 ], [ 115.954208391000066, -8.856075246999978, 0.0 ], [ 115.954173405, -8.856101119999948, 0.0 ], [ 115.954125336000061, -8.856152016999943, 0.0 ], [ 115.954118132000076, -8.856174677999945, 0.0 ], [ 115.954112965000036, -8.856216289999963, 0.0 ], [ 115.954134580000073, -8.856296869999937, 0.0 ], [ 115.954149759000074, -8.856417232999945, 0.0 ], [ 115.954157496000107, -8.856457171999978, 0.0 ], [ 115.954138702000023, -8.856497131999959, 0.0 ], [ 115.954099309000071, -8.856494120999969, 0.0 ], [ 115.954064109000115, -8.856488422999973, 0.0 ], [ 115.954030113000044, -8.856451245999949, 0.0 ], [ 115.95400058700011, -8.856410728999947, 0.0 ], [ 115.953999860000067, -8.856409731999975, 0.0 ], [ 115.953998786000056, -8.856408257999931, 0.0 ], [ 115.953975005000075, -8.856367621999937, 0.0 ], [ 115.953950402000032, -8.856321271999946, 0.0 ], [ 115.953935612, -8.856291950999946, 0.0 ], [ 115.953909742000064, -8.856256363999933, 0.0 ], [ 115.95384427800002, -8.856255888999954, 0.0 ], [ 115.95383051500005, -8.856287049999935, 0.0 ], [ 115.953813156000024, -8.856331616999967, 0.0 ], [ 115.953788520000103, -8.856395308999936, 0.0 ], [ 115.953772112000024, -8.856441728999926, 0.0 ], [ 115.953799427000035, -8.85650179199996, 0.0 ], [ 115.953833964000069, -8.856516087999978, 0.0 ], [ 115.953866493000078, -8.856535236999946, 0.0 ], [ 115.953901626000061, -8.856550374999927, 0.0 ], [ 115.953901392000034, -8.856585988999939, 0.0 ], [ 115.953906439000093, -8.856629486999964, 0.0 ], [ 115.953909861000056, -8.856671865999942, 0.0 ], [ 115.953894775000094, -8.856755920999944, 0.0 ], [ 115.953865237000059, -8.856795965999936, 0.0 ], [ 115.953823607000118, -8.856863594999936, 0.0 ], [ 115.95380086900002, -8.856908773999976, 0.0 ], [ 115.953779846000089, -8.856928464999953, 0.0 ], [ 115.953726986000106, -8.856954257999973, 0.0 ], [ 115.95369950700001, -8.856971742999974, 0.0 ], [ 115.953655441000024, -8.856950251999933, 0.0 ], [ 115.95358305100001, -8.85691619499994, 0.0 ], [ 115.953553150000062, -8.856897772999957, 0.0 ], [ 115.953467784000054, -8.856851130999928, 0.0 ], [ 115.953430994000087, -8.856838539999956, 0.0 ], [ 115.953394266000032, -8.856827153999973, 0.0 ], [ 115.953381364000052, -8.856823154999972, 0.0 ], [ 115.95335534600008, -8.856811432999962, 0.0 ], [ 115.953352345000098, -8.856810080999935, 0.0 ], [ 115.953300314000103, -8.85677230899995, 0.0 ], [ 115.953266306000046, -8.856739325999968, 0.0 ], [ 115.953245245000062, -8.856724955999937, 0.0 ], [ 115.953229274000023, -8.856672690999972, 0.0 ], [ 115.953220090000059, -8.856640716999948, 0.0 ], [ 115.953216054000109, -8.856612136999956, 0.0 ], [ 115.95320856100011, -8.856569149999928, 0.0 ], [ 115.953194355000051, -8.856512886999951, 0.0 ], [ 115.953174891000117, -8.85645954499995, 0.0 ], [ 115.953146844000116, -8.856399091999947, 0.0 ], [ 115.95311592500002, -8.85634364699996, 0.0 ], [ 115.95310169600009, -8.856317917999945, 0.0 ], [ 115.953080016000058, -8.85629609199998, 0.0 ], [ 115.953057673000103, -8.856277500999965, 0.0 ], [ 115.953036195000095, -8.85626128499996, 0.0 ], [ 115.953000898000028, -8.85624076199997, 0.0 ], [ 115.952958368000054, -8.856216153999981, 0.0 ], [ 115.952914861000068, -8.856197730999952, 0.0 ], [ 115.952864723000062, -8.856178068999952, 0.0 ], [ 115.952825679000057, -8.856165984999961, 0.0 ], [ 115.952778531000035, -8.856153587999927, 0.0 ], [ 115.952740760000097, -8.856149179999932, 0.0 ], [ 115.95271058700007, -8.856168106999974, 0.0 ], [ 115.952669945000025, -8.856202534999966, 0.0 ], [ 115.95262905300001, -8.856238121999979, 0.0 ], [ 115.952577367000117, -8.856258102999959, 0.0 ], [ 115.952521063000063, -8.856254845999956, 0.0 ], [ 115.952482617000101, -8.856229654999936, 0.0 ], [ 115.952435646000026, -8.856186972999978, 0.0 ], [ 115.952379509000025, -8.856134745999952, 0.0 ], [ 115.952338047000012, -8.85609977799993, 0.0 ], [ 115.952294961, -8.856058205999943, 0.0 ], [ 115.952253635000034, -8.856041033999929, 0.0 ], [ 115.95220254000003, -8.856023468999979, 0.0 ], [ 115.952145005000034, -8.855995872999927, 0.0 ], [ 115.952122348000103, -8.855946035999978, 0.0 ], [ 115.952119479000089, -8.855939724999928, 0.0 ], [ 115.952114752000057, -8.85592227799998, 0.0 ], [ 115.952103532000024, -8.855880869999964, 0.0 ], [ 115.952091734000078, -8.85583954599997, 0.0 ], [ 115.952090705000046, -8.85579039199996, 0.0 ], [ 115.952092873000083, -8.855786977999969, 0.0 ], [ 115.952093820000073, -8.855785484999956, 0.0 ], [ 115.952123665000045, -8.855738472999974, 0.0 ], [ 115.952263283000093, -8.855732399999965, 0.0 ], [ 115.952297046000012, -8.855731740999943, 0.0 ], [ 115.952329807000069, -8.855713452999964, 0.0 ], [ 115.952336671000012, -8.855650744999934, 0.0 ], [ 115.952340119000041, -8.85559703399997, 0.0 ], [ 115.95234300900006, -8.855542260999925, 0.0 ], [ 115.952344279000044, -8.855518149999966, 0.0 ], [ 115.952347892000034, -8.855472074999966, 0.0 ], [ 115.952371662000019, -8.85544152999995, 0.0 ], [ 115.952372144000037, -8.85544090999997, 0.0 ], [ 115.952377169000101, -8.855416451999929, 0.0 ], [ 115.952454369000066, -8.855436321999946, 0.0 ], [ 115.952535377000117, -8.85539277099997, 0.0 ], [ 115.952575862000117, -8.855306828999971, 0.0 ], [ 115.952582715000062, -8.855231461999949, 0.0 ], [ 115.952637759000027, -8.855168962999926, 0.0 ], [ 115.95267345600007, -8.855122361999975, 0.0 ], [ 115.952697231000116, -8.855097831999956, 0.0 ], [ 115.952726372000029, -8.855059173999962, 0.0 ], [ 115.952777982000043, -8.854960826999957, 0.0 ], [ 115.952823197000043, -8.85484976999993, 0.0 ], [ 115.952833867000095, -8.85478240499998, 0.0 ], [ 115.952834978000055, -8.854729421999934, 0.0 ], [ 115.952835360000108, -8.854703040999937, 0.0 ], [ 115.952824555, -8.854650658999958, 0.0 ], [ 115.952811090000068, -8.854613717999939, 0.0 ], [ 115.952793388000032, -8.854577071999927, 0.0 ], [ 115.952754804000051, -8.854499442999952, 0.0 ], [ 115.952724552000063, -8.854443799999956, 0.0 ], [ 115.952714891000028, -8.854418368999973, 0.0 ], [ 115.952688911000109, -8.854371596999954, 0.0 ], [ 115.952633139000113, -8.854310381999937, 0.0 ], [ 115.952584183000113, -8.854290274999926, 0.0 ], [ 115.952531542000088, -8.854275647999941, 0.0 ], [ 115.952497425000047, -8.854269559999977, 0.0 ], [ 115.952476605000015, -8.85426967099994, 0.0 ], [ 115.952420212000106, -8.854271593999954, 0.0 ], [ 115.952353189000064, -8.854344191999928, 0.0 ], [ 115.952325783000106, -8.854412706999938, 0.0 ], [ 115.952280695000013, -8.854421574999947, 0.0 ], [ 115.952236712000058, -8.854474369999934, 0.0 ], [ 115.952188753000087, -8.854515478999929, 0.0 ], [ 115.952117136000084, -8.854544888999953, 0.0 ], [ 115.952106535000098, -8.854597696999974, 0.0 ], [ 115.952133940000067, -8.854775835999931, 0.0 ], [ 115.952097854000044, -8.854836015999979, 0.0 ], [ 115.952080425000077, -8.85487780099993, 0.0 ], [ 115.952028500000097, -8.85492349499998, 0.0 ], [ 115.951983207000012, -8.854974529999936, 0.0 ], [ 115.951966503000108, -8.854955813999936, 0.0 ], [ 115.95196532600005, -8.854954494999959, 0.0 ], [ 115.951949144000082, -8.854965077999964, 0.0 ], [ 115.951910600000019, -8.854990285999975, 0.0 ], [ 115.951854448000063, -8.855033594999952, 0.0 ], [ 115.95180102900008, -8.855086516999961, 0.0 ], [ 115.951767781000058, -8.855091540999979, 0.0 ], [ 115.951744977000089, -8.855094986999973, 0.0 ], [ 115.951700642000105, -8.855090169999926, 0.0 ], [ 115.951654442000063, -8.855066096999963, 0.0 ], [ 115.951645226000096, -8.855061294999928, 0.0 ], [ 115.951590922000037, -8.855011204999926, 0.0 ], [ 115.951563189000012, -8.854984076999926, 0.0 ], [ 115.951528084000074, -8.854951487999926, 0.0 ], [ 115.951507169000024, -8.854909445999965, 0.0 ], [ 115.951504198000066, -8.854903470999943, 0.0 ], [ 115.951500939000084, -8.854896920999977, 0.0 ], [ 115.951488765000022, -8.854845261999969, 0.0 ], [ 115.951488511000093, -8.854797685999927, 0.0 ], [ 115.951480920000108, -8.854754241999956, 0.0 ], [ 115.951470155000038, -8.854721939999934, 0.0 ], [ 115.9514548840001, -8.854706410999938, 0.0 ], [ 115.951435979000053, -8.854741148999949, 0.0 ], [ 115.95143353900005, -8.854793213999926, 0.0 ], [ 115.951427249000062, -8.854834393999965, 0.0 ], [ 115.951428235000094, -8.85489916299997, 0.0 ], [ 115.951389969000047, -8.854896576999977, 0.0 ], [ 115.95138780800005, -8.854895703999944, 0.0 ], [ 115.951363181000033, -8.854885760999935, 0.0 ], [ 115.951360992000104, -8.854884876999961, 0.0 ], [ 115.951357293000115, -8.854876911999952, 0.0 ], [ 115.951354215000038, -8.854870282999968, 0.0 ], [ 115.951346892000061, -8.854854511999974, 0.0 ], [ 115.951330109000082, -8.854816851999942, 0.0 ], [ 115.95131389900007, -8.854779328999939, 0.0 ], [ 115.951296870000078, -8.854745124999965, 0.0 ], [ 115.951269364000041, -8.854705180999929, 0.0 ], [ 115.951243711000075, -8.854664367999931, 0.0 ], [ 115.951233530000081, -8.854626628999938, 0.0 ], [ 115.95121976900009, -8.854578794999952, 0.0 ], [ 115.951201684000011, -8.854533542999945, 0.0 ], [ 115.951182359000086, -8.854488529999969, 0.0 ], [ 115.951180909000072, -8.85444602299998, 0.0 ], [ 115.951184174000105, -8.854409054999962, 0.0 ], [ 115.951219951000098, -8.854388818999951, 0.0 ], [ 115.951262801000098, -8.854391187999965, 0.0 ], [ 115.951296514000092, -8.854398084999957, 0.0 ], [ 115.951384647000054, -8.854441148999967, 0.0 ], [ 115.951437479000106, -8.854429420999963, 0.0 ], [ 115.951461327000061, -8.85438131199993, 0.0 ], [ 115.95147248, -8.854341680999937, 0.0 ], [ 115.951479686000084, -8.854287701999965, 0.0 ], [ 115.951503892, -8.854217597999934, 0.0 ], [ 115.951510454000072, -8.854152349999936, 0.0 ], [ 115.95153008300008, -8.854120733999935, 0.0 ], [ 115.951533434000112, -8.854053841999928, 0.0 ], [ 115.951533074000054, -8.853987545999928, 0.0 ], [ 115.951549838, -8.853937756999926, 0.0 ], [ 115.95156423100002, -8.853893679999942, 0.0 ], [ 115.951573273, -8.853852847999974, 0.0 ], [ 115.951466602000096, -8.85380265799995, 0.0 ], [ 115.951428522000015, -8.853790361999927, 0.0 ], [ 115.951372248000098, -8.85377393899995, 0.0 ], [ 115.951325639000061, -8.853775448999954, 0.0 ], [ 115.951266025000109, -8.853811654999959, 0.0 ], [ 115.951236701000084, -8.853826667999954, 0.0 ], [ 115.951197584000056, -8.85384523099998, 0.0 ], [ 115.951152163000074, -8.853838520999943, 0.0 ], [ 115.951071464000051, -8.853819653999949, 0.0 ], [ 115.951041215000032, -8.853802912999981, 0.0 ], [ 115.951005594000094, -8.853786571999933, 0.0 ], [ 115.950928076000082, -8.853761813999938, 0.0 ], [ 115.950804750000088, -8.853679595999949, 0.0 ], [ 115.950766878000081, -8.853599190999944, 0.0 ], [ 115.950770273000103, -8.853549870999927, 0.0 ], [ 115.950772136000069, -8.85352077899995, 0.0 ], [ 115.950774664000051, -8.853377645999956, 0.0 ], [ 115.950769602000037, -8.853339927999968, 0.0 ], [ 115.950741311000115, -8.85329334599993, 0.0 ], [ 115.950715914000057, -8.853256835999957, 0.0 ], [ 115.950717354000062, -8.853207647999966, 0.0 ], [ 115.950723604000018, -8.853168396999934, 0.0 ], [ 115.950727791000077, -8.853130972999963, 0.0 ], [ 115.950727518, -8.853074239999955, 0.0 ], [ 115.950676438000073, -8.852977968999937, 0.0 ], [ 115.950655371000039, -8.852954628999953, 0.0 ], [ 115.950622150000072, -8.852913954999963, 0.0 ], [ 115.950600622000024, -8.852878045999944, 0.0 ], [ 115.950596892000021, -8.852828960999943, 0.0 ], [ 115.950599631000046, -8.852788511999961, 0.0 ], [ 115.950595778000093, -8.852758068999947, 0.0 ], [ 115.950650592000102, -8.852662147999979, 0.0 ], [ 115.950708269000074, -8.852589805999969, 0.0 ], [ 115.950727654000048, -8.852546543999949, 0.0 ], [ 115.950738087000104, -8.852514257999928, 0.0 ], [ 115.950740395000025, -8.852479590999963, 0.0 ], [ 115.950731583000106, -8.852443740999945, 0.0 ], [ 115.950698283000065, -8.852416156999936, 0.0 ], [ 115.950665013000048, -8.852416576999929, 0.0 ], [ 115.950625524000088, -8.852420107999933, 0.0 ], [ 115.950581962000115, -8.852440735999949, 0.0 ], [ 115.950555612000016, -8.852465964999965, 0.0 ], [ 115.950539923000065, -8.852487434999944, 0.0 ], [ 115.950500941000087, -8.852520072999937, 0.0 ], [ 115.950436645000082, -8.85255953099994, 0.0 ], [ 115.950408387000039, -8.852568556999927, 0.0 ], [ 115.95034986600001, -8.85257981999996, 0.0 ], [ 115.950317106000057, -8.85257663799996, 0.0 ], [ 115.950289824000038, -8.852567679999936, 0.0 ], [ 115.950257832000034, -8.852537130999963, 0.0 ], [ 115.950241351000045, -8.852515050999955, 0.0 ], [ 115.950206624000089, -8.852511093999965, 0.0 ], [ 115.950175327000011, -8.852511431999972, 0.0 ], [ 115.950133742000048, -8.852543277999928, 0.0 ], [ 115.95010460200001, -8.852564105999932, 0.0 ], [ 115.950056165000092, -8.852598162999925, 0.0 ], [ 115.9499928460001, -8.852655296999956, 0.0 ], [ 115.949937523000017, -8.852706542999954, 0.0 ], [ 115.949919385000044, -8.852728231999947, 0.0 ], [ 115.949873183000022, -8.852775227999928, 0.0 ], [ 115.949844823000035, -8.852786478999974, 0.0 ], [ 115.949814843000013, -8.85279208399993, 0.0 ], [ 115.949759941000025, -8.852801535999959, 0.0 ], [ 115.949708232000035, -8.852802947999976, 0.0 ], [ 115.949646291000022, -8.852805081999975, 0.0 ], [ 115.949609062000036, -8.85280746199993, 0.0 ], [ 115.949578512000016, -8.852812408999966, 0.0 ], [ 115.949549944000069, -8.852821357999971, 0.0 ], [ 115.949513241000091, -8.852860842999974, 0.0 ], [ 115.949482001000092, -8.852865787999974, 0.0 ], [ 115.94945403700001, -8.85286827699997, 0.0 ], [ 115.949419101000103, -8.852871280999977, 0.0 ], [ 115.949366525000073, -8.852852697999936, 0.0 ], [ 115.949342493000017, -8.85283457099996, 0.0 ], [ 115.94929805400011, -8.852782217999959, 0.0 ], [ 115.949272942000107, -8.852745084999981, 0.0 ], [ 115.949236677000044, -8.852713900999959, 0.0 ], [ 115.949138295000012, -8.85267043999994, 0.0 ], [ 115.949067893, -8.85264159299993, 0.0 ], [ 115.949001760000101, -8.852513705999968, 0.0 ], [ 115.948988590000113, -8.85248603399998, 0.0 ], [ 115.948981003000085, -8.852447456999926, 0.0 ], [ 115.948991444000058, -8.852425113999971, 0.0 ], [ 115.949000705000117, -8.852396517999978, 0.0 ], [ 115.949008201000083, -8.852367324999932, 0.0 ], [ 115.949023631000045, -8.852348688999939, 0.0 ], [ 115.949032697, -8.852344011999946, 0.0 ], [ 115.949045983000019, -8.852337158999944, 0.0 ], [ 115.949050880000073, -8.852334632999941, 0.0 ], [ 115.949081928000055, -8.852328175999958, 0.0 ], [ 115.949090167, -8.852297585999963, 0.0 ], [ 115.949073947000102, -8.852266047999933, 0.0 ], [ 115.949055726000097, -8.852256961999956, 0.0 ], [ 115.949026816000014, -8.85225326099993, 0.0 ], [ 115.949004193000064, -8.852238196999963, 0.0 ], [ 115.948982423000075, -8.852220107999926, 0.0 ], [ 115.948961065000049, -8.85220524999994, 0.0 ], [ 115.948924014000113, -8.852209948999928, 0.0 ], [ 115.948866588000101, -8.852245624999966, 0.0 ], [ 115.948853745000065, -8.852274447999946, 0.0 ], [ 115.948827315000017, -8.852314931999956, 0.0 ], [ 115.948809989000097, -8.852343938999979, 0.0 ], [ 115.948794715000076, -8.85236211299997, 0.0 ], [ 115.94876664800006, -8.852400799999941, 0.0 ], [ 115.948740661000102, -8.852432699999952, 0.0 ], [ 115.948717051000017, -8.852461705999929, 0.0 ], [ 115.948697913000046, -8.852504563999958, 0.0 ], [ 115.948622545000035, -8.85252511799996, 0.0 ], [ 115.948526626000103, -8.85252511799996, 0.0 ], [ 115.948478664000049, -8.852504563999958, 0.0 ], [ 115.948444408000114, -8.852477157999942, 0.0 ], [ 115.948425510000106, -8.852419173999976, 0.0 ], [ 115.94841924900004, -8.852377955999941, 0.0 ], [ 115.948411085000089, -8.85234763099993, 0.0 ], [ 115.948405326000056, -8.852317422999931, 0.0 ], [ 115.948395555000047, -8.852284762999943, 0.0 ], [ 115.9483484860001, -8.852237354999943, 0.0 ], [ 115.948314229000061, -8.852189394999925, 0.0 ], [ 115.948259416000042, -8.852127730999939, 0.0 ], [ 115.948225159000117, -8.852086621999945, 0.0 ], [ 115.948178116, -8.852019484999971, 0.0 ], [ 115.948127576000047, -8.851978208999981, 0.0 ], [ 115.94805387100007, -8.851942741999949, 0.0 ], [ 115.947930544000087, -8.851908482999931, 0.0 ], [ 115.947896286000059, -8.851894779999952, 0.0 ], [ 115.94786203000001, -8.851839967999979, 0.0 ], [ 115.94786203000001, -8.851771452999969, 0.0 ], [ 115.94786900400004, -8.851729103999958, 0.0 ], [ 115.947811399000102, -8.851705304999939, 0.0 ], [ 115.947784345000059, -8.851704782999946, 0.0 ], [ 115.947741778000022, -8.851728514999934, 0.0 ], [ 115.947697759000107, -8.851761818999933, 0.0 ], [ 115.947670282000104, -8.851791277999951, 0.0 ], [ 115.9476515, -8.851810695999973, 0.0 ], [ 115.947651158000099, -8.851811060999978, 0.0 ], [ 115.947625323000011, -8.85183778499993, 0.0 ], [ 115.947610339000107, -8.851848914999948, 0.0 ], [ 115.947588799000073, -8.851864914999965, 0.0 ], [ 115.947550210000031, -8.851891888999944, 0.0 ], [ 115.947513498000035, -8.851918326999964, 0.0 ], [ 115.947478797000031, -8.851943512999981, 0.0 ], [ 115.947436553000102, -8.851980297999944, 0.0 ], [ 115.947406124000054, -8.852011248999929, 0.0 ], [ 115.947310483000024, -8.852055790999941, 0.0 ], [ 115.947156159000087, -8.852013485999976, 0.0 ], [ 115.947112958000048, -8.852007341999979, 0.0 ], [ 115.947090816000014, -8.851994168999965, 0.0 ], [ 115.947071843000117, -8.851977198999975, 0.0 ], [ 115.947061643000097, -8.851958884999931, 0.0 ], [ 115.947063241000023, -8.851954457999966, 0.0 ], [ 115.947063989000071, -8.851952384999947, 0.0 ], [ 115.947069604000035, -8.851936830999932, 0.0 ], [ 115.947091767000074, -8.85191537399993, 0.0 ], [ 115.947130112000082, -8.851889833999962, 0.0 ], [ 115.947154683, -8.851862019999942, 0.0 ], [ 115.947152899000116, -8.851802285999952, 0.0 ], [ 115.94708662000005, -8.851831424999943, 0.0 ], [ 115.947019349000016, -8.851885175999939, 0.0 ], [ 115.946991079000099, -8.851897383999926, 0.0 ], [ 115.946954945000016, -8.851909898999963, 0.0 ], [ 115.946933649000016, -8.851925611999945, 0.0 ], [ 115.946916964000025, -8.851901434999945, 0.0 ], [ 115.946914987000014, -8.851898294999955, 0.0 ], [ 115.946910820000085, -8.85189167599998, 0.0 ], [ 115.946903783000039, -8.851880498999947, 0.0 ], [ 115.946885690000045, -8.851863948999949, 0.0 ], [ 115.946899392000091, -8.851809136999975, 0.0 ], [ 115.946957872000098, -8.851788493999948, 0.0 ], [ 115.947000808000098, -8.851766423999948, 0.0 ], [ 115.947043559, -8.851745123999933, 0.0 ], [ 115.947060717000113, -8.851731056999938, 0.0 ], [ 115.947080856000071, -8.851686493999978, 0.0 ], [ 115.947063830000047, -8.851651551999964, 0.0 ], [ 115.947017237000068, -8.851640516999964, 0.0 ], [ 115.946936177000111, -8.851708588999941, 0.0 ], [ 115.94688287300005, -8.851736278999965, 0.0 ], [ 115.946842866000111, -8.851758093999933, 0.0 ], [ 115.946831875000044, -8.851759528999935, 0.0 ], [ 115.94681278600001, -8.851762020999956, 0.0 ], [ 115.946783201000017, -8.851758177999955, 0.0 ], [ 115.946780795000109, -8.851757254999939, 0.0 ], [ 115.946755837000069, -8.851747677999981, 0.0 ], [ 115.946747740000092, -8.851706710999963, 0.0 ], [ 115.946746165000036, -8.851672095999959, 0.0 ], [ 115.946744836000107, -8.851634842999943, 0.0 ], [ 115.946759044000032, -8.851604332999955, 0.0 ], [ 115.946782918000054, -8.851548778999927, 0.0 ], [ 115.946873448000019, -8.851515217999975, 0.0 ], [ 115.947017732000063, -8.851449897999942, 0.0 ], [ 115.947041729000034, -8.851433293999946, 0.0 ], [ 115.94704261600009, -8.851432593999959, 0.0 ], [ 115.947033802000078, -8.851384115999963, 0.0 ], [ 115.947011485000075, -8.851388869999937, 0.0 ], [ 115.946906301000013, -8.85141295699998, 0.0 ], [ 115.946875059000035, -8.85141419699994, 0.0 ], [ 115.946864042000016, -8.851395197999977, 0.0 ], [ 115.946859008000047, -8.851386515999934, 0.0 ], [ 115.946854551000115, -8.851378830999977, 0.0 ], [ 115.94684458100005, -8.851350084999979, 0.0 ], [ 115.946873991000075, -8.851344757999925, 0.0 ], [ 115.946938703000114, -8.851305614999944, 0.0 ], [ 115.946941237000033, -8.851273851999963, 0.0 ], [ 115.946870736000051, -8.851217869999971, 0.0 ], [ 115.946828493000112, -8.851235710999958, 0.0 ], [ 115.946794417000092, -8.851249543999927, 0.0 ], [ 115.946750184000052, -8.851266819999978, 0.0 ], [ 115.946719503000054, -8.851273815999946, 0.0 ], [ 115.946681915000113, -8.85128270499996, 0.0 ], [ 115.946681006000063, -8.85128291999996, 0.0 ], [ 115.946642093000037, -8.851282678999951, 0.0 ], [ 115.946631607000086, -8.851282613999956, 0.0 ], [ 115.946584223000059, -8.851267866999933, 0.0 ], [ 115.946606428000109, -8.851249149999944, 0.0 ], [ 115.946654268000088, -8.851146252999968, 0.0 ], [ 115.94661700600011, -8.851159677999931, 0.0 ], [ 115.946583664000059, -8.851182757999936, 0.0 ], [ 115.946558700000082, -8.851201841999966, 0.0 ], [ 115.946532990000037, -8.85122150199993, 0.0 ], [ 115.94650952500001, -8.851232469999957, 0.0 ], [ 115.946455100000094, -8.851259020999976, 0.0 ], [ 115.946418952000045, -8.851276134999978, 0.0 ], [ 115.946368802000052, -8.851300394999953, 0.0 ], [ 115.946321018000049, -8.851319783999941, 0.0 ], [ 115.946267514000056, -8.851310802999933, 0.0 ], [ 115.946248501000014, -8.85131582799994, 0.0 ], [ 115.946133157000077, -8.851234388999956, 0.0 ], [ 115.946095448000051, -8.851214032999962, 0.0 ], [ 115.946047565000072, -8.851209005999976, 0.0 ], [ 115.946039922000068, -8.851247441999931, 0.0 ], [ 115.946022592000077, -8.851277885999934, 0.0 ], [ 115.945974239000066, -8.851275960999942, 0.0 ], [ 115.945933048000029, -8.851272581999979, 0.0 ], [ 115.945897104000096, -8.851236723999932, 0.0 ], [ 115.945906328000092, -8.851202089999958, 0.0 ], [ 115.945910273000095, -8.851187276999951, 0.0 ], [ 115.945911568000042, -8.851182414999926, 0.0 ], [ 115.945951892000039, -8.851153047999958, 0.0 ], [ 115.946001387000024, -8.851127119999944, 0.0 ], [ 115.946038036000118, -8.851109037999947, 0.0 ], [ 115.946086487000116, -8.851080234999927, 0.0 ], [ 115.94612910100011, -8.851059244999931, 0.0 ], [ 115.946186791000059, -8.851057270999945, 0.0 ], [ 115.94624378900005, -8.85105441099995, 0.0 ], [ 115.946309368000016, -8.851049843999931, 0.0 ], [ 115.946408972000086, -8.851046400999962, 0.0 ], [ 115.946473621000109, -8.851064915999928, 0.0 ], [ 115.946548063000023, -8.851093927999955, 0.0 ], [ 115.946594054000116, -8.851099545999944, 0.0 ], [ 115.946633076000012, -8.851079001999949, 0.0 ], [ 115.946634607000078, -8.851078328999961, 0.0 ], [ 115.946656095000094, -8.851068877999978, 0.0 ], [ 115.946693439000114, -8.851052454999945, 0.0 ], [ 115.946738473000096, -8.851031127999931, 0.0 ], [ 115.946782340000027, -8.851028554999971, 0.0 ], [ 115.946810388000017, -8.851023582999971, 0.0 ], [ 115.946844455000019, -8.851010361999954, 0.0 ], [ 115.946861509000087, -8.850998078999964, 0.0 ], [ 115.946892541000011, -8.850952698999947, 0.0 ], [ 115.946915346000083, -8.850928615999976, 0.0 ], [ 115.946924446000025, -8.850927193999951, 0.0 ], [ 115.946936314000027, -8.850925340999936, 0.0 ], [ 115.946950900000047, -8.850923062999925, 0.0 ], [ 115.947002166000061, -8.850884182999948, 0.0 ], [ 115.94705787800001, -8.850874415999954, 0.0 ], [ 115.94706063600006, -8.850873932999946, 0.0 ], [ 115.947113463000051, -8.850875235999979, 0.0 ], [ 115.947141521000049, -8.850829903999966, 0.0 ], [ 115.94716384100002, -8.850783760999946, 0.0 ], [ 115.947174739000047, -8.850748671999952, 0.0 ], [ 115.947207711000033, -8.85066493599993, 0.0 ], [ 115.947389009000062, -8.850568512999928, 0.0 ], [ 115.947404562000088, -8.850532186999942, 0.0 ], [ 115.947409865000054, -8.85050511399993, 0.0 ], [ 115.947376441000074, -8.850449245999926, 0.0 ], [ 115.947358207000093, -8.850427469999943, 0.0 ], [ 115.947328249000066, -8.850376672999971, 0.0 ], [ 115.947303632000057, -8.850342914999942, 0.0 ], [ 115.94728090000001, -8.850254889999974, 0.0 ], [ 115.947264747000077, -8.850214710999978, 0.0 ], [ 115.947207143000014, -8.850149611999939, 0.0 ], [ 115.947183405000033, -8.850120730999947, 0.0 ], [ 115.947181028000045, -8.85011783899995, 0.0 ], [ 115.947164215000043, -8.850073008999971, 0.0 ], [ 115.947157426000103, -8.850054906999958, 0.0 ], [ 115.947129070000074, -8.850038826999935, 0.0 ], [ 115.947121074000052, -8.850034291999975, 0.0 ], [ 115.94709660400008, -8.850011035999955, 0.0 ], [ 115.947050666000109, -8.850009, 0.0 ], [ 115.946965534000014, -8.850024005999956, 0.0 ], [ 115.946834777000049, -8.850026799999966, 0.0 ], [ 115.946788628000036, -8.850051228999973, 0.0 ], [ 115.946751756000026, -8.850064932999942, 0.0 ], [ 115.946686998000018, -8.850089408999963, 0.0 ], [ 115.946644984000045, -8.850011805999941, 0.0 ], [ 115.946630292, -8.849982735999959, 0.0 ], [ 115.946615120000047, -8.849959349999949, 0.0 ], [ 115.946594503000028, -8.849928399999953, 0.0 ], [ 115.9467041260001, -8.849791368999945, 0.0 ], [ 115.946786345000078, -8.849688595999964, 0.0 ], [ 115.94699188900006, -8.849599527999942, 0.0 ], [ 115.947080958000015, -8.849462496999934, 0.0 ], [ 115.947106608000013, -8.849449397999933, 0.0 ], [ 115.947153028000116, -8.849413621999929, 0.0 ], [ 115.947215893000021, -8.84935679299997, 0.0 ], [ 115.94726455600005, -8.849310448999972, 0.0 ], [ 115.947294655000064, -8.849211353999976, 0.0 ], [ 115.947245257000077, -8.849047680999945, 0.0 ], [ 115.947201206000045, -8.84899538999997, 0.0 ], [ 115.947154521000016, -8.848947902999953, 0.0 ], [ 115.947112916000037, -8.848901619999936, 0.0 ], [ 115.947081057000105, -8.848859108999932, 0.0 ], [ 115.947068952000109, -8.848829856999942, 0.0 ], [ 115.947061077000058, -8.848802846999945, 0.0 ], [ 115.947046700000101, -8.848763643999973, 0.0 ], [ 115.947060057000044, -8.84873889499994, 0.0 ], [ 115.947067255000093, -8.848695129999953, 0.0 ], [ 115.947207730000059, -8.848610530999963, 0.0 ], [ 115.947301931000084, -8.848511414999962, 0.0 ], [ 115.947330350000016, -8.848477826999954, 0.0 ], [ 115.947389276000081, -8.848338851999927, 0.0 ], [ 115.947430384000086, -8.848208671999942, 0.0 ], [ 115.947546859000113, -8.848085344999959, 0.0 ], [ 115.947697593000044, -8.847968870999978, 0.0 ], [ 115.947879594000028, -8.847776875999955, 0.0 ], [ 115.947966482000083, -8.847723900999938, 0.0 ], [ 115.947980352000059, -8.847669905999965, 0.0 ], [ 115.947984550000115, -8.847624838999934, 0.0 ], [ 115.947992416000034, -8.847591197999975, 0.0 ], [ 115.947993457000052, -8.847565042999975, 0.0 ], [ 115.948064597000098, -8.847391875999961, 0.0 ], [ 115.948128997000026, -8.847166405999928, 0.0 ], [ 115.948166920000062, -8.846903462999933, 0.0 ], [ 115.948254639000083, -8.846653894999974, 0.0 ], [ 115.948282050000103, -8.846564885999953, 0.0 ], [ 115.948297994000086, -8.846487233999937, 0.0 ], [ 115.9483049480001, -8.846444455999972, 0.0 ], [ 115.948303930000066, -8.84639937999998, 0.0 ], [ 115.948279977000084, -8.846134267999958, 0.0 ], [ 115.948273208000046, -8.846105438999928, 0.0 ], [ 115.948249416000067, -8.845996915999933, 0.0 ], [ 115.948188475000052, -8.845775105999962, 0.0 ], [ 115.948094765000064, -8.845459363999964, 0.0 ], [ 115.948003836000112, -8.845212061999973, 0.0 ], [ 115.94776610800011, -8.844789772999945, 0.0 ], [ 115.947505751000108, -8.844371830999933, 0.0 ], [ 115.947147125000015, -8.843774172999929, 0.0 ], [ 115.947122488000105, -8.843741576999946, 0.0 ], [ 115.946672905000014, -8.843232264999926, 0.0 ], [ 115.946302094000089, -8.842802006999932, 0.0 ], [ 115.946071140000072, -8.842537767999943, 0.0 ], [ 115.945956784000032, -8.842399694999926, 0.0 ], [ 115.945808723000027, -8.842210223999928, 0.0 ], [ 115.945598163000113, -8.841921508999974, 0.0 ], [ 115.945565226000099, -8.841737549999948, 0.0 ], [ 115.945550012000012, -8.841657722999969, 0.0 ], [ 115.945543280000038, -8.841622388999951, 0.0 ], [ 115.945532302000061, -8.841576112999974, 0.0 ], [ 115.94552894800006, -8.84157261799993, 0.0 ], [ 115.945152507000103, -8.841180386999952, 0.0 ], [ 115.944742968000014, -8.841033745999937, 0.0 ], [ 115.944669483000098, -8.841013391999979, 0.0 ], [ 115.944387280000115, -8.840956741999946, 0.0 ], [ 115.944348055000091, -8.840948888999947, 0.0 ], [ 115.944133530000045, -8.840899828999966, 0.0 ], [ 115.944131935000087, -8.840899463999961, 0.0 ], [ 115.944130136000012, -8.84089905299993, 0.0 ], [ 115.943919156000106, -8.840851183999973, 0.0 ], [ 115.943921422000017, -8.840847178999979, 0.0 ], [ 115.944656062000035, -8.839548802999957, 0.0 ], [ 115.945137808000027, -8.838571928999954, 0.0 ], [ 115.945231482000054, -8.837822545999927, 0.0 ], [ 115.945253996000019, -8.836888152999961, 0.0 ], [ 115.945258244000115, -8.83671185299994, 0.0 ], [ 115.944696209000085, -8.836189960999945, 0.0 ], [ 115.943960207000032, -8.836805525999978, 0.0 ], [ 115.943276324000067, -8.836905828999932, 0.0 ], [ 115.942956568000113, -8.836952725999936, 0.0 ], [ 115.942488205000018, -8.836470979999945, 0.0 ], [ 115.942536499000084, -8.836334144999967, 0.0 ], [ 115.94272907800007, -8.835788505999972, 0.0 ], [ 115.942896351000059, -8.834871849999956, 0.0 ], [ 115.943043551000073, -8.834189376999973, 0.0 ], [ 115.943632351000019, -8.833399848999932, 0.0 ], [ 115.943257661000075, -8.83244973799998, 0.0 ], [ 115.943046373000016, -8.832134964999966, 0.0 ], [ 115.942601950000039, -8.831472863999977, 0.0 ], [ 115.942956569000103, -8.830690025999957, 0.0 ], [ 115.942851356, -8.830634944999929, 0.0 ], [ 115.942043544000057, -8.830212031999963, 0.0 ], [ 115.941315451000037, -8.829830853999965, 0.0 ], [ 115.940681656000038, -8.829499041999952, 0.0 ], [ 115.940775328000086, -8.830301952999946, 0.0 ], [ 115.940574602000083, -8.83109148099993, 0.0 ], [ 115.939771692000022, -8.831492935999961, 0.0 ], [ 115.939758310000116, -8.832670537999945, 0.0 ], [ 115.939008926000042, -8.833165665999957, 0.0 ], [ 115.937657361000106, -8.832857883999964, 0.0 ], [ 115.937281815, -8.832439417999979, 0.0 ], [ 115.937188996000032, -8.832335991999969, 0.0 ], [ 115.937309433000109, -8.831439408999927, 0.0 ], [ 115.936981577000097, -8.830884062999928, 0.0 ], [ 115.936694959000079, -8.830714034999971, 0.0 ], [ 115.936192049000056, -8.830415697999968, 0.0 ], [ 115.935683539000024, -8.830616425999949, 0.0 ], [ 115.935094738000089, -8.83062980699998, 0.0 ], [ 115.934907393000117, -8.830228351999949, 0.0 ], [ 115.933863610000117, -8.829773369999941, 0.0 ], [ 115.933234663, -8.829090895999968, 0.0 ], [ 115.933341719000055, -8.828569004999963, 0.0 ], [ 115.933495900000025, -8.828259562999961, 0.0 ], [ 115.933560746000012, -8.828129420999971, 0.0 ], [ 115.933650082000099, -8.827950121999947, 0.0 ], [ 115.934298519000095, -8.826648710999962, 0.0 ], [ 115.934766883000066, -8.82682267499996, 0.0 ], [ 115.935195103000069, -8.827036783999972, 0.0 ], [ 115.935703612000111, -8.827250893999974, 0.0 ], [ 115.936130862000027, -8.827459550999947, 0.0 ], [ 115.936279031000026, -8.827531911999927, 0.0 ], [ 115.936841069000025, -8.827759402999959, 0.0 ], [ 115.937389724000013, -8.82786645799996, 0.0 ], [ 115.93775103400003, -8.828361585999971, 0.0 ] ] ] ] } },
{ "type": "Feature","id":10, "properties": { "OBJECTID_1": 179, "OBJECTID": 179, "NAMA_KWS": "TWA Semongkat", "NOREGKK": "100253063", "NUPT": "Balai KSDA Nusa Tenggara Barat", "NPULAU": "Bali Nusra", "NPROV": "Nusa Tenggara Barat", "FGSKWS": "TWA", "LUAS_HA": 100.0, "SUMBERDATA": "Peta Penetapan Kawasan Hutan periode Juli 2024", "KETERANGAN": "SK Kawasan", "PROYEKSI": "World Cylindrical Equal Area", "Area": 95.126106096100003, "Perimeter": 6.7078575587399998, "UGrid": 4 }, "geometry": { "type": "MultiPolygon", "coordinates": [ [ [ [ 117.324773005000111, -8.563946845999965, 0.0 ], [ 117.323955924000074, -8.564861091999944, 0.0 ], [ 117.323175465000077, -8.566100932999973, 0.0 ], [ 117.322449226000117, -8.566987964999953, 0.0 ], [ 117.321732049000047, -8.567847852999932, 0.0 ], [ 117.321196253000039, -8.568273420999958, 0.0 ], [ 117.320723876000102, -8.568472806999978, 0.0 ], [ 117.320379374000026, -8.569449970999926, 0.0 ], [ 117.31995246300005, -8.569685498999945, 0.0 ], [ 117.319470877000072, -8.569740167999953, 0.0 ], [ 117.318734978000066, -8.569957859999931, 0.0 ], [ 117.317698864000022, -8.569777809999948, 0.0 ], [ 117.316507995000052, -8.569272258999945, 0.0 ], [ 117.31593564700006, -8.569462675999944, 0.0 ], [ 117.315027421000082, -8.570087533999981, 0.0 ], [ 117.31496418100005, -8.570539842999949, 0.0 ], [ 117.315255463000085, -8.571127540999953, 0.0 ], [ 117.315083204000075, -8.571616120999977, 0.0 ], [ 117.31426508200002, -8.571309251999935, 0.0 ], [ 117.314111026000091, -8.571833996999942, 0.0 ], [ 117.315456349000101, -8.572294203999945, 0.0 ], [ 117.315020471000025, -8.572683500999972, 0.0 ], [ 117.314403251000044, -8.573570429999961, 0.0 ], [ 117.313612951000096, -8.573950969999942, 0.0 ], [ 117.312895667000021, -8.574720390999971, 0.0 ], [ 117.312323729000013, -8.575426376999928, 0.0 ], [ 117.311605578000012, -8.575137511999969, 0.0 ], [ 117.310877987000026, -8.574414484999977, 0.0 ], [ 117.310841218000064, -8.573898939999935, 0.0 ], [ 117.310558786000115, -8.573012740999957, 0.0 ], [ 117.310413268000048, -8.572868135999954, 0.0 ], [ 117.310194447000072, -8.57198113499993, 0.0 ], [ 117.310440485000072, -8.571396110999956, 0.0 ], [ 117.310615446000043, -8.570805619999931, 0.0 ], [ 117.310970835000035, -8.570083906999969, 0.0 ], [ 117.311117017000015, -8.569845074999932, 0.0 ], [ 117.311359029000073, -8.569449675999977, 0.0 ], [ 117.312091675000033, -8.568886521999957, 0.0 ], [ 117.312714971000105, -8.56843818599998, 0.0 ], [ 117.313274829000079, -8.568306439999958, 0.0 ], [ 117.313628856000037, -8.568223130999968, 0.0 ], [ 117.314056537000056, -8.567717687999959, 0.0 ], [ 117.314419419000046, -8.567069686999957, 0.0 ], [ 117.314921227000013, -8.566350493999948, 0.0 ], [ 117.314923485, -8.566348945999948, 0.0 ], [ 117.314930554000057, -8.566344103999938, 0.0 ], [ 117.315611742000101, -8.56587736299997, 0.0 ], [ 117.316609665000101, -8.565864402999978, 0.0 ], [ 117.317387266000082, -8.565708882999957, 0.0 ], [ 117.317827907000037, -8.565203441999927, 0.0 ], [ 117.318631430000096, -8.565423761999966, 0.0 ], [ 117.319460872000036, -8.565203441999927, 0.0 ], [ 117.319901513000104, -8.564192558999935, 0.0 ], [ 117.321003116000043, -8.564399918999925, 0.0 ], [ 117.321689997000021, -8.564335119999953, 0.0 ], [ 117.322467600000095, -8.56416663899995, 0.0 ], [ 117.32311560100004, -8.56395927799997, 0.0 ], [ 117.323763603000089, -8.56345383799993, 0.0 ], [ 117.323310002000085, -8.563155756999947, 0.0 ], [ 117.322687921000011, -8.562870635999957, 0.0 ], [ 117.322001038000053, -8.562585514999967, 0.0 ], [ 117.321275276000051, -8.562455913999941, 0.0 ], [ 117.320588395000073, -8.562365193999938, 0.0 ], [ 117.320266998000079, -8.56198810199993, 0.0 ], [ 117.31997256000011, -8.561110667999969, 0.0 ], [ 117.321389616000033, -8.560458240999935, 0.0 ], [ 117.32195209300005, -8.559354262999932, 0.0 ], [ 117.323051577000115, -8.55928098499993, 0.0 ], [ 117.324369183000044, -8.559243700999957, 0.0 ], [ 117.325623777000033, -8.559911988999943, 0.0 ], [ 117.326514920000022, -8.560616759999959, 0.0 ], [ 117.3256159660001, -8.561413491999929, 0.0 ], [ 117.325198900000032, -8.562526397999932, 0.0 ], [ 117.324773005000111, -8.563946845999965, 0.0 ] ] ] ] } },
{ "type": "Feature","id":11, "properties": { "OBJECTID_1": 198, "OBJECTID": 198, "NAMA_KWS": "TWA Tanjung Tampa", "NOREGKK": "100253064", "NUPT": "Balai KSDA Nusa Tenggara Barat", "NPULAU": "Bali Nusra", "NPROV": "Nusa Tenggara Barat", "FGSKWS": "TWA", "LUAS_HA": 931.4, "SUMBERDATA": "Peta Kawasan Hutan dan Peta Penetapan Kawasan Hutan periode Juli 2024", "KETERANGAN": "Perhitungan Luas Kartografi Digital", "PROYEKSI": "World Cylindrical Equal Area", "Area": 960.36018860800004, "Perimeter": 40.368540390699998, "UGrid": 2 }, "geometry": { "type": "MultiPolygon", "coordinates": [ [ [ [ 116.196331664000013, -8.906390278999936, 0.0 ], [ 116.197076236000044, -8.906525288999944, 0.0 ], [ 116.198232904000065, -8.906240355999955, 0.0 ], [ 116.198239760000092, -8.906683622999935, 0.0 ], [ 116.198219037000058, -8.907453018999945, 0.0 ], [ 116.198209837000036, -8.90753781199993, 0.0 ], [ 116.198136686000112, -8.90820015099996, 0.0 ], [ 116.198125582000102, -8.908285977999981, 0.0 ], [ 116.198110731000043, -8.908400752999967, 0.0 ], [ 116.198132841000074, -8.908544138999957, 0.0 ], [ 116.198144988000081, -8.908622912999931, 0.0 ], [ 116.198205533000078, -8.908805936999954, 0.0 ], [ 116.198172093000039, -8.908809403999953, 0.0 ], [ 116.198135194000088, -8.908813239999972, 0.0 ], [ 116.198114240000109, -8.908831641999939, 0.0 ], [ 116.198075185000107, -8.908865938999952, 0.0 ], [ 116.198028417000046, -8.908979292999959, 0.0 ], [ 116.198013146000108, -8.909016311999949, 0.0 ], [ 116.197906239000076, -8.909219851999978, 0.0 ], [ 116.197886663000077, -8.909265761999961, 0.0 ], [ 116.197794038000097, -8.909482981999929, 0.0 ], [ 116.197709570000029, -8.909897905999969, 0.0 ], [ 116.19771004800009, -8.91011317799996, 0.0 ], [ 116.197768311000118, -8.910139371999946, 0.0 ], [ 116.197768685000028, -8.910139546999972, 0.0 ], [ 116.197806653000043, -8.910156620999942, 0.0 ], [ 116.197996534000026, -8.910181998999974, 0.0 ], [ 116.198211354000023, -8.910229854999955, 0.0 ], [ 116.198371230000021, -8.910324240999955, 0.0 ], [ 116.198371531000021, -8.910324417999959, 0.0 ], [ 116.198448592000091, -8.910369913999943, 0.0 ], [ 116.198523241000089, -8.910446377999961, 0.0 ], [ 116.198523475000115, -8.910446619999959, 0.0 ], [ 116.198691162000046, -8.910618383999974, 0.0 ], [ 116.198699512000076, -8.910665137999956, 0.0 ], [ 116.198708770000053, -8.910717033999958, 0.0 ], [ 116.198746862, -8.910853214999975, 0.0 ], [ 116.198812524000118, -8.910890963999975, 0.0 ], [ 116.198821169000098, -8.91089593099997, 0.0 ], [ 116.198821530000032, -8.910896138999931, 0.0 ], [ 116.19895, -8.910869021999929, 0.0 ], [ 116.198950868000111, -8.910868838999932, 0.0 ], [ 116.199070732000109, -8.91081888399998, 0.0 ], [ 116.199173520000045, -8.910776122999948, 0.0 ], [ 116.199208381000062, -8.910834543999954, 0.0 ], [ 116.199248651000062, -8.910902028999942, 0.0 ], [ 116.199254957000107, -8.910946085999967, 0.0 ], [ 116.199274081000112, -8.911079682999969, 0.0 ], [ 116.199256471000012, -8.911269563999952, 0.0 ], [ 116.199239810000108, -8.911449208999954, 0.0 ], [ 116.199064077000116, -8.911886599999946, 0.0 ], [ 116.198974899000063, -8.911927085999935, 0.0 ], [ 116.198894397000117, -8.91195248799994, 0.0 ], [ 116.198893739000027, -8.911952694999968, 0.0 ], [ 116.198784427000078, -8.911987170999964, 0.0 ], [ 116.198494474000086, -8.912219992999951, 0.0 ], [ 116.198365110000054, -8.912397207999959, 0.0 ], [ 116.198361191000117, -8.912448560999962, 0.0 ], [ 116.198355311000114, -8.912525606999964, 0.0 ], [ 116.198417322000068, -8.91256315499993, 0.0 ], [ 116.198432003000107, -8.912581523999961, 0.0 ], [ 116.198471553000104, -8.912631018999946, 0.0 ], [ 116.198448601000109, -8.912736957999925, 0.0 ], [ 116.198399172000109, -8.912854043999971, 0.0 ], [ 116.198317753000083, -8.913046906999966, 0.0 ], [ 116.198284214000068, -8.913086114999942, 0.0 ], [ 116.198227945000099, -8.913151895999931, 0.0 ], [ 116.198114979000025, -8.913236818999962, 0.0 ], [ 116.198035115000039, -8.913296853999952, 0.0 ], [ 116.198034385000028, -8.91329676099997, 0.0 ], [ 116.197958458000016, -8.913287079999975, 0.0 ], [ 116.197869887000024, -8.913233165999941, 0.0 ], [ 116.197846241000093, -8.913218773999972, 0.0 ], [ 116.197839309000074, -8.913185390999956, 0.0 ], [ 116.197829102000014, -8.913136226999939, 0.0 ], [ 116.19779101000006, -8.91275989199994, 0.0 ], [ 116.197721253000054, -8.912734848999946, 0.0 ], [ 116.19770805600001, -8.912730110999973, 0.0 ], [ 116.197569411000018, -8.912778910999975, 0.0 ], [ 116.197142806000102, -8.913055220999979, 0.0 ], [ 116.197058036000044, -8.913262123999971, 0.0 ], [ 116.197057910000012, -8.913262435999968, 0.0 ], [ 116.197052014000064, -8.913276898999982, 0.0 ], [ 116.197088563000079, -8.913569708999944, 0.0 ], [ 116.197178612000016, -8.913604579999969, 0.0 ], [ 116.197220940000079, -8.913620969999954, 0.0 ], [ 116.197245637000037, -8.913692510999965, 0.0 ], [ 116.197257516000036, -8.913726924999935, 0.0 ], [ 116.197196483000084, -8.91396218999995, 0.0 ], [ 116.197157144000016, -8.913990875999957, 0.0 ], [ 116.197113505000061, -8.914022695999961, 0.0 ], [ 116.197030555000083, -8.914093028999957, 0.0 ], [ 116.19706812600009, -8.914143292999938, 0.0 ], [ 116.197167232000083, -8.914267293999956, 0.0 ], [ 116.197115021000059, -8.914317081999968, 0.0 ], [ 116.197072229000014, -8.914323079999974, 0.0 ], [ 116.197021237000058, -8.91433023999997, 0.0 ], [ 116.196913339000048, -8.914365361999955, 0.0 ], [ 116.196754341000087, -8.914425885999947, 0.0 ], [ 116.19670708000001, -8.914417964999927, 0.0 ], [ 116.196706768000013, -8.91441791099993, 0.0 ], [ 116.196618539000042, -8.914403001999972, 0.0 ], [ 116.196412495000118, -8.914288997999961, 0.0 ], [ 116.196412063000025, -8.91428875899993, 0.0 ], [ 116.196349038000108, -8.914287764999926, 0.0 ], [ 116.196348755000031, -8.914287973999933, 0.0 ], [ 116.196283000000108, -8.914336358999947, 0.0 ], [ 116.19628259600006, -8.914336659999947, 0.0 ], [ 116.196266098000024, -8.914348799999971, 0.0 ], [ 116.196212587000105, -8.914396397999951, 0.0 ], [ 116.196098174000099, -8.914498169999945, 0.0 ], [ 116.195739854000067, -8.914462027999946, 0.0 ], [ 116.195640266000055, -8.914448384999957, 0.0 ], [ 116.195610023000086, -8.914504032999957, 0.0 ], [ 116.195592214000044, -8.914997168999946, 0.0 ], [ 116.195592131000012, -8.914999465999927, 0.0 ], [ 116.195591913000044, -8.915005497999971, 0.0 ], [ 116.195571957000084, -8.915558007999948, 0.0 ], [ 116.195571943000118, -8.915558402999977, 0.0 ], [ 116.195519483000112, -8.915554116999942, 0.0 ], [ 116.195518255000025, -8.915554024999949, 0.0 ], [ 116.19548743900009, -8.915524908999942, 0.0 ], [ 116.195412341000065, -8.915453971999966, 0.0 ], [ 116.195373784000026, -8.915343639999946, 0.0 ], [ 116.195368635000023, -8.915327563999938, 0.0 ], [ 116.195368520000102, -8.91532720999993, 0.0 ], [ 116.195303429000091, -8.915123983999933, 0.0 ], [ 116.195237120000115, -8.915112758999953, 0.0 ], [ 116.195190808, -8.915136142999927, 0.0 ], [ 116.195143337000104, -8.915160108999942, 0.0 ], [ 116.195062358000087, -8.915237095999942, 0.0 ], [ 116.194985732000077, -8.915309943999944, 0.0 ], [ 116.194970364000028, -8.915403212999934, 0.0 ], [ 116.194969080000078, -8.915411007999978, 0.0 ], [ 116.194991465000044, -8.915459455999951, 0.0 ], [ 116.195099429000038, -8.91569313499997, 0.0 ], [ 116.195163697000112, -8.915855036999972, 0.0 ], [ 116.195333691000087, -8.916283285999953, 0.0 ], [ 116.19533370900001, -8.916781716999935, 0.0 ], [ 116.195281005000083, -8.916961853999965, 0.0 ], [ 116.195214528000065, -8.91705141999995, 0.0 ], [ 116.19507017300009, -8.917245911999942, 0.0 ], [ 116.194803653, -8.917371644999946, 0.0 ], [ 116.194803169000011, -8.917371872999979, 0.0 ], [ 116.194711401000063, -8.917348929999946, 0.0 ], [ 116.194596672000102, -8.917242009999939, 0.0 ], [ 116.194356560000074, -8.917079754999975, 0.0 ], [ 116.194356264000021, -8.91707955499993, 0.0 ], [ 116.19435106800006, -8.917076055999928, 0.0 ], [ 116.194093396000085, -8.916961835999928, 0.0 ], [ 116.194099712000025, -8.916839808999953, 0.0 ], [ 116.194136007000111, -8.916752000999963, 0.0 ], [ 116.194145118000051, -8.91672996099993, 0.0 ], [ 116.194168031000117, -8.916615243999956, 0.0 ], [ 116.194169530000067, -8.916607222999971, 0.0 ], [ 116.194200287000058, -8.916442931999939, 0.0 ], [ 116.194177380000042, -8.916303801999959, 0.0 ], [ 116.194146850000038, -8.916178502999969, 0.0 ], [ 116.194128974000023, -8.916105139999956, 0.0 ], [ 116.194113857000048, -8.915888870999936, 0.0 ], [ 116.194069442000114, -8.91589281499995, 0.0 ], [ 116.194046526000079, -8.915966535999928, 0.0 ], [ 116.193994350000025, -8.916013837999969, 0.0 ], [ 116.19394933500007, -8.916006506999963, 0.0 ], [ 116.193948913000099, -8.916006437999954, 0.0 ], [ 116.193948139000099, -8.916006311999979, 0.0 ], [ 116.193878085000051, -8.915994806999947, 0.0 ], [ 116.193871651000109, -8.915977500999929, 0.0 ], [ 116.193848327000069, -8.915914765999958, 0.0 ], [ 116.193827274000114, -8.915853092999953, 0.0 ], [ 116.193777510000018, -8.915707311999938, 0.0 ], [ 116.193754194, -8.915672963999953, 0.0 ], [ 116.193734106000079, -8.915643348999936, 0.0 ], [ 116.193772677000084, -8.915545724999959, 0.0 ], [ 116.193813368000065, -8.915444431999958, 0.0 ], [ 116.193831703000114, -8.915398792999952, 0.0 ], [ 116.193869280000058, -8.915248907999967, 0.0 ], [ 116.194013756000118, -8.915134706999936, 0.0 ], [ 116.194042789000036, -8.915104696999947, 0.0 ], [ 116.194070451000016, -8.915076101999944, 0.0 ], [ 116.194070455000087, -8.915004847999967, 0.0 ], [ 116.194052849000059, -8.914998347999926, 0.0 ], [ 116.194052414000112, -8.914998195999942, 0.0 ], [ 116.194021564000082, -8.914986796999926, 0.0 ], [ 116.194020582, -8.914987169999961, 0.0 ], [ 116.193946956000104, -8.915015122999932, 0.0 ], [ 116.193879102000096, -8.91513419599994, 0.0 ], [ 116.193878185000017, -8.915134424999962, 0.0 ], [ 116.193811967000102, -8.915150995999966, 0.0 ], [ 116.193810738000025, -8.91515130199997, 0.0 ], [ 116.193763245000014, -8.915130199999965, 0.0 ], [ 116.19373160900011, -8.915116154999964, 0.0 ], [ 116.193700758000091, -8.915072122999959, 0.0 ], [ 116.193666291000113, -8.915022927999928, 0.0 ], [ 116.193658543000083, -8.914907341999935, 0.0 ], [ 116.193656443, -8.914876011999979, 0.0 ], [ 116.193694544000095, -8.914628007999966, 0.0 ], [ 116.193785300000059, -8.914537197999948, 0.0 ], [ 116.193900322000104, -8.914458784999965, 0.0 ], [ 116.194017247000033, -8.914379076999978, 0.0 ], [ 116.194052595000016, -8.914347248999945, 0.0 ], [ 116.194075279000117, -8.914326825999979, 0.0 ], [ 116.194073112000069, -8.914288086999932, 0.0 ], [ 116.194070467000074, -8.914240908999943, 0.0 ], [ 116.194040426000015, -8.914186409999957, 0.0 ], [ 116.194014247000041, -8.914138915999956, 0.0 ], [ 116.193938611000021, -8.91410082699997, 0.0 ], [ 116.193938332000016, -8.914101154999969, 0.0 ], [ 116.193891703000077, -8.914155957999981, 0.0 ], [ 116.193830153000022, -8.914264995999929, 0.0 ], [ 116.193787803000077, -8.914340017999962, 0.0 ], [ 116.193613142000117, -8.914499559999967, 0.0 ], [ 116.193573017000062, -8.914536214999941, 0.0 ], [ 116.193478219000099, -8.914513959999965, 0.0 ], [ 116.193419212000094, -8.914500109999949, 0.0 ], [ 116.193402381000055, -8.914467170999956, 0.0 ], [ 116.193376319000095, -8.914416145999951, 0.0 ], [ 116.193379206000031, -8.914296207999939, 0.0 ], [ 116.193381134000106, -8.91421601199994, 0.0 ], [ 116.193426512000087, -8.914131079999947, 0.0 ], [ 116.193664264000063, -8.913863111999945, 0.0 ], [ 116.193816076000076, -8.913789891999954, 0.0 ], [ 116.194083589000115, -8.913710316999925, 0.0 ], [ 116.194212931000038, -8.913612189999981, 0.0 ], [ 116.194272942000111, -8.913489172999959, 0.0 ], [ 116.194212918000062, -8.913350049999963, 0.0 ], [ 116.194157573000098, -8.913268156999948, 0.0 ], [ 116.19408557700001, -8.91316163099998, 0.0 ], [ 116.19399378300011, -8.912990772999933, 0.0 ], [ 116.193902541000057, -8.912853100999939, 0.0 ], [ 116.193679896000049, -8.912753058999954, 0.0 ], [ 116.19363553900007, -8.912760236999929, 0.0 ], [ 116.193444634000116, -8.912791131999938, 0.0 ], [ 116.193371030000094, -8.91285327199995, 0.0 ], [ 116.193328447000113, -8.912889225999947, 0.0 ], [ 116.193295662000082, -8.912948262999976, 0.0 ], [ 116.193238161000068, -8.913051799999948, 0.0 ], [ 116.193191630000115, -8.913120098999968, 0.0 ], [ 116.193137071000024, -8.913200178999944, 0.0 ], [ 116.192886203000057, -8.913313910999932, 0.0 ], [ 116.192873987000098, -8.913307412999927, 0.0 ], [ 116.19280419800009, -8.913269982999964, 0.0 ], [ 116.192627465000101, -8.913043014999971, 0.0 ], [ 116.192570172000046, -8.912943189999964, 0.0 ], [ 116.192511744000058, -8.91284139499993, 0.0 ], [ 116.192389224000067, -8.912755008999966, 0.0 ], [ 116.192092933000026, -8.912714964999964, 0.0 ], [ 116.191934336000031, -8.912565640999958, 0.0 ], [ 116.191459817, -8.911854372999926, 0.0 ], [ 116.191315352000061, -8.91170892599996, 0.0 ], [ 116.191148917000078, -8.911628848999953, 0.0 ], [ 116.190992558000062, -8.911534797999934, 0.0 ], [ 116.190971191000017, -8.911521946999926, 0.0 ], [ 116.190870620000055, -8.911401900999977, 0.0 ], [ 116.19079476200011, -8.91131510699995, 0.0 ], [ 116.190741725000066, -8.911252986999955, 0.0 ], [ 116.190741227000103, -8.911253305999935, 0.0 ], [ 116.190658891000112, -8.911306133999972, 0.0 ], [ 116.189969290000022, -8.911093530999949, 0.0 ], [ 116.189514382000084, -8.910956511999927, 0.0 ], [ 116.189509842, -8.910955144999946, 0.0 ], [ 116.188808181000013, -8.910743798999931, 0.0 ], [ 116.188674771000024, -8.910681641999929, 0.0 ], [ 116.18891816200005, -8.910406308999939, 0.0 ], [ 116.189247396000042, -8.909829911999964, 0.0 ], [ 116.189258145000053, -8.90949195099995, 0.0 ], [ 116.189731392000112, -8.909061389999977, 0.0 ], [ 116.190107466000086, -8.908771706999971, 0.0 ], [ 116.190497463000042, -8.908603246999974, 0.0 ], [ 116.190864781000073, -8.908448212999929, 0.0 ], [ 116.19061595300002, -8.90782524499997, 0.0 ], [ 116.190580431000058, -8.907567102999963, 0.0 ], [ 116.190536192000081, -8.907245605999947, 0.0 ], [ 116.190491430000066, -8.906880933999958, 0.0 ], [ 116.190512488000081, -8.906787614999928, 0.0 ], [ 116.19055379100007, -8.906604585999958, 0.0 ], [ 116.190882138, -8.906180218999964, 0.0 ], [ 116.190975574000049, -8.90623384099996, 0.0 ], [ 116.19190156500008, -8.906765246999953, 0.0 ], [ 116.192473982000024, -8.906687713999929, 0.0 ], [ 116.192841565000094, -8.906452998999953, 0.0 ], [ 116.193440308000049, -8.905858188999957, 0.0 ], [ 116.194016022000028, -8.905479214999957, 0.0 ], [ 116.194688609000082, -8.90542568199993, 0.0 ], [ 116.195297635000088, -8.905283827999938, 0.0 ], [ 116.195734733000108, -8.905283686999951, 0.0 ], [ 116.196233397000015, -8.90549350699996, 0.0 ], [ 116.196331664000013, -8.906390278999936, 0.0 ] ] ], [ [ [ 116.166373012, -8.90181783099996, 0.0 ], [ 116.16705021100006, -8.902166449999982, 0.0 ], [ 116.167745409000077, -8.902082317999941, 0.0 ], [ 116.168736681000041, -8.902310370999942, 0.0 ], [ 116.169580414000052, -8.902904504999981, 0.0 ], [ 116.170298484000114, -8.903086989999963, 0.0 ], [ 116.170962007000071, -8.903260308999961, 0.0 ], [ 116.171344373000011, -8.904196470999977, 0.0 ], [ 116.171424429000012, -8.904392473999962, 0.0 ], [ 116.171746611000117, -8.905006279999952, 0.0 ], [ 116.172299127000088, -8.904860435999979, 0.0 ], [ 116.173276494000106, -8.905336585999976, 0.0 ], [ 116.173395301000028, -8.905290006999962, 0.0 ], [ 116.173591853000062, -8.905212947999928, 0.0 ], [ 116.173849969000116, -8.905111753999961, 0.0 ], [ 116.174304984000059, -8.905429380999976, 0.0 ], [ 116.174512849000052, -8.905574480999974, 0.0 ], [ 116.175121964000027, -8.906155335999927, 0.0 ], [ 116.175620055000081, -8.906626066999934, 0.0 ], [ 116.176246190000029, -8.906661869999937, 0.0 ], [ 116.176429088000077, -8.906672327999956, 0.0 ], [ 116.177054493000014, -8.906331414999954, 0.0 ], [ 116.177896815000054, -8.905930973999943, 0.0 ], [ 116.178485501000068, -8.905293367999946, 0.0 ], [ 116.178665930000079, -8.904231728999946, 0.0 ], [ 116.178234650000036, -8.903578251999932, 0.0 ], [ 116.178292700000043, -8.903398142999947, 0.0 ], [ 116.178544643, -8.902616472999966, 0.0 ], [ 116.178877618000115, -8.902446810999948, 0.0 ], [ 116.179333428000064, -8.902214559999948, 0.0 ], [ 116.180278626000018, -8.902473221999969, 0.0 ], [ 116.180201214000022, -8.903169544999969, 0.0 ], [ 116.180287641000064, -8.903980998999941, 0.0 ], [ 116.180820363000066, -8.904410455999937, 0.0 ], [ 116.18101781900009, -8.905224264999958, 0.0 ], [ 116.181189802000063, -8.905402209999977, 0.0 ], [ 116.181642497000098, -8.905870598999968, 0.0 ], [ 116.182189920000042, -8.905976185999975, 0.0 ], [ 116.182332565000024, -8.906667849999963, 0.0 ], [ 116.182942946000026, -8.907183400999941, 0.0 ], [ 116.183359377000102, -8.90763101899995, 0.0 ], [ 116.183436535000055, -8.908185849999938, 0.0 ], [ 116.182691601000101, -8.908938545999945, 0.0 ], [ 116.182289362, -8.908932424999932, 0.0 ], [ 116.182095513000036, -8.909453271999951, 0.0 ], [ 116.182512424000038, -8.910013079999942, 0.0 ], [ 116.182734595000056, -8.910509925999975, 0.0 ], [ 116.182765528000118, -8.910815939999964, 0.0 ], [ 116.182764740000039, -8.91144326899996, 0.0 ], [ 116.182764380000094, -8.911730691999935, 0.0 ], [ 116.182378573000051, -8.912834870999973, 0.0 ], [ 116.182378097000083, -8.91283623399994, 0.0 ], [ 116.182112331000098, -8.912701802999948, 0.0 ], [ 116.181939690000036, -8.91260738699998, 0.0 ], [ 116.181930244000114, -8.912602196999956, 0.0 ], [ 116.18191885300007, -8.912582232999966, 0.0 ], [ 116.181847814000093, -8.91245773199995, 0.0 ], [ 116.181754329000114, -8.912295928999981, 0.0 ], [ 116.181724288000055, -8.912243932999957, 0.0 ], [ 116.181585606000112, -8.912144814999976, 0.0 ], [ 116.181399865000117, -8.912126703999945, 0.0 ], [ 116.181399516000056, -8.912126668999974, 0.0 ], [ 116.181230301000028, -8.912110169999949, 0.0 ], [ 116.181145859000026, -8.912014008999961, 0.0 ], [ 116.181139508000115, -8.911925340999971, 0.0 ], [ 116.181136558000048, -8.91188417799998, 0.0 ], [ 116.18114649600011, -8.911622198999964, 0.0 ], [ 116.181152686000019, -8.911458969999956, 0.0 ], [ 116.181030139000086, -8.911297415999968, 0.0 ], [ 116.180967002000102, -8.91127890599995, 0.0 ], [ 116.180891955000106, -8.911256909999963, 0.0 ], [ 116.180344799000068, -8.91129398299995, 0.0 ], [ 116.180008464000025, -8.911577118999958, 0.0 ], [ 116.180007859000057, -8.911577253999951, 0.0 ], [ 116.179367530000036, -8.911719656999935, 0.0 ], [ 116.179139580000083, -8.911755795999966, 0.0 ], [ 116.178995088000079, -8.911805818999937, 0.0 ], [ 116.178977425000085, -8.911811889999967, 0.0 ], [ 116.178902853000068, -8.911776803999942, 0.0 ], [ 116.178780303000053, -8.91171914499995, 0.0 ], [ 116.178687279000087, -8.911685499999976, 0.0 ], [ 116.178687027000024, -8.911685409999961, 0.0 ], [ 116.178557688000069, -8.91163863099996, 0.0 ], [ 116.178452372000038, -8.911627814999974, 0.0 ], [ 116.178451338000059, -8.911627703999955, 0.0 ], [ 116.178416336000055, -8.911624113999949, 0.0 ], [ 116.178415181000105, -8.911623994999957, 0.0 ], [ 116.178147205000073, -8.911657652999963, 0.0 ], [ 116.177974752000068, -8.911746318999974, 0.0 ], [ 116.177940176000106, -8.911764095999956, 0.0 ], [ 116.177898552000102, -8.911832494999942, 0.0 ], [ 116.177841580000063, -8.911926115999961, 0.0 ], [ 116.177750310000079, -8.912036935999936, 0.0 ], [ 116.177581761000056, -8.912172325999961, 0.0 ], [ 116.177581362000069, -8.912172643999952, 0.0 ], [ 116.177511042000106, -8.912240007999969, 0.0 ], [ 116.177450562000104, -8.91235471799996, 0.0 ], [ 116.177389509000022, -8.912457739999979, 0.0 ], [ 116.177360254000064, -8.91273694399996, 0.0 ], [ 116.177366586000062, -8.912926820999928, 0.0 ], [ 116.177329525000118, -8.913125993999927, 0.0 ], [ 116.177154761000111, -8.913221193999959, 0.0 ], [ 116.176974065000081, -8.913057295999977, 0.0 ], [ 116.17690286900006, -8.912992719999977, 0.0 ], [ 116.176802301000066, -8.91291806199996, 0.0 ], [ 116.176801276000106, -8.912918248999972, 0.0 ], [ 116.176729039000065, -8.912931399999934, 0.0 ], [ 116.176728500000081, -8.912931499999956, 0.0 ], [ 116.176644191000037, -8.912946851999948, 0.0 ], [ 116.176584666000053, -8.91302669199996, 0.0 ], [ 116.176567046000059, -8.913050326999951, 0.0 ], [ 116.176534326000024, -8.913091595999958, 0.0 ], [ 116.176430399000083, -8.91322267299995, 0.0 ], [ 116.176284580000015, -8.913342536999949, 0.0 ], [ 116.176062271000092, -8.913525275999973, 0.0 ], [ 116.175970783000025, -8.913623860999962, 0.0 ], [ 116.175904163000041, -8.913695650999955, 0.0 ], [ 116.175795746000063, -8.913701512999978, 0.0 ], [ 116.175727943000084, -8.913679632999958, 0.0 ], [ 116.175674716000117, -8.913662454999951, 0.0 ], [ 116.175438746000054, -8.913502048999931, 0.0 ], [ 116.175438452000094, -8.913501848999942, 0.0 ], [ 116.17533306100006, -8.913538953999932, 0.0 ], [ 116.175295238000103, -8.913609926999982, 0.0 ], [ 116.175284651000084, -8.913629784999955, 0.0 ], [ 116.175177782000105, -8.913725923999948, 0.0 ], [ 116.175177226000073, -8.913725824999972, 0.0 ], [ 116.17508039400002, -8.913708523999958, 0.0 ], [ 116.175049400000034, -8.913702986999965, 0.0 ], [ 116.174851727000032, -8.91348527699995, 0.0 ], [ 116.1747823930001, -8.913464260999945, 0.0 ], [ 116.174550084000089, -8.913430307999931, 0.0 ], [ 116.174549400000046, -8.913430207999966, 0.0 ], [ 116.174548161000075, -8.913430028999926, 0.0 ], [ 116.174533970000084, -8.913427952999939, 0.0 ], [ 116.174532022000108, -8.91342766799994, 0.0 ], [ 116.174369824000109, -8.91330662799993, 0.0 ], [ 116.174369388000059, -8.913306304999935, 0.0 ], [ 116.174254685000051, -8.913220705999947, 0.0 ], [ 116.174200469000084, -8.913207019999959, 0.0 ], [ 116.174200123000105, -8.913207257999943, 0.0 ], [ 116.174158987000055, -8.913235540999949, 0.0 ], [ 116.174127323000107, -8.913257302999966, 0.0 ], [ 116.173859811000057, -8.913500891999945, 0.0 ], [ 116.173766539000098, -8.913524822999932, 0.0 ], [ 116.173766230000069, -8.913524957999925, 0.0 ], [ 116.173682576000033, -8.913561408999954, 0.0 ], [ 116.173683087000086, -8.913639054999976, 0.0 ], [ 116.173682224000117, -8.91364557199995, 0.0 ], [ 116.173662210000089, -8.913796519999948, 0.0 ], [ 116.173662124000089, -8.913797170999942, 0.0 ], [ 116.173600142000055, -8.913781076999953, 0.0 ], [ 116.173523949000014, -8.913686126999949, 0.0 ], [ 116.173522988000059, -8.913684917999944, 0.0 ], [ 116.173425389000045, -8.913487721999957, 0.0 ], [ 116.173406312000111, -8.913401246999967, 0.0 ], [ 116.173392116000059, -8.913336880999964, 0.0 ], [ 116.17336629600004, -8.913331138999979, 0.0 ], [ 116.173327873000062, -8.913322597999979, 0.0 ], [ 116.173326310000107, -8.913322249999965, 0.0 ], [ 116.173314132000087, -8.913375383999949, 0.0 ], [ 116.173308647000113, -8.91339936299994, 0.0 ], [ 116.173255455000117, -8.913488183999959, 0.0 ], [ 116.173227269000108, -8.913506294999934, 0.0 ], [ 116.173150555, -8.913555584999926, 0.0 ], [ 116.173004632000016, -8.913694662999944, 0.0 ], [ 116.173001448000036, -8.913690057999929, 0.0 ], [ 116.17300130000001, -8.913689848999979, 0.0 ], [ 116.172971823000012, -8.913645849999966, 0.0 ], [ 116.17298065500006, -8.913523839999925, 0.0 ], [ 116.172998136000047, -8.913497219999954, 0.0 ], [ 116.173051486000077, -8.913415963999967, 0.0 ], [ 116.173119806000045, -8.91329391599993, 0.0 ], [ 116.173081703000094, -8.913073281999971, 0.0 ], [ 116.172878603000072, -8.912737617999937, 0.0 ], [ 116.172878337000043, -8.912737180999954, 0.0 ], [ 116.17281321300004, -8.912629547999927, 0.0 ], [ 116.172750714000017, -8.912529000999939, 0.0 ], [ 116.172667235000063, -8.912488002999964, 0.0 ], [ 116.172521885000037, -8.912467041999946, 0.0 ], [ 116.172521174000053, -8.912466937999966, 0.0 ], [ 116.172403216000021, -8.912449928999933, 0.0 ], [ 116.172357490000081, -8.912390184999936, 0.0 ], [ 116.172347531000014, -8.912377177999929, 0.0 ], [ 116.172355432000018, -8.912348906999966, 0.0 ], [ 116.172380283000052, -8.912260019999962, 0.0 ], [ 116.172486180000078, -8.911892945999966, 0.0 ], [ 116.172470847000113, -8.911640879999936, 0.0 ], [ 116.172453932000053, -8.911362802999975, 0.0 ], [ 116.17236996500003, -8.910912262999943, 0.0 ], [ 116.17233654000006, -8.910832168999946, 0.0 ], [ 116.172295811000026, -8.910734572999957, 0.0 ], [ 116.172050759000058, -8.910291877999953, 0.0 ], [ 116.172037061000083, -8.910287682999979, 0.0 ], [ 116.172036602000048, -8.910287540999946, 0.0 ], [ 116.171953061000067, -8.910262187999933, 0.0 ], [ 116.171952654000052, -8.910262064999927, 0.0 ], [ 116.171723210000096, -8.910302084999955, 0.0 ], [ 116.17162053100003, -8.910386095999968, 0.0 ], [ 116.171553782000046, -8.910440706999964, 0.0 ], [ 116.171438062000107, -8.910497812999949, 0.0 ], [ 116.171436106000101, -8.910497917999976, 0.0 ], [ 116.170974369000078, -8.910522724999964, 0.0 ], [ 116.170880328000067, -8.910500553999952, 0.0 ], [ 116.170879500000069, -8.910500354999954, 0.0 ], [ 116.170763056000055, -8.910472905999939, 0.0 ], [ 116.170540439000092, -8.910364091999952, 0.0 ], [ 116.170495358000039, -8.910307940999928, 0.0 ], [ 116.170393448000027, -8.910181006999949, 0.0 ], [ 116.170370283000011, -8.910060262999934, 0.0 ], [ 116.170364697000082, -8.910031142999969, 0.0 ], [ 116.170350576000033, -8.909930380999981, 0.0 ], [ 116.170302175000074, -8.909585009999944, 0.0 ], [ 116.170178706000115, -8.909438261999981, 0.0 ], [ 116.170120618000055, -8.909369222999942, 0.0 ], [ 116.169977126000049, -8.909253072999945, 0.0 ], [ 116.169876510000108, -8.909236459999931, 0.0 ], [ 116.169876129000045, -8.909236396999972, 0.0 ], [ 116.169875619000095, -8.90923631499993, 0.0 ], [ 116.16982336, -8.909227681999937, 0.0 ], [ 116.169685357000048, -8.909262680999973, 0.0 ], [ 116.169684679000056, -8.909262850999937, 0.0 ], [ 116.169659111000101, -8.909310652999977, 0.0 ], [ 116.169625168000039, -8.909374126999978, 0.0 ], [ 116.169584183000097, -8.909483708999971, 0.0 ], [ 116.169500653000114, -8.909707051999931, 0.0 ], [ 116.169410302000074, -8.909744018999959, 0.0 ], [ 116.169372292000048, -8.909666027999947, 0.0 ], [ 116.169364572000063, -8.909653931999969, 0.0 ], [ 116.169320578000111, -8.909585002999961, 0.0 ], [ 116.169304219000082, -8.909582634999936, 0.0 ], [ 116.16930354200008, -8.909582543999932, 0.0 ], [ 116.169256551000103, -8.909575734999976, 0.0 ], [ 116.169256136000058, -8.90957616999998, 0.0 ], [ 116.169149665000077, -8.909687988999963, 0.0 ], [ 116.169148886000016, -8.909687092999945, 0.0 ], [ 116.169103778000022, -8.909635264999963, 0.0 ], [ 116.169006145000026, -8.90947713099996, 0.0 ], [ 116.168990156000064, -8.909485578999977, 0.0 ], [ 116.168946155000071, -8.909508823999943, 0.0 ], [ 116.168748478000111, -8.909975973999963, 0.0 ], [ 116.168702314000029, -8.909973699999966, 0.0 ], [ 116.168702025000016, -8.909973684999954, 0.0 ], [ 116.168701540000029, -8.90997366199997, 0.0 ], [ 116.168700784000066, -8.909973625999953, 0.0 ], [ 116.168524348, -8.909964793999961, 0.0 ], [ 116.168466767000041, -8.909964572999968, 0.0 ], [ 116.168394516000035, -8.90996428699998, 0.0 ], [ 116.168372568000109, -8.910097034999978, 0.0 ], [ 116.168352704000085, -8.910139190999928, 0.0 ], [ 116.168328164000059, -8.910191261999955, 0.0 ], [ 116.168267949000096, -8.910310781999954, 0.0 ], [ 116.168267654000033, -8.910311368999942, 0.0 ], [ 116.168222616000094, -8.910299996999981, 0.0 ], [ 116.16822167700002, -8.910299768999948, 0.0 ], [ 116.168211426000084, -8.910297182999955, 0.0 ], [ 116.168187332000116, -8.910223121999934, 0.0 ], [ 116.168182695000041, -8.910208873999977, 0.0 ], [ 116.168137322, -8.910114671999963, 0.0 ], [ 116.168098312000097, -8.910098868999967, 0.0 ], [ 116.168098072000021, -8.910098771999969, 0.0 ], [ 116.167999640000062, -8.910058970999955, 0.0 ], [ 116.167817574000082, -8.910005804999969, 0.0 ], [ 116.167802474000041, -8.909925213999941, 0.0 ], [ 116.167773727000053, -8.909576207999976, 0.0 ], [ 116.167770187000087, -8.909533249999981, 0.0 ], [ 116.167740181000113, -8.909487331999969, 0.0 ], [ 116.167633058000092, -8.90932326099994, 0.0 ], [ 116.167638324000109, -8.909311001999981, 0.0 ], [ 116.167688208000072, -8.909194966999962, 0.0 ], [ 116.167824385000017, -8.908987001999947, 0.0 ], [ 116.167861992000098, -8.908815675999961, 0.0 ], [ 116.167968887000029, -8.908728808999967, 0.0 ], [ 116.168178469000054, -8.908756995999966, 0.0 ], [ 116.168178815000033, -8.908757041999934, 0.0 ], [ 116.168244689000062, -8.908765900999981, 0.0 ], [ 116.168245017000118, -8.90876587899993, 0.0 ], [ 116.168309362000059, -8.908761674999937, 0.0 ], [ 116.168319360000055, -8.908761022999954, 0.0 ], [ 116.168334078000044, -8.908746643999962, 0.0 ], [ 116.168428277000089, -8.908654609999928, 0.0 ], [ 116.168541975000039, -8.908605783999974, 0.0 ], [ 116.168664497, -8.908585770999935, 0.0 ], [ 116.16861911, -8.908521315999963, 0.0 ], [ 116.168583261000094, -8.90845509899998, 0.0 ], [ 116.168570752000051, -8.908432, 0.0 ], [ 116.168608821000021, -8.908306064999977, 0.0 ], [ 116.16863025300006, -8.908245272999977, 0.0 ], [ 116.168648399000062, -8.908193792999953, 0.0 ], [ 116.168611311000063, -8.907664151999938, 0.0 ], [ 116.168416339000032, -8.907224431999964, 0.0 ], [ 116.168416199000035, -8.907224116999942, 0.0 ], [ 116.16834962300004, -8.907073970999932, 0.0 ], [ 116.168300942000087, -8.906973684999969, 0.0 ], [ 116.16816124200011, -8.906685894999953, 0.0 ], [ 116.167801449000081, -8.90575987699998, 0.0 ], [ 116.167769921000058, -8.905737162999969, 0.0 ], [ 116.167654458000015, -8.905653973999961, 0.0 ], [ 116.167350896000016, -8.905476793999981, 0.0 ], [ 116.167329266000024, -8.905459460999964, 0.0 ], [ 116.167183952000073, -8.905343024999979, 0.0 ], [ 116.16707181400011, -8.905314315999931, 0.0 ], [ 116.167071511000017, -8.905314238999949, 0.0 ], [ 116.166960816000028, -8.905285898999978, 0.0 ], [ 116.166856617, -8.905274996999935, 0.0 ], [ 116.166657755000074, -8.905254188999947, 0.0 ], [ 116.166244731, -8.905289326999934, 0.0 ], [ 116.166035842000042, -8.905372245999956, 0.0 ], [ 116.166035483000087, -8.905372387999932, 0.0 ], [ 116.165832775000013, -8.905452853999975, 0.0 ], [ 116.165777078000019, -8.905513351999957, 0.0 ], [ 116.165555918000109, -8.905753571999981, 0.0 ], [ 116.165428470000052, -8.905948087999946, 0.0 ], [ 116.165412959000037, -8.905971762999968, 0.0 ], [ 116.165307551000069, -8.906137208999951, 0.0 ], [ 116.165285091000101, -8.906290026999955, 0.0 ], [ 116.165322684000103, -8.906330027999957, 0.0 ], [ 116.165382686000044, -8.906384726999931, 0.0 ], [ 116.165374881000048, -8.906502839999973, 0.0 ], [ 116.165268504000096, -8.906752200999961, 0.0 ], [ 116.165163125000049, -8.906772879999949, 0.0 ], [ 116.16516282200007, -8.906772939999939, 0.0 ], [ 116.165116908000073, -8.906781910999939, 0.0 ], [ 116.165116163000107, -8.90678205599994, 0.0 ], [ 116.165039513000011, -8.906713227999944, 0.0 ], [ 116.164932647000114, -8.906542404999925, 0.0 ], [ 116.164913586000011, -8.906482898999968, 0.0 ], [ 116.164885730000037, -8.906395946999965, 0.0 ], [ 116.16481740100005, -8.906017670999972, 0.0 ], [ 116.164673927000081, -8.906007909999971, 0.0 ], [ 116.164529795000021, -8.906040984999947, 0.0 ], [ 116.164512320000085, -8.906044994999945, 0.0 ], [ 116.164450284000054, -8.906108765999932, 0.0 ], [ 116.164390779000087, -8.906169933999934, 0.0 ], [ 116.164380628000117, -8.906196153999929, 0.0 ], [ 116.164343896000105, -8.906291019999969, 0.0 ], [ 116.164351708000027, -8.906485295999971, 0.0 ], [ 116.164361414000041, -8.906524028999968, 0.0 ], [ 116.164384477000112, -8.906616112999927, 0.0 ], [ 116.164436669000111, -8.906881160999944, 0.0 ], [ 116.164368332000095, -8.907082258999935, 0.0 ], [ 116.16431314700003, -8.907098885999972, 0.0 ], [ 116.164175975000035, -8.907137451999972, 0.0 ], [ 116.164110151000045, -8.907255265999936, 0.0 ], [ 116.164048622000109, -8.907365384999935, 0.0 ], [ 116.163987618000078, -8.907720301999973, 0.0 ], [ 116.163935781000077, -8.907752082999934, 0.0 ], [ 116.163925600000084, -8.907758331999958, 0.0 ], [ 116.163916912000104, -8.907764302999965, 0.0 ], [ 116.16383531200006, -8.907820335999929, 0.0 ], [ 116.163613175000023, -8.908152292999944, 0.0 ], [ 116.163612388000047, -8.908152531999974, 0.0 ], [ 116.163375936000079, -8.908225048999952, 0.0 ], [ 116.163261761000058, -8.908270879999975, 0.0 ], [ 116.163170431000026, -8.908206973999938, 0.0 ], [ 116.16300349200003, -8.908013151999967, 0.0 ], [ 116.162888787000043, -8.907815015999972, 0.0 ], [ 116.162758944000075, -8.907758874999956, 0.0 ], [ 116.162737752000112, -8.907751539999936, 0.0 ], [ 116.162737109000091, -8.907751322999957, 0.0 ], [ 116.16265734600006, -8.90772371099996, 0.0 ], [ 116.162536210000098, -8.907668074999947, 0.0 ], [ 116.162516375000109, -8.907670445999941, 0.0 ], [ 116.162438218000034, -8.907679788999928, 0.0 ], [ 116.162399654000069, -8.907769096999971, 0.0 ], [ 116.162371902000018, -8.907858518999944, 0.0 ], [ 116.162314669000011, -8.908042928999976, 0.0 ], [ 116.162313977000053, -8.908042955999974, 0.0 ], [ 116.16230848400005, -8.908043127999974, 0.0 ], [ 116.162147277000031, -8.908048316999952, 0.0 ], [ 116.162128487000018, -8.908033286999967, 0.0 ], [ 116.162078920000113, -8.907993644999976, 0.0 ], [ 116.162076716000115, -8.907987748999972, 0.0 ], [ 116.162076616000036, -8.907987473999981, 0.0 ], [ 116.162026725000032, -8.907854030999943, 0.0 ], [ 116.161955248000027, -8.907538158999955, 0.0 ], [ 116.161955184000021, -8.907537881999929, 0.0 ], [ 116.161871424000083, -8.90716772899998, 0.0 ], [ 116.161703524000018, -8.907050058999971, 0.0 ], [ 116.161644699000021, -8.907027502999938, 0.0 ], [ 116.161546905000023, -8.906990003999965, 0.0 ], [ 116.161362342000075, -8.90688113799996, 0.0 ], [ 116.161340410000093, -8.906801093999945, 0.0 ], [ 116.161384558, -8.906655955999952, 0.0 ], [ 116.161414051000065, -8.90655899199993, 0.0 ], [ 116.161482835000015, -8.906381826999962, 0.0 ], [ 116.161522454000078, -8.906279780999967, 0.0 ], [ 116.161570208000057, -8.906195501999946, 0.0 ], [ 116.16162784800008, -8.906093777999956, 0.0 ], [ 116.161753561000069, -8.906012969999949, 0.0 ], [ 116.161753792000013, -8.906012822999969, 0.0 ], [ 116.161766016000115, -8.906004964999966, 0.0 ], [ 116.161769654000068, -8.906002370999943, 0.0 ], [ 116.16188653800009, -8.905919046999941, 0.0 ], [ 116.161978232000024, -8.905876143999933, 0.0 ], [ 116.162186813000062, -8.905910767999956, 0.0 ], [ 116.162263035000024, -8.905911635999928, 0.0 ], [ 116.162263383000095, -8.905911637999964, 0.0 ], [ 116.162313682000104, -8.905912211999976, 0.0 ], [ 116.162365846000057, -8.905891891999943, 0.0 ], [ 116.162408968000022, -8.905875103999961, 0.0 ], [ 116.16235374300004, -8.905793112999959, 0.0 ], [ 116.162295479000022, -8.905754420999926, 0.0 ], [ 116.162108193000108, -8.90563005599995, 0.0 ], [ 116.162071103000017, -8.905453858999977, 0.0 ], [ 116.162023722000072, -8.905256133999956, 0.0 ], [ 116.161984477000033, -8.904934438999931, 0.0 ], [ 116.161979834000022, -8.904896365999946, 0.0 ], [ 116.162017909000042, -8.90473185999997, 0.0 ], [ 116.162087740000061, -8.904677182999933, 0.0 ], [ 116.162088761000064, -8.904677163999963, 0.0 ], [ 116.162141538000014, -8.904676179999967, 0.0 ], [ 116.162217576000103, -8.904674772999954, 0.0 ], [ 116.162667138000074, -8.904737705999935, 0.0 ], [ 116.162698546000115, -8.904741486999967, 0.0 ], [ 116.162699334000081, -8.90474157899996, 0.0 ], [ 116.162805309000078, -8.904754324999942, 0.0 ], [ 116.163023456000019, -8.904780192999965, 0.0 ], [ 116.163131863000103, -8.904781149999963, 0.0 ], [ 116.163483367000026, -8.90478405999994, 0.0 ], [ 116.16367372000002, -8.90440093199993, 0.0 ], [ 116.163690312000085, -8.904224703999944, 0.0 ], [ 116.163652276000107, -8.904023092999978, 0.0 ], [ 116.16355318300009, -8.903896182999972, 0.0 ], [ 116.163361818000112, -8.903738979999957, 0.0 ], [ 116.162935190000098, -8.903424626999936, 0.0 ], [ 116.162933691000035, -8.903325996999968, 0.0 ], [ 116.163001995000059, -8.903227896999965, 0.0 ], [ 116.163031661000105, -8.903204555999935, 0.0 ], [ 116.16345056800003, -8.902874979999979, 0.0 ], [ 116.16390114, -8.902640672999951, 0.0 ], [ 116.163924076000058, -8.90259674899994, 0.0 ], [ 116.16396885600011, -8.902508200999932, 0.0 ], [ 116.163970991000042, -8.90250397899996, 0.0 ], [ 116.164032994000081, -8.902312126999959, 0.0 ], [ 116.164141149000102, -8.902193808999925, 0.0 ], [ 116.164199434000011, -8.902130046999957, 0.0 ], [ 116.16457618700008, -8.901690386999974, 0.0 ], [ 116.164576403000069, -8.901690133999978, 0.0 ], [ 116.165156081000077, -8.901597667999965, 0.0 ], [ 116.165730176000011, -8.901235432999954, 0.0 ], [ 116.166373012, -8.90181783099996, 0.0 ] ] ], [ [ [ 116.241471008000076, -8.908171261999939, 0.0 ], [ 116.242478300000016, -8.908469426999943, 0.0 ], [ 116.242759136000018, -8.908433277999961, 0.0 ], [ 116.242966985000066, -8.908153958999947, 0.0 ], [ 116.243004551000013, -8.908091275999936, 0.0 ], [ 116.243167971000048, -8.908121135999977, 0.0 ], [ 116.243440983000028, -8.90817102099993, 0.0 ], [ 116.24352770400003, -8.908301474999973, 0.0 ], [ 116.243527836000112, -8.908301731999927, 0.0 ], [ 116.243678606000117, -8.90859906999998, 0.0 ], [ 116.243865604, -8.908967847999975, 0.0 ], [ 116.244032398000058, -8.909410715999968, 0.0 ], [ 116.244092869000042, -8.909537126999965, 0.0 ], [ 116.244133995000084, -8.909623096999951, 0.0 ], [ 116.244264354000052, -8.909914017999938, 0.0 ], [ 116.2443165520001, -8.910263016999977, 0.0 ], [ 116.244358197000111, -8.910418855999978, 0.0 ], [ 116.244414655000014, -8.91063012799998, 0.0 ], [ 116.24464407500011, -8.911314024999967, 0.0 ], [ 116.244645720000108, -8.911321561999955, 0.0 ], [ 116.244676356000014, -8.911461931999952, 0.0 ], [ 116.244720483000037, -8.911649000999944, 0.0 ], [ 116.244771917000094, -8.911867048999966, 0.0 ], [ 116.244883851000054, -8.912309524999955, 0.0 ], [ 116.244989255000064, -8.912726192999969, 0.0 ], [ 116.245042465000097, -8.913026885999955, 0.0 ], [ 116.244988258000035, -8.913259727999957, 0.0 ], [ 116.24485439700004, -8.913488461999975, 0.0 ], [ 116.244827134000047, -8.913535048999961, 0.0 ], [ 116.244543994000082, -8.913824063999925, 0.0 ], [ 116.244336980000071, -8.913921668999933, 0.0 ], [ 116.244336161000092, -8.913921430999949, 0.0 ], [ 116.24420081400001, -8.913882133999948, 0.0 ], [ 116.244094847000042, -8.913858434999952, 0.0 ], [ 116.244093926, -8.91385822899997, 0.0 ], [ 116.244045257000039, -8.913904915999979, 0.0 ], [ 116.244033918000014, -8.913915795999969, 0.0 ], [ 116.244034421000038, -8.914010017999942, 0.0 ], [ 116.244020273000046, -8.91429605999997, 0.0 ], [ 116.243968887000051, -8.914326665999965, 0.0 ], [ 116.243925984000043, -8.914352227999927, 0.0 ], [ 116.24366433900002, -8.914486152999928, 0.0 ], [ 116.243615108000085, -8.914511349999941, 0.0 ], [ 116.243497401000013, -8.914598570999942, 0.0 ], [ 116.243300190000014, -8.914744707999944, 0.0 ], [ 116.243206275000034, -8.91479521399998, 0.0 ], [ 116.243205711000087, -8.914795519999927, 0.0 ], [ 116.242997105000086, -8.914907711999945, 0.0 ], [ 116.242965752000032, -8.914946157999964, 0.0 ], [ 116.242949709000072, -8.914965821999942, 0.0 ], [ 116.242949187000022, -8.914965773999938, 0.0 ], [ 116.242811514000095, -8.914953123999965, 0.0 ], [ 116.242757279000102, -8.914959387999943, 0.0 ], [ 116.242756830000076, -8.91495944299993, 0.0 ], [ 116.242684717000088, -8.914967776999958, 0.0 ], [ 116.242589568000085, -8.915035586999977, 0.0 ], [ 116.242569002000096, -8.915050246999954, 0.0 ], [ 116.242530431000091, -8.915152272999933, 0.0 ], [ 116.242484026000056, -8.915220132999934, 0.0 ], [ 116.24248311000008, -8.915219850999961, 0.0 ], [ 116.242400065000083, -8.915194239999948, 0.0 ], [ 116.242370656000048, -8.915181191999977, 0.0 ], [ 116.242236785000046, -8.915121781999972, 0.0 ], [ 116.242235142000027, -8.91512105299995, 0.0 ], [ 116.242218796000088, -8.915184387999943, 0.0 ], [ 116.24220918900005, -8.915221590999977, 0.0 ], [ 116.242152590000046, -8.915330388999962, 0.0 ], [ 116.242141884000034, -8.915350968999974, 0.0 ], [ 116.241746508, -8.915594060999979, 0.0 ], [ 116.241738258000055, -8.915696642999933, 0.0 ], [ 116.24173716700011, -8.91571023399996, 0.0 ], [ 116.241753301000017, -8.91587908799994, 0.0 ], [ 116.241775740000094, -8.916113945999939, 0.0 ], [ 116.241815338000038, -8.916251097999975, 0.0 ], [ 116.241751586000078, -8.916285331999973, 0.0 ], [ 116.241698092000092, -8.916314061999969, 0.0 ], [ 116.241697050000084, -8.916313933999959, 0.0 ], [ 116.241554645000065, -8.916296484999975, 0.0 ], [ 116.241469149000068, -8.916220834999933, 0.0 ], [ 116.241377396000075, -8.916047061999961, 0.0 ], [ 116.241336278000063, -8.915988065999954, 0.0 ], [ 116.241311060000044, -8.915951886999949, 0.0 ], [ 116.241214531000082, -8.915918977999979, 0.0 ], [ 116.241214190000051, -8.915918862999945, 0.0 ], [ 116.241073310000047, -8.915870832999929, 0.0 ], [ 116.240899087000116, -8.915922075999958, 0.0 ], [ 116.240746283000021, -8.916073931999961, 0.0 ], [ 116.240693075000081, -8.916221297999925, 0.0 ], [ 116.240632535000032, -8.916270144999942, 0.0 ], [ 116.24048253400008, -8.916425324999977, 0.0 ], [ 116.24047882800005, -8.91642916099994, 0.0 ], [ 116.240127788000109, -8.916932547999977, 0.0 ], [ 116.240136075, -8.916990129999931, 0.0 ], [ 116.240178042000025, -8.917011038999931, 0.0 ], [ 116.240255628000114, -8.917049694999946, 0.0 ], [ 116.240320268, -8.917104545999962, 0.0 ], [ 116.240320476000079, -8.917104716999972, 0.0 ], [ 116.240365519000079, -8.917142936999937, 0.0 ], [ 116.24035824200007, -8.917342099999928, 0.0 ], [ 116.24030962900008, -8.917355456999928, 0.0 ], [ 116.240240989000085, -8.917374329999973, 0.0 ], [ 116.240208284, -8.917369463999933, 0.0 ], [ 116.240102818000082, -8.917353793999951, 0.0 ], [ 116.239989603000026, -8.917324016999942, 0.0 ], [ 116.239989049000087, -8.917323993999958, 0.0 ], [ 116.239953547000027, -8.917322529999979, 0.0 ], [ 116.239952774000017, -8.917322497999976, 0.0 ], [ 116.239951578000046, -8.917322448999926, 0.0 ], [ 116.239950770000064, -8.917322415999934, 0.0 ], [ 116.239950338000085, -8.917322397999953, 0.0 ], [ 116.239623523000091, -8.917308928999944, 0.0 ], [ 116.239394069000014, -8.917286954999952, 0.0 ], [ 116.239393419000066, -8.917287081999973, 0.0 ], [ 116.239246673000025, -8.917315729999927, 0.0 ], [ 116.239245608000033, -8.917315938999934, 0.0 ], [ 116.239189064000016, -8.917326977999949, 0.0 ], [ 116.238986944000089, -8.917376773999933, 0.0 ], [ 116.238985072000105, -8.917377234999947, 0.0 ], [ 116.238976492, -8.917316686999925, 0.0 ], [ 116.238975248000088, -8.91730791699996, 0.0 ], [ 116.2389866420001, -8.917270919999964, 0.0 ], [ 116.239029963, -8.917130259999965, 0.0 ], [ 116.239129572000024, -8.916883737999967, 0.0 ], [ 116.239097784000023, -8.916768048999927, 0.0 ], [ 116.239001509000104, -8.916759357999979, 0.0 ], [ 116.239000203000046, -8.916759239999976, 0.0 ], [ 116.238899599000092, -8.916841772999931, 0.0 ], [ 116.238834257, -8.916889230999971, 0.0 ], [ 116.238776605000112, -8.916931099999942, 0.0 ], [ 116.238726448000079, -8.916933815999926, 0.0 ], [ 116.238726187000111, -8.916933830999938, 0.0 ], [ 116.238542751000068, -8.916943764999928, 0.0 ], [ 116.238542309000081, -8.916943788999959, 0.0 ], [ 116.238497502000087, -8.916933692999976, 0.0 ], [ 116.238496767000015, -8.916933528999948, 0.0 ], [ 116.238364567000076, -8.916903735999938, 0.0 ], [ 116.23827282000002, -8.916809047999948, 0.0 ], [ 116.238282572000116, -8.916760953999926, 0.0 ], [ 116.238289445000078, -8.91672706199995, 0.0 ], [ 116.238332876000072, -8.916681577999952, 0.0 ], [ 116.238372423000101, -8.91664015899994, 0.0 ], [ 116.238607648000084, -8.91644439199996, 0.0 ], [ 116.238627621000091, -8.916347094999935, 0.0 ], [ 116.238632597000105, -8.916322849999972, 0.0 ], [ 116.238615193000101, -8.916297196999949, 0.0 ], [ 116.238593529000013, -8.91626526899995, 0.0 ], [ 116.238593179000077, -8.916265307999936, 0.0 ], [ 116.238533828000072, -8.916271851999966, 0.0 ], [ 116.23849645100006, -8.916275967999979, 0.0 ], [ 116.238342646000092, -8.916358018999972, 0.0 ], [ 116.238252911000018, -8.916407567999954, 0.0 ], [ 116.238252661000047, -8.916407705999973, 0.0 ], [ 116.238043889000096, -8.916522984999972, 0.0 ], [ 116.238043279000067, -8.916522850999968, 0.0 ], [ 116.237930903, -8.916498089999948, 0.0 ], [ 116.23793038000008, -8.916497973999981, 0.0 ], [ 116.237862303000043, -8.916482975999941, 0.0 ], [ 116.237733480000088, -8.916374085999962, 0.0 ], [ 116.237609939000095, -8.91625499099996, 0.0 ], [ 116.237597319000088, -8.916250670999943, 0.0 ], [ 116.237448829000073, -8.916199853999956, 0.0 ], [ 116.237336570000025, -8.916127070999949, 0.0 ], [ 116.237282683000103, -8.916092134999928, 0.0 ], [ 116.237282403000108, -8.916091952999977, 0.0 ], [ 116.237122278000015, -8.916160800999933, 0.0 ], [ 116.236900186000071, -8.916326782999931, 0.0 ], [ 116.236764126000025, -8.916399923999961, 0.0 ], [ 116.236634169000013, -8.916377050999927, 0.0 ], [ 116.236457898000026, -8.916270117999943, 0.0 ], [ 116.236341721000031, -8.916196904999936, 0.0 ], [ 116.236038098000108, -8.916005564999978, 0.0 ], [ 116.235503062000021, -8.915804952999963, 0.0 ], [ 116.235501964000036, -8.91580503299997, 0.0 ], [ 116.235479241, -8.915806515999975, 0.0 ], [ 116.235478954000087, -8.915806534999945, 0.0 ], [ 116.235478102000116, -8.915806590999978, 0.0 ], [ 116.235242888000016, -8.91582202799998, 0.0 ], [ 116.23523607300001, -8.915922102999957, 0.0 ], [ 116.235215804000063, -8.915966570999956, 0.0 ], [ 116.235192691000066, -8.916017261999968, 0.0 ], [ 116.235163661000115, -8.916028493999931, 0.0 ], [ 116.23509940800011, -8.916053371999965, 0.0 ], [ 116.234940956000059, -8.91603317199997, 0.0 ], [ 116.234940700000038, -8.916033138999978, 0.0 ], [ 116.234892908, -8.916027048999979, 0.0 ], [ 116.23474791600006, -8.915933783999947, 0.0 ], [ 116.234366179000062, -8.915636056999972, 0.0 ], [ 116.234099164000099, -8.915455905999977, 0.0 ], [ 116.233816532000105, -8.915143978999936, 0.0 ], [ 116.233762806000072, -8.915020965999929, 0.0 ], [ 116.23354319300006, -8.914403445999938, 0.0 ], [ 116.233488490000013, -8.914332564999938, 0.0 ], [ 116.233488197000042, -8.914332184999978, 0.0 ], [ 116.233214672000031, -8.913977797999962, 0.0 ], [ 116.233183893000046, -8.913723984999933, 0.0 ], [ 116.233184817000051, -8.913619949999941, 0.0 ], [ 116.233186399000033, -8.913441811999974, 0.0 ], [ 116.233246694000059, -8.913347208999937, 0.0 ], [ 116.233290305000082, -8.913278785999978, 0.0 ], [ 116.233687184000019, -8.912757950999946, 0.0 ], [ 116.233679147000089, -8.912712684999974, 0.0 ], [ 116.233667239000056, -8.912645649999945, 0.0 ], [ 116.233620616000053, -8.91257933199995, 0.0 ], [ 116.233620442000074, -8.912579090999941, 0.0 ], [ 116.233564638000075, -8.912499706999938, 0.0 ], [ 116.233489009000095, -8.912333239999953, 0.0 ], [ 116.233446290000074, -8.912008897999954, 0.0 ], [ 116.233436804, -8.91193687699996, 0.0 ], [ 116.233451926000043, -8.911402849999945, 0.0 ], [ 116.233452764000049, -8.911389175999943, 0.0 ], [ 116.233465575000082, -8.911180261999959, 0.0 ], [ 116.233490968000069, -8.911056412999926, 0.0 ], [ 116.233506107000039, -8.910982556999954, 0.0 ], [ 116.233567059000052, -8.910889428999951, 0.0 ], [ 116.23356729000011, -8.910889069999939, 0.0 ], [ 116.233648597000069, -8.910764846999939, 0.0 ], [ 116.234006884000109, -8.910388982999962, 0.0 ], [ 116.234067928000059, -8.90999795099998, 0.0 ], [ 116.233999586000095, -8.909419043999947, 0.0 ], [ 116.233954672000095, -8.909362891999933, 0.0 ], [ 116.233911318000082, -8.90930869999994, 0.0 ], [ 116.233761667000067, -8.909182767999937, 0.0 ], [ 116.233571957000095, -8.909023125999965, 0.0 ], [ 116.23354169400011, -8.908885984999927, 0.0 ], [ 116.233550015000105, -8.908225037999955, 0.0 ], [ 116.233579011000074, -8.908115004999956, 0.0 ], [ 116.233636982, -8.90789502399997, 0.0 ], [ 116.233735065000019, -8.907529925999938, 0.0 ], [ 116.23375068200005, -8.907276059999958, 0.0 ], [ 116.233697009000025, -8.907005671999968, 0.0 ], [ 116.2335749450001, -8.906802069999969, 0.0 ], [ 116.233508194000024, -8.906751522999969, 0.0 ], [ 116.233435776000078, -8.906696684999929, 0.0 ], [ 116.233328516000029, -8.906672860999947, 0.0 ], [ 116.233327632000055, -8.90667265999997, 0.0 ], [ 116.233292809000091, -8.906664929999977, 0.0 ], [ 116.233101736000094, -8.906639925999968, 0.0 ], [ 116.233100997000065, -8.906639829999961, 0.0 ], [ 116.233100298000068, -8.906639737999967, 0.0 ], [ 116.232986862000075, -8.906624893999947, 0.0 ], [ 116.232955619000109, -8.906592042999932, 0.0 ], [ 116.232955394000101, -8.906591807999973, 0.0 ], [ 116.232955193000066, -8.906591596999931, 0.0 ], [ 116.232863700000053, -8.906495065999934, 0.0 ], [ 116.232801625000093, -8.906361035999964, 0.0 ], [ 116.232780724, -8.906315904999929, 0.0 ], [ 116.232785197000112, -8.906285928999978, 0.0 ], [ 116.232785235000051, -8.90628566099997, 0.0 ], [ 116.232809494000094, -8.906123084999933, 0.0 ], [ 116.23291370600009, -8.905997156999945, 0.0 ], [ 116.232933525000021, -8.905973210999946, 0.0 ], [ 116.233053770000083, -8.905904157999942, 0.0 ], [ 116.233054185000015, -8.905903919999957, 0.0 ], [ 116.233101007000073, -8.905877013999941, 0.0 ], [ 116.233670035000046, -8.905569021999952, 0.0 ], [ 116.233793687000116, -8.905390532999945, 0.0 ], [ 116.233794332000116, -8.90538341599995, 0.0 ], [ 116.233805980000056, -8.905254982999963, 0.0 ], [ 116.233733268000037, -8.904381869999952, 0.0 ], [ 116.233725275000097, -8.90427105699996, 0.0 ], [ 116.233827079000093, -8.904265395999971, 0.0 ], [ 116.233964198000081, -8.904013163999934, 0.0 ], [ 116.2338618120001, -8.903762938999932, 0.0 ], [ 116.233756331000109, -8.903571282999962, 0.0 ], [ 116.233766286000105, -8.903413365999938, 0.0 ], [ 116.233675353000081, -8.903169092999974, 0.0 ], [ 116.233555355000021, -8.903015693999976, 0.0 ], [ 116.233517751000022, -8.90276449199996, 0.0 ], [ 116.233439609000015, -8.902332454999964, 0.0 ], [ 116.233317380000017, -8.901659883999969, 0.0 ], [ 116.233086509000032, -8.901073908999933, 0.0 ], [ 116.232936142000085, -8.900692255999957, 0.0 ], [ 116.232923487000107, -8.900333600999943, 0.0 ], [ 116.232892343000117, -8.899450917999957, 0.0 ], [ 116.232317077000062, -8.898671797999953, 0.0 ], [ 116.232083014000068, -8.898354791999964, 0.0 ], [ 116.23207224500004, -8.898319944999969, 0.0 ], [ 116.23183576100007, -8.897554759999935, 0.0 ], [ 116.231892334, -8.896679834999929, 0.0 ], [ 116.232291642000064, -8.896655695999925, 0.0 ], [ 116.23265118900008, -8.896533211999952, 0.0 ], [ 116.2330619600001, -8.896393277999948, 0.0 ], [ 116.233602805000032, -8.896804943999939, 0.0 ], [ 116.233785296000065, -8.896943848999967, 0.0 ], [ 116.234596273000079, -8.897161224999934, 0.0 ], [ 116.235073484000054, -8.897374475999982, 0.0 ], [ 116.235067282000045, -8.898346370999946, 0.0 ], [ 116.2356320130001, -8.899554229999978, 0.0 ], [ 116.235568735000015, -8.900419826999951, 0.0 ], [ 116.23571374800008, -8.902502409999954, 0.0 ], [ 116.23656939600005, -8.903157891999967, 0.0 ], [ 116.237035940000055, -8.903167350999979, 0.0 ], [ 116.237696409000023, -8.903386762999958, 0.0 ], [ 116.237728867000101, -8.903484256999946, 0.0 ], [ 116.237956542, -8.904168096999967, 0.0 ], [ 116.238870355000017, -8.904362791999972, 0.0 ], [ 116.239321244000053, -8.904533560999937, 0.0 ], [ 116.239412259, -8.904568031999929, 0.0 ], [ 116.240044457000067, -8.904869866999945, 0.0 ], [ 116.240719718000037, -8.905371579999951, 0.0 ], [ 116.240771374000019, -8.905855757999973, 0.0 ], [ 116.240772480000032, -8.905866125999978, 0.0 ], [ 116.240773586000046, -8.905876493999926, 0.0 ], [ 116.240824289000102, -8.906351751999978, 0.0 ], [ 116.240945294000085, -8.906948474999979, 0.0 ], [ 116.241195105000088, -8.907529523999926, 0.0 ], [ 116.241471008000076, -8.908171261999939, 0.0 ] ] ], [ [ [ 116.166614988000106, -8.895553968999934, 0.0 ], [ 116.166684023000016, -8.895794704999958, 0.0 ], [ 116.166740009000023, -8.895989933999942, 0.0 ], [ 116.166920330000039, -8.896622106999928, 0.0 ], [ 116.1669196900001, -8.896623245999933, 0.0 ], [ 116.166559006000057, -8.897265010999945, 0.0 ], [ 116.165809981000052, -8.897184016999972, 0.0 ], [ 116.165685389000032, -8.897211585999969, 0.0 ], [ 116.165217992000066, -8.897315006999975, 0.0 ], [ 116.164644999000075, -8.897572025999978, 0.0 ], [ 116.163681840000095, -8.897907878999945, 0.0 ], [ 116.163091144000077, -8.898113853999973, 0.0 ], [ 116.162910183, -8.898276060999933, 0.0 ], [ 116.162758031000067, -8.898276029999977, 0.0 ], [ 116.162622998000074, -8.898275195999929, 0.0 ], [ 116.162622644000066, -8.89827519399995, 0.0 ], [ 116.162430394000012, -8.898310832999925, 0.0 ], [ 116.162391872000057, -8.89831617599998, 0.0 ], [ 116.162344974, -8.898322680999968, 0.0 ], [ 116.162344283000039, -8.89832277499994, 0.0 ], [ 116.162343818000068, -8.898322838999945, 0.0 ], [ 116.162314086000038, -8.898326917999952, 0.0 ], [ 116.162248413000043, -8.898301767999953, 0.0 ], [ 116.16220196800009, -8.898283982999942, 0.0 ], [ 116.162117482000099, -8.898176109999952, 0.0 ], [ 116.16205598800002, -8.897953014999928, 0.0 ], [ 116.16205736500001, -8.897946307999973, 0.0 ], [ 116.162093571000014, -8.897769947999961, 0.0 ], [ 116.162155625000082, -8.897701996999956, 0.0 ], [ 116.16218584100011, -8.897668910999926, 0.0 ], [ 116.162384022000083, -8.897465840999928, 0.0 ], [ 116.162394068000026, -8.897455535999939, 0.0 ], [ 116.162459674000047, -8.897388246999981, 0.0 ], [ 116.162611460000107, -8.897151000999941, 0.0 ], [ 116.162727710000013, -8.896845758999973, 0.0 ], [ 116.162781386, -8.896704817999932, 0.0 ], [ 116.162772511000071, -8.896622012999956, 0.0 ], [ 116.162748629000021, -8.896399239999937, 0.0 ], [ 116.162694063000117, -8.896293139999955, 0.0 ], [ 116.162644713000077, -8.896197174999941, 0.0 ], [ 116.162611607000031, -8.896153518999938, 0.0 ], [ 116.162492116000067, -8.895995933999927, 0.0 ], [ 116.162383007000017, -8.895852046999948, 0.0 ], [ 116.16222683400008, -8.895792470999936, 0.0 ], [ 116.162162880000096, -8.895768073999932, 0.0 ], [ 116.161758705000011, -8.895710000999941, 0.0 ], [ 116.161758431000067, -8.895710003999966, 0.0 ], [ 116.161754662000021, -8.895710046999966, 0.0 ], [ 116.161139159000072, -8.895716913999934, 0.0 ], [ 116.161110234000034, -8.895748751999975, 0.0 ], [ 116.161066080000069, -8.895797348999963, 0.0 ], [ 116.161041647000047, -8.895915994999939, 0.0 ], [ 116.161032606000049, -8.895953677999955, 0.0 ], [ 116.16099374800001, -8.896115649999956, 0.0 ], [ 116.160992092000015, -8.896115649999956, 0.0 ], [ 116.160858071, -8.896115633999955, 0.0 ], [ 116.16078772000003, -8.896035066999957, 0.0 ], [ 116.160740621000059, -8.895928788999981, 0.0 ], [ 116.160699479000073, -8.89583595299996, 0.0 ], [ 116.160675311000091, -8.895749103999947, 0.0 ], [ 116.160650572, -8.895660207999981, 0.0 ], [ 116.160609550000117, -8.895655069999975, 0.0 ], [ 116.160552995000103, -8.895647979999978, 0.0 ], [ 116.160551893000047, -8.895648594999955, 0.0 ], [ 116.160440249000089, -8.895710011999938, 0.0 ], [ 116.160359422000056, -8.895817884999929, 0.0 ], [ 116.160354297000026, -8.89582472099994, 0.0 ], [ 116.160334044000024, -8.895878111999934, 0.0 ], [ 116.160333926000021, -8.895878424999978, 0.0 ], [ 116.16018839100002, -8.896262100999934, 0.0 ], [ 116.160134698000093, -8.896483702999944, 0.0 ], [ 116.16015668600005, -8.89669848099993, 0.0 ], [ 116.160163435000072, -8.896764386999962, 0.0 ], [ 116.160136007, -8.89677605199995, 0.0 ], [ 116.160105909000094, -8.896788851999929, 0.0 ], [ 116.160104919000105, -8.896789272999968, 0.0 ], [ 116.159986230000072, -8.896771196999964, 0.0 ], [ 116.159864646000074, -8.896752678999974, 0.0 ], [ 116.159683111000049, -8.896621881999977, 0.0 ], [ 116.159560081000109, -8.896431935999942, 0.0 ], [ 116.159519463000038, -8.896297727999979, 0.0 ], [ 116.159500544000025, -8.89623521599998, 0.0 ], [ 116.159463469000116, -8.896038046999934, 0.0 ], [ 116.159465456000021, -8.895962193999935, 0.0 ], [ 116.159467816000074, -8.895872078999957, 0.0 ], [ 116.159514195000042, -8.895755889999975, 0.0 ], [ 116.159591835000015, -8.895743188999973, 0.0 ], [ 116.159827613000061, -8.895708046999971, 0.0 ], [ 116.160050168000112, -8.895626421999964, 0.0 ], [ 116.16005055100004, -8.895626281999967, 0.0 ], [ 116.160050843000022, -8.895626174999961, 0.0 ], [ 116.160051099000043, -8.895626081999978, 0.0 ], [ 116.160095054000067, -8.895609960999934, 0.0 ], [ 116.160150454000018, -8.89550626099998, 0.0 ], [ 116.160163932000046, -8.89548104499994, 0.0 ], [ 116.160180549000074, -8.895350224999959, 0.0 ], [ 116.160134674, -8.895155975999955, 0.0 ], [ 116.160081840000089, -8.895036428999958, 0.0 ], [ 116.160064336, -8.894996821999939, 0.0 ], [ 116.160020366000026, -8.894981664999932, 0.0 ], [ 116.159935495000013, -8.894952410999963, 0.0 ], [ 116.159695648000024, -8.89487687999997, 0.0 ], [ 116.159520017000091, -8.894821966999928, 0.0 ], [ 116.159475974000088, -8.894766979999929, 0.0 ], [ 116.159419545000105, -8.894703728999957, 0.0 ], [ 116.15930306700011, -8.894691630999944, 0.0 ], [ 116.159302290000028, -8.894688170999927, 0.0 ], [ 116.159158322000053, -8.894047346999969, 0.0 ], [ 116.159120956000038, -8.89387299599997, 0.0 ], [ 116.159954018, -8.893309973999976, 0.0 ], [ 116.160723556000107, -8.893202070999962, 0.0 ], [ 116.161600090000093, -8.893079163999971, 0.0 ], [ 116.162813978000031, -8.892655005999927, 0.0 ], [ 116.163430964000099, -8.891924985999935, 0.0 ], [ 116.164178014000072, -8.89174903299994, 0.0 ], [ 116.164384437000081, -8.891649911999934, 0.0 ], [ 116.164779991000046, -8.89145997299994, 0.0 ], [ 116.165370991000032, -8.890796997999928, 0.0 ], [ 116.166002044000038, -8.890519034999954, 0.0 ], [ 116.166588975000082, -8.89173498699995, 0.0 ], [ 116.166539363000084, -8.892237984999952, 0.0 ], [ 116.166479979000087, -8.892840037999974, 0.0 ], [ 116.166399962000014, -8.893156044999955, 0.0 ], [ 116.166371437000066, -8.89388687099995, 0.0 ], [ 116.166359994000118, -8.894180032999941, 0.0 ], [ 116.166506644000037, -8.894850915999939, 0.0 ], [ 116.166554963000067, -8.895071958999949, 0.0 ], [ 116.166614988000106, -8.895553968999934, 0.0 ] ] ], [ [ [ 116.263706092, -8.886697072999937, 0.0 ], [ 116.263905727000065, -8.887648759999934, 0.0 ], [ 116.26404858300009, -8.887725562999947, 0.0 ], [ 116.264525400000025, -8.887981912999976, 0.0 ], [ 116.265177519000076, -8.88837174799994, 0.0 ], [ 116.265561869000067, -8.888318599999934, 0.0 ], [ 116.266416052000068, -8.888260859999946, 0.0 ], [ 116.266658826000025, -8.888926283999979, 0.0 ], [ 116.267306733000055, -8.889606342999969, 0.0 ], [ 116.267911883000011, -8.889928880999946, 0.0 ], [ 116.268458672000065, -8.890466831999959, 0.0 ], [ 116.268900989000031, -8.89103985099996, 0.0 ], [ 116.269458216000089, -8.891703672999938, 0.0 ], [ 116.269584738000049, -8.891854397999964, 0.0 ], [ 116.269736357000056, -8.89203501999998, 0.0 ], [ 116.269761843000083, -8.892292591999933, 0.0 ], [ 116.269780315000048, -8.892479277999939, 0.0 ], [ 116.269871200000011, -8.892487531999961, 0.0 ], [ 116.270074473000022, -8.892505992999929, 0.0 ], [ 116.270584753000094, -8.89247009099995, 0.0 ], [ 116.2710847190001, -8.892453703999934, 0.0 ], [ 116.271416598000087, -8.892860176999932, 0.0 ], [ 116.272282711000116, -8.893812710999953, 0.0 ], [ 116.273077907000015, -8.894388313999968, 0.0 ], [ 116.273682663000045, -8.895009308999931, 0.0 ], [ 116.273962539000081, -8.895647020999945, 0.0 ], [ 116.274084392000077, -8.895924665999928, 0.0 ], [ 116.274339476000023, -8.896245615999931, 0.0 ], [ 116.274738684000113, -8.89674789999998, 0.0 ], [ 116.274783079000031, -8.897094798999944, 0.0 ], [ 116.275415664000093, -8.89786055999997, 0.0 ], [ 116.275441973000056, -8.898061968999968, 0.0 ], [ 116.275569315000098, -8.898330437999959, 0.0 ], [ 116.275635387000079, -8.898470937999946, 0.0 ], [ 116.275713023000094, -8.898653010999965, 0.0 ], [ 116.275826242000107, -8.898792134999951, 0.0 ], [ 116.276009304000013, -8.899007902999927, 0.0 ], [ 116.276155291, -8.899336913999946, 0.0 ], [ 116.276162591000116, -8.899637096999982, 0.0 ], [ 116.276101078000011, -8.899811922999959, 0.0 ], [ 116.276100015000111, -8.899814885999945, 0.0 ], [ 116.275841405000051, -8.900332214999935, 0.0 ], [ 116.275788839000029, -8.900446454999951, 0.0 ], [ 116.275717851000081, -8.900600729999951, 0.0 ], [ 116.275627410000084, -8.900774259999935, 0.0 ], [ 116.275460652000106, -8.901094216999979, 0.0 ], [ 116.275379792000081, -8.901268865999953, 0.0 ], [ 116.275320977000092, -8.90139590299998, 0.0 ], [ 116.275176492000014, -8.901825939999981, 0.0 ], [ 116.275159676000044, -8.901926598999978, 0.0 ], [ 116.275102364000077, -8.902269684999965, 0.0 ], [ 116.275039846000027, -8.902478088999942, 0.0 ], [ 116.27491047, -8.902687051999976, 0.0 ], [ 116.274444792000054, -8.903205926999931, 0.0 ], [ 116.274402885000086, -8.903300632999958, 0.0 ], [ 116.274360330000036, -8.903396801999975, 0.0 ], [ 116.274305620000064, -8.903707266999959, 0.0 ], [ 116.274359806, -8.90392983199996, 0.0 ], [ 116.274398550000114, -8.904035716999942, 0.0 ], [ 116.274398648000101, -8.904035979999946, 0.0 ], [ 116.274484856000072, -8.904271569999935, 0.0 ], [ 116.274566840000034, -8.904489761999969, 0.0 ], [ 116.274750875000109, -8.905052102999946, 0.0 ], [ 116.274727940000048, -8.905293250999932, 0.0 ], [ 116.274559509000028, -8.905882925999947, 0.0 ], [ 116.274772830000074, -8.906516053999951, 0.0 ], [ 116.274827517000062, -8.906662, 0.0 ], [ 116.2751606920001, -8.907281576999935, 0.0 ], [ 116.275192127000082, -8.907340034999947, 0.0 ], [ 116.27520210900002, -8.907356033999974, 0.0 ], [ 116.275331288000075, -8.907563108999966, 0.0 ], [ 116.275514356000031, -8.907838896999976, 0.0 ], [ 116.275597301000062, -8.908109807999949, 0.0 ], [ 116.27558900300005, -8.908559888999946, 0.0 ], [ 116.27554511400001, -8.909816878999948, 0.0 ], [ 116.275568816000032, -8.909915916999978, 0.0 ], [ 116.275587512000016, -8.909994044999962, 0.0 ], [ 116.275702233000061, -8.91016979799997, 0.0 ], [ 116.275824206000038, -8.910180966999974, 0.0 ], [ 116.275824750000083, -8.910181016999957, 0.0 ], [ 116.276160602000118, -8.910165383999981, 0.0 ], [ 116.276222126000107, -8.910139041999969, 0.0 ], [ 116.27634996900008, -8.910067775999948, 0.0 ], [ 116.276392792000024, -8.910052919999941, 0.0 ], [ 116.276393321000114, -8.910052740999959, 0.0 ], [ 116.276468203000036, -8.910026759999937, 0.0 ], [ 116.276469571, -8.910027123999953, 0.0 ], [ 116.276528701000075, -8.910042887999964, 0.0 ], [ 116.27658090500006, -8.910183948999929, 0.0 ], [ 116.276582004000034, -8.910195159999944, 0.0 ], [ 116.27660185700006, -8.91039774199993, 0.0 ], [ 116.276639943000077, -8.910553012999969, 0.0 ], [ 116.276603694000073, -8.910685158999968, 0.0 ], [ 116.27658920600004, -8.910737970999946, 0.0 ], [ 116.276550653000072, -8.910905413999956, 0.0 ], [ 116.276611677, -8.910996710999939, 0.0 ], [ 116.276664580000102, -8.911054387999968, 0.0 ], [ 116.277174753000054, -8.91161058199998, 0.0 ], [ 116.277174946000059, -8.911610792999966, 0.0 ], [ 116.277191957000014, -8.911601771999926, 0.0 ], [ 116.277192221000064, -8.911601636999933, 0.0 ], [ 116.27721451900004, -8.911589803999959, 0.0 ], [ 116.27726567600007, -8.911561563999953, 0.0 ], [ 116.27726601400002, -8.911561374999962, 0.0 ], [ 116.277364835000071, -8.911506826999926, 0.0 ], [ 116.277394706000109, -8.91148323699997, 0.0 ], [ 116.277394991000051, -8.91148302299996, 0.0 ], [ 116.277437162000069, -8.911449709999943, 0.0 ], [ 116.277459579000038, -8.911433774999978, 0.0 ], [ 116.277477890000114, -8.911420757999963, 0.0 ], [ 116.277479027000027, -8.911419949999981, 0.0 ], [ 116.277533099000038, -8.911463531999971, 0.0 ], [ 116.277533313000049, -8.911463698999967, 0.0 ], [ 116.277534738000099, -8.911464846999934, 0.0 ], [ 116.277550381000083, -8.911566337999943, 0.0 ], [ 116.277512306000062, -8.911778243999947, 0.0 ], [ 116.277389761000109, -8.912101853999957, 0.0 ], [ 116.277288676000012, -8.912070141999948, 0.0 ], [ 116.277205039000023, -8.912021833999972, 0.0 ], [ 116.277108650000059, -8.911966157999927, 0.0 ], [ 116.277066534000028, -8.911973402999934, 0.0 ], [ 116.277066168000033, -8.911973465999949, 0.0 ], [ 116.2768938050001, -8.912003238999944, 0.0 ], [ 116.276879242000064, -8.91200529799994, 0.0 ], [ 116.276855747000013, -8.912008612999955, 0.0 ], [ 116.27666427500003, -8.911966633999953, 0.0 ], [ 116.276663897000049, -8.911966549999931, 0.0 ], [ 116.276588727000103, -8.911950069999932, 0.0 ], [ 116.276412960000016, -8.911922231999938, 0.0 ], [ 116.276080546000117, -8.911898424999947, 0.0 ], [ 116.276079146000029, -8.911898324999981, 0.0 ], [ 116.27601341400009, -8.911954908999974, 0.0 ], [ 116.27593063300003, -8.912026182999966, 0.0 ], [ 116.275877952000087, -8.912139928999977, 0.0 ], [ 116.275916024000026, -8.91234693499996, 0.0 ], [ 116.276052677000052, -8.912528005999945, 0.0 ], [ 116.276373904000025, -8.91299322499998, 0.0 ], [ 116.276359279000076, -8.913089891999959, 0.0 ], [ 116.276359016000015, -8.913089946999946, 0.0 ], [ 116.276276522000103, -8.913107058999969, 0.0 ], [ 116.27626797500011, -8.913108823999949, 0.0 ], [ 116.276267515000086, -8.913108919999956, 0.0 ], [ 116.276154597000072, -8.91307999199995, 0.0 ], [ 116.276154083000051, -8.913079857999946, 0.0 ], [ 116.276048390000028, -8.913052775999972, 0.0 ], [ 116.275626763000105, -8.912959373999968, 0.0 ], [ 116.275625965000017, -8.912959196999964, 0.0 ], [ 116.275435701000106, -8.91291704899993, 0.0 ], [ 116.274909489000038, -8.912626155999931, 0.0 ], [ 116.274886968000033, -8.912593452999943, 0.0 ], [ 116.274819721000085, -8.91249580899995, 0.0 ], [ 116.274781650000023, -8.91144970299996, 0.0 ], [ 116.27474390000009, -8.911429862999967, 0.0 ], [ 116.274743581000052, -8.911429695999971, 0.0 ], [ 116.274681390000069, -8.911421802999939, 0.0 ], [ 116.274680308000029, -8.911421662999942, 0.0 ], [ 116.274628326000084, -8.91141506799994, 0.0 ], [ 116.274576819000117, -8.911387551999951, 0.0 ], [ 116.274576426000067, -8.91138734499998, 0.0 ], [ 116.274536054, -8.911365777999947, 0.0 ], [ 116.274550716000022, -8.91128176899997, 0.0 ], [ 116.274573136000072, -8.911132901999963, 0.0 ], [ 116.274496978000116, -8.910933746999945, 0.0 ], [ 116.27442221900003, -8.910901625999941, 0.0 ], [ 116.274414038000032, -8.910898110999938, 0.0 ], [ 116.274367125000026, -8.910951807999936, 0.0 ], [ 116.274262813000064, -8.911106511999947, 0.0 ], [ 116.274186141000087, -8.911220223999976, 0.0 ], [ 116.274117478000107, -8.911230227999965, 0.0 ], [ 116.274078194000026, -8.911235916999942, 0.0 ], [ 116.274009668000076, -8.911219464999931, 0.0 ], [ 116.274009160000105, -8.911219341999981, 0.0 ], [ 116.27392002900001, -8.911197942999934, 0.0 ], [ 116.273919566000018, -8.911197831999971, 0.0 ], [ 116.273841957000059, -8.911193540999932, 0.0 ], [ 116.273840868000093, -8.911193478999962, 0.0 ], [ 116.27368965200003, -8.911185119999971, 0.0 ], [ 116.273529525000072, -8.911132923999958, 0.0 ], [ 116.273501294000084, -8.911103848999971, 0.0 ], [ 116.273351786000035, -8.910949861999939, 0.0 ], [ 116.273258348000013, -8.910846953999965, 0.0 ], [ 116.27325711900005, -8.91084647699995, 0.0 ], [ 116.272808127000076, -8.910672039999952, 0.0 ], [ 116.272756750000099, -8.910652079999977, 0.0 ], [ 116.272660216000077, -8.910579415999962, 0.0 ], [ 116.272561564000057, -8.910505155999942, 0.0 ], [ 116.272294541000065, -8.910310876999972, 0.0 ], [ 116.271905004000018, -8.90999211899998, 0.0 ], [ 116.271790773000021, -8.909751443999937, 0.0 ], [ 116.271675562000041, -8.909426826999947, 0.0 ], [ 116.27165058300011, -8.909406837999938, 0.0 ], [ 116.271528566000029, -8.90930919799996, 0.0 ], [ 116.271527157000037, -8.909309149999956, 0.0 ], [ 116.271423884000114, -8.909305658999926, 0.0 ], [ 116.271423586000083, -8.909305649999965, 0.0 ], [ 116.271340225000017, -8.909302830999934, 0.0 ], [ 116.270692476000022, -8.909340942999961, 0.0 ], [ 116.270561938000014, -8.909408929999927, 0.0 ], [ 116.270483468000066, -8.909449798999958, 0.0 ], [ 116.270125175000089, -8.909659708999925, 0.0 ], [ 116.269865999000103, -8.909770469999955, 0.0 ], [ 116.269775824000021, -8.909809006999978, 0.0 ], [ 116.26957751100008, -8.909754858999975, 0.0 ], [ 116.269425227000056, -8.909629905999964, 0.0 ], [ 116.269334636000053, -8.909578421999981, 0.0 ], [ 116.2692792470001, -8.909546945999978, 0.0 ], [ 116.268945374000054, -8.90953374999998, 0.0 ], [ 116.268912355000111, -8.909573920999946, 0.0 ], [ 116.26888921300008, -8.909602072999974, 0.0 ], [ 116.26877446900005, -8.909935053999959, 0.0 ], [ 116.268617382000116, -8.910390909999933, 0.0 ], [ 116.268501294000089, -8.910414701999969, 0.0 ], [ 116.268500664000044, -8.910414828999933, 0.0 ], [ 116.268327452000108, -8.91039391299995, 0.0 ], [ 116.268149169000026, -8.910372381999935, 0.0 ], [ 116.268148917000076, -8.91037214499994, 0.0 ], [ 116.268011479000052, -8.910243024999943, 0.0 ], [ 116.267955317000087, -8.910129895999944, 0.0 ], [ 116.267937821000032, -8.910094654999966, 0.0 ], [ 116.267938395000101, -8.910069172999954, 0.0 ], [ 116.267943154000022, -8.909857878999958, 0.0 ], [ 116.267990998000073, -8.909688561999928, 0.0 ], [ 116.268013497000084, -8.909608935999927, 0.0 ], [ 116.2680151510001, -8.909551252999961, 0.0 ], [ 116.268017249000081, -8.909478083999943, 0.0 ], [ 116.268019321000111, -8.909405869999944, 0.0 ], [ 116.267958295000085, -8.909241820999966, 0.0 ], [ 116.267830641000046, -8.909113287999958, 0.0 ], [ 116.267830451, -8.909113094999952, 0.0 ], [ 116.267740177000064, -8.909022200999971, 0.0 ], [ 116.267739660000075, -8.909021680999956, 0.0 ], [ 116.267642401000103, -8.909047749999957, 0.0 ], [ 116.267584885000019, -8.909063164999964, 0.0 ], [ 116.267516584000077, -8.909116110999946, 0.0 ], [ 116.267441912000095, -8.909173993999957, 0.0 ], [ 116.267204287000027, -8.909363373999952, 0.0 ], [ 116.267027881000104, -8.909503963999953, 0.0 ], [ 116.267027217000077, -8.909503798999935, 0.0 ], [ 116.266943465000054, -8.909482986999933, 0.0 ], [ 116.266776505000053, -8.909342883999955, 0.0 ], [ 116.266603878000069, -8.909106272999963, 0.0 ], [ 116.26657101100011, -8.909061224999959, 0.0 ], [ 116.266298191000033, -8.908696061999933, 0.0 ], [ 116.266188813000099, -8.908688254999959, 0.0 ], [ 116.265982276000045, -8.908725859999947, 0.0 ], [ 116.265593248000073, -8.908886952999978, 0.0 ], [ 116.265592252000033, -8.908886898999981, 0.0 ], [ 116.265257882000014, -8.908868874999939, 0.0 ], [ 116.2651801290001, -8.908856487999969, 0.0 ], [ 116.265015818000052, -8.908830311999964, 0.0 ], [ 116.264902097000117, -8.90870681499996, 0.0 ], [ 116.264610637000033, -8.908517923999966, 0.0 ], [ 116.264610295000011, -8.908517826999969, 0.0 ], [ 116.264548115000025, -8.908499854999945, 0.0 ], [ 116.264547843000059, -8.908500236999942, 0.0 ], [ 116.264509560000079, -8.908554030999937, 0.0 ], [ 116.264488566000068, -8.908581693999963, 0.0 ], [ 116.264473998000085, -8.908600892999971, 0.0 ], [ 116.26446549700006, -8.908599354999978, 0.0 ], [ 116.264465070000028, -8.90859927799994, 0.0 ], [ 116.264402640000071, -8.908587699999941, 0.0 ], [ 116.264363687000014, -8.908328662999963, 0.0 ], [ 116.264363645000117, -8.908328371999971, 0.0 ], [ 116.264358747000074, -8.908295812999938, 0.0 ], [ 116.264321183000106, -8.908233804999952, 0.0 ], [ 116.264274414000056, -8.908219286999952, 0.0 ], [ 116.264273516000117, -8.908219007999946, 0.0 ], [ 116.264198645000079, -8.908195765999949, 0.0 ], [ 116.264179188000071, -8.908195516999967, 0.0 ], [ 116.264160069000013, -8.908195273999979, 0.0 ], [ 116.264016543000025, -8.908098305999943, 0.0 ], [ 116.264016301000083, -8.908098140999925, 0.0 ], [ 116.263847182000063, -8.907983882999929, 0.0 ], [ 116.263828266000019, -8.907941938999954, 0.0 ], [ 116.263773911000044, -8.907821414999944, 0.0 ], [ 116.263773999000023, -8.907820197999968, 0.0 ], [ 116.263793471000099, -8.907551397999953, 0.0 ], [ 116.263793965000104, -8.907438213999967, 0.0 ], [ 116.263794494000081, -8.907317080999974, 0.0 ], [ 116.263689041000021, -8.907258501999934, 0.0 ], [ 116.263479679000056, -8.907189438999978, 0.0 ], [ 116.263479275, -8.907189306999953, 0.0 ], [ 116.263350218000028, -8.907146736999948, 0.0 ], [ 116.263227684000071, -8.907106203999945, 0.0 ], [ 116.262953860000039, -8.906994933999954, 0.0 ], [ 116.262840214000107, -8.906990036999957, 0.0 ], [ 116.262687318000076, -8.907050079999976, 0.0 ], [ 116.262644979000015, -8.907087226999977, 0.0 ], [ 116.262528212, -8.907189674999927, 0.0 ], [ 116.262470945000018, -8.907296264999957, 0.0 ], [ 116.262412015000109, -8.907405946999972, 0.0 ], [ 116.262331410000115, -8.90761553599998, 0.0 ], [ 116.262208521000048, -8.90793507199993, 0.0 ], [ 116.262087013000041, -8.908020620999935, 0.0 ], [ 116.262086472000078, -8.908021001999941, 0.0 ], [ 116.262037316000033, -8.908000129999948, 0.0 ], [ 116.261992216000067, -8.907980978999944, 0.0 ], [ 116.261901362000117, -8.907898639999928, 0.0 ], [ 116.261901103000014, -8.907898401999944, 0.0 ], [ 116.261841921000041, -8.90784476999994, 0.0 ], [ 116.261780133000116, -8.907697625999958, 0.0 ], [ 116.261756440000113, -8.907641206999926, 0.0 ], [ 116.261756457000047, -8.907398085999944, 0.0 ], [ 116.261751732000107, -8.907355429999939, 0.0 ], [ 116.261735485000031, -8.907208735999973, 0.0 ], [ 116.261643752000055, -8.907097902999965, 0.0 ], [ 116.26150666, -8.90701523499996, 0.0 ], [ 116.261506132000022, -8.907014918999948, 0.0 ], [ 116.261359595000044, -8.906926554999927, 0.0 ], [ 116.261161397000023, -8.90676011599993, 0.0 ], [ 116.26103889400008, -8.906599983999968, 0.0 ], [ 116.260997147000012, -8.906513976999975, 0.0 ], [ 116.260941765000098, -8.906399885999974, 0.0 ], [ 116.260896895000087, -8.906336393999936, 0.0 ], [ 116.260743582000032, -8.906282781999948, 0.0 ], [ 116.260679078000067, -8.906260232999955, 0.0 ], [ 116.260516869000071, -8.906214168999952, 0.0 ], [ 116.260323283000048, -8.906159192999951, 0.0 ], [ 116.260242680000033, -8.906173873999933, 0.0 ], [ 116.260242265000102, -8.906173949999982, 0.0 ], [ 116.260017687000072, -8.906214853999927, 0.0 ], [ 116.259788182000079, -8.906337056999973, 0.0 ], [ 116.259536360000084, -8.906471142999976, 0.0 ], [ 116.259506584000064, -8.906505179999954, 0.0 ], [ 116.259386054000061, -8.90664295199997, 0.0 ], [ 116.259304751000059, -8.906871868999929, 0.0 ], [ 116.259268854000084, -8.906972938999957, 0.0 ], [ 116.259241491000012, -8.907111689999965, 0.0 ], [ 116.259224479000068, -8.907197952999979, 0.0 ], [ 116.259182591000013, -8.907215601999951, 0.0 ], [ 116.25913170900003, -8.907237041999963, 0.0 ], [ 116.259131088000117, -8.907237011999939, 0.0 ], [ 116.259120150000058, -8.907236566999927, 0.0 ], [ 116.258965255000021, -8.907230183999957, 0.0 ], [ 116.258868985000049, -8.907183908999968, 0.0 ], [ 116.258826094000028, -8.907163294999975, 0.0 ], [ 116.258722998000053, -8.907068206999952, 0.0 ], [ 116.25856891400008, -8.906926086999931, 0.0 ], [ 116.258463207000091, -8.906815629999926, 0.0 ], [ 116.258462887000064, -8.906815298999959, 0.0 ], [ 116.258330171000011, -8.906676620999974, 0.0 ], [ 116.258169538000061, -8.906657122999945, 0.0 ], [ 116.258127002000037, -8.906637043999979, 0.0 ], [ 116.258126150000066, -8.906636641999967, 0.0 ], [ 116.257867463000025, -8.90649310799995, 0.0 ], [ 116.257493523000107, -8.906360809999967, 0.0 ], [ 116.256692472000054, -8.90616405399993, 0.0 ], [ 116.256317552000041, -8.906185087999972, 0.0 ], [ 116.256257209000069, -8.906184637999957, 0.0 ], [ 116.256256606000079, -8.906184633999942, 0.0 ], [ 116.255990516000111, -8.906182645999934, 0.0 ], [ 116.255537468000057, -8.906179723999969, 0.0 ], [ 116.255281129000082, -8.906110604999981, 0.0 ], [ 116.255256829000018, -8.906104052999979, 0.0 ], [ 116.254174164, -8.905671061999954, 0.0 ], [ 116.254014537000103, -8.90560761699993, 0.0 ], [ 116.253701142000068, -8.905348402999948, 0.0 ], [ 116.253502781000066, -8.905097938999972, 0.0 ], [ 116.253502611000044, -8.905097723999972, 0.0 ], [ 116.253225626000017, -8.904747991999955, 0.0 ], [ 116.25308114500001, -8.904569829999957, 0.0 ], [ 116.252766121000036, -8.904312450999953, 0.0 ], [ 116.25276580100001, -8.904312187999949, 0.0 ], [ 116.252572055000087, -8.904153896999958, 0.0 ], [ 116.252397502, -8.904106389999981, 0.0 ], [ 116.252220578000106, -8.904058239999927, 0.0 ], [ 116.252041238000061, -8.903981172999977, 0.0 ], [ 116.251977526000019, -8.903953771999966, 0.0 ], [ 116.251786681000112, -8.903762833999963, 0.0 ], [ 116.251571651000063, -8.903313654999977, 0.0 ], [ 116.25154877600005, -8.903091420999942, 0.0 ], [ 116.251487724000071, -8.902839660999973, 0.0 ], [ 116.251457125000115, -8.902810980999959, 0.0 ], [ 116.251867750000088, -8.902795820999927, 0.0 ], [ 116.251894474000096, -8.902794838999966, 0.0 ], [ 116.252537782000104, -8.902771210999958, 0.0 ], [ 116.253106001000106, -8.902659288999928, 0.0 ], [ 116.253838322000092, -8.902515043999927, 0.0 ], [ 116.25394790100006, -8.90249345999996, 0.0 ], [ 116.25395353600004, -8.902492349999932, 0.0 ], [ 116.253702278000105, -8.902129787999968, 0.0 ], [ 116.253381882000099, -8.901678994999941, 0.0 ], [ 116.253382678000094, -8.901538050999932, 0.0 ], [ 116.253217967000069, -8.90114288999996, 0.0 ], [ 116.253156484000101, -8.90088376999995, 0.0 ], [ 116.253830818000097, -8.900233924999952, 0.0 ], [ 116.254541235000033, -8.899728860999971, 0.0 ], [ 116.255133419000117, -8.899223559999939, 0.0 ], [ 116.255734202000099, -8.898962472999926, 0.0 ], [ 116.25668053000004, -8.898729207999963, 0.0 ], [ 116.257081300000095, -8.898431541999969, 0.0 ], [ 116.25667432900002, -8.897993110999948, 0.0 ], [ 116.25639159800005, -8.897688523999932, 0.0 ], [ 116.256349582000098, -8.897592245999931, 0.0 ], [ 116.256163654000034, -8.897166187999971, 0.0 ], [ 116.255994060000035, -8.896777553999925, 0.0 ], [ 116.255957061000117, -8.896692771999938, 0.0 ], [ 116.256159117000038, -8.895716378999964, 0.0 ], [ 116.256051679000052, -8.894875033999938, 0.0 ], [ 116.25605603300005, -8.894538790999945, 0.0 ], [ 116.256062454000016, -8.89404296999993, 0.0 ], [ 116.256046510000033, -8.892930474999957, 0.0 ], [ 116.255783643000086, -8.892495818999976, 0.0 ], [ 116.255449537000118, -8.891310332999979, 0.0 ], [ 116.255886587000077, -8.89105796299998, 0.0 ], [ 116.256351485000096, -8.890525269999955, 0.0 ], [ 116.256689934000065, -8.889558192999971, 0.0 ], [ 116.257073543000047, -8.88874495999994, 0.0 ], [ 116.257483906000061, -8.888194067999962, 0.0 ], [ 116.257555287000059, -8.888144825999973, 0.0 ], [ 116.257649050000055, -8.888080144999947, 0.0 ], [ 116.258294443000068, -8.887634926999965, 0.0 ], [ 116.258756456000015, -8.88704949299995, 0.0 ], [ 116.258914448000041, -8.88684929599998, 0.0 ], [ 116.259015850000083, -8.886634971999968, 0.0 ], [ 116.259316311000021, -8.885999917999982, 0.0 ], [ 116.259416219000059, -8.886130011999967, 0.0 ], [ 116.259879787000045, -8.886733634999928, 0.0 ], [ 116.260446429000012, -8.886750857999971, 0.0 ], [ 116.261207967000018, -8.88694980799994, 0.0 ], [ 116.261578175000068, -8.88658589399995, 0.0 ], [ 116.261626774000092, -8.886538120999944, 0.0 ], [ 116.261897763000093, -8.886477879999973, 0.0 ], [ 116.262905936000038, -8.886253761999967, 0.0 ], [ 116.263184221000074, -8.886099008999963, 0.0 ], [ 116.263445292000029, -8.885953828999959, 0.0 ], [ 116.263474578000114, -8.886037289999933, 0.0 ], [ 116.263706092, -8.886697072999937, 0.0 ] ] ], [ [ [ 116.16254721700011, -8.88023813999996, 0.0 ], [ 116.162840374000098, -8.880304639999963, 0.0 ], [ 116.163215183000034, -8.880295658999955, 0.0 ], [ 116.163506554000037, -8.880288677999943, 0.0 ], [ 116.163685230000056, -8.880226007999966, 0.0 ], [ 116.163915028000019, -8.88014540599994, 0.0 ], [ 116.164062005, -8.880093853999938, 0.0 ], [ 116.164375644000074, -8.87998384499997, 0.0 ], [ 116.164617647000114, -8.880031541999927, 0.0 ], [ 116.165432999000018, -8.880192238999939, 0.0 ], [ 116.166749214000106, -8.880585167999925, 0.0 ], [ 116.166965351000044, -8.880610869999941, 0.0 ], [ 116.167949046000103, -8.880727848999982, 0.0 ], [ 116.168596358000059, -8.880641886999967, 0.0 ], [ 116.16891222400011, -8.880599939999968, 0.0 ], [ 116.168936359000099, -8.880790007999963, 0.0 ], [ 116.169074853000097, -8.881880603999946, 0.0 ], [ 116.168796053000051, -8.882250410999973, 0.0 ], [ 116.16853586700006, -8.882595525999932, 0.0 ], [ 116.167803467000113, -8.882777128999976, 0.0 ], [ 116.166942911000092, -8.883207522999953, 0.0 ], [ 116.166368538000029, -8.883603190999963, 0.0 ], [ 116.166015685000048, -8.884084549999955, 0.0 ], [ 116.165266416, -8.88468603299998, 0.0 ], [ 116.164646448000099, -8.885013040999979, 0.0 ], [ 116.163892113000088, -8.885480293999933, 0.0 ], [ 116.163308096000037, -8.885914463999939, 0.0 ], [ 116.163076627, -8.886178632999929, 0.0 ], [ 116.162788467000041, -8.886507502999962, 0.0 ], [ 116.162362970000117, -8.886459707999961, 0.0 ], [ 116.16236165600003, -8.886459560999981, 0.0 ], [ 116.162360341000067, -8.886459412999955, 0.0 ], [ 116.162155849000101, -8.886436441999933, 0.0 ], [ 116.16192160300011, -8.885894819999976, 0.0 ], [ 116.161775435000095, -8.885556850999933, 0.0 ], [ 116.161718619000112, -8.884825587999956, 0.0 ], [ 116.161857142000031, -8.884217946999968, 0.0 ], [ 116.162368145000073, -8.884152075999964, 0.0 ], [ 116.162738448000027, -8.884104340999954, 0.0 ], [ 116.162726847000044, -8.884023500999945, 0.0 ], [ 116.162696414000038, -8.883811406999939, 0.0 ], [ 116.162666483000066, -8.883602817999929, 0.0 ], [ 116.16264697500003, -8.883549707999975, 0.0 ], [ 116.161867569000037, -8.883430851999947, 0.0 ], [ 116.161619991000066, -8.882925627999953, 0.0 ], [ 116.161660385000118, -8.882687543999964, 0.0 ], [ 116.16180474500004, -8.881836676999967, 0.0 ], [ 116.161818911000069, -8.881753187999948, 0.0 ], [ 116.161847666000085, -8.881583705999958, 0.0 ], [ 116.160926478000079, -8.881601984999975, 0.0 ], [ 116.160290805000045, -8.881318194999949, 0.0 ], [ 116.158918738000011, -8.881373439999948, 0.0 ], [ 116.158467002000066, -8.881307350999975, 0.0 ], [ 116.158466212, -8.881307234999952, 0.0 ], [ 116.157549015000086, -8.880085956999949, 0.0 ], [ 116.157494795000048, -8.88001371699994, 0.0 ], [ 116.157472761, -8.879978022999978, 0.0 ], [ 116.157472610000013, -8.879977784999937, 0.0 ], [ 116.157454732000019, -8.879948815999967, 0.0 ], [ 116.157366785000022, -8.87968357799997, 0.0 ], [ 116.157366700000011, -8.879683317999934, 0.0 ], [ 116.157363930000088, -8.879674967999961, 0.0 ], [ 116.157363190000069, -8.879664204999926, 0.0 ], [ 116.157347833000017, -8.879441115999953, 0.0 ], [ 116.157345993000035, -8.87914944299996, 0.0 ], [ 116.157342502, -8.878596172999949, 0.0 ], [ 116.157340134000037, -8.878300159999981, 0.0 ], [ 116.157339981000064, -8.878280958999937, 0.0 ], [ 116.157328826000025, -8.878142915999945, 0.0 ], [ 116.157304427000099, -8.877840993999939, 0.0 ], [ 116.157304427000099, -8.877480271999957, 0.0 ], [ 116.157314208000116, -8.877277694999975, 0.0 ], [ 116.157317578000061, -8.877207867999971, 0.0 ], [ 116.157331579000015, -8.877168773999927, 0.0 ], [ 116.157364947000019, -8.877075592999972, 0.0 ], [ 116.157510425000055, -8.87694524799997, 0.0 ], [ 116.157511967, -8.876945043999967, 0.0 ], [ 116.157688929000074, -8.876921618999972, 0.0 ], [ 116.157690931000047, -8.876921353999933, 0.0 ], [ 116.158011681000062, -8.876878895999937, 0.0 ], [ 116.158128431000023, -8.876857853999979, 0.0 ], [ 116.158173307000084, -8.876852019999944, 0.0 ], [ 116.158203408000077, -8.876848631999962, 0.0 ], [ 116.158530598000084, -8.876762708999934, 0.0 ], [ 116.158546165000075, -8.876757404999978, 0.0 ], [ 116.15854673900003, -8.876757205999979, 0.0 ], [ 116.158576485000026, -8.876747072999933, 0.0 ], [ 116.158593576000044, -8.876741311999979, 0.0 ], [ 116.158615563000012, -8.876733899999977, 0.0 ], [ 116.158744898, -8.876628916999948, 0.0 ], [ 116.159187640000027, -8.876126161999935, 0.0 ], [ 116.159493755000085, -8.875937230999966, 0.0 ], [ 116.159535367000103, -8.875927224999941, 0.0 ], [ 116.159535773000016, -8.875927125999965, 0.0 ], [ 116.159826571000053, -8.875857186999951, 0.0 ], [ 116.159828082000104, -8.875857368999959, 0.0 ], [ 116.160185886000022, -8.875901121999959, 0.0 ], [ 116.160606187000099, -8.875998744999947, 0.0 ], [ 116.160850263000043, -8.876131046999944, 0.0 ], [ 116.160869265000088, -8.876158166999971, 0.0 ], [ 116.160958679000032, -8.876285781999968, 0.0 ], [ 116.161210694000033, -8.876667571999974, 0.0 ], [ 116.161218323000071, -8.876679186999979, 0.0 ], [ 116.161322018000078, -8.876837027999954, 0.0 ], [ 116.161359849000064, -8.876981954999962, 0.0 ], [ 116.16143670200006, -8.877579810999976, 0.0 ], [ 116.161390925000092, -8.878435381999964, 0.0 ], [ 116.161323438000068, -8.879360453999936, 0.0 ], [ 116.161757550000061, -8.880059009999968, 0.0 ], [ 116.16254721700011, -8.88023813999996, 0.0 ] ] ] ] } },
{ "type": "Feature","id":12, "properties": { "OBJECTID_1": 217, "OBJECTID": 217, "NAMA_KWS": "KSA/KPA Danuera", "NOREGKK": "100203053", "NUPT": "Balai KSDA Nusa Tenggara Barat", "NPULAU": "Bali Nusra", "NPROV": "Nusa Tenggara Barat", "FGSKWS": "KSA/KPA", "LUAS_HA": 1784.36, "SUMBERDATA": "Peta Kawasan Hutan periode Juli 2024", "KETERANGAN": "Perhitungan Luas Kartografi Digital", "PROYEKSI": "World Cylindrical Equal Area", "Area": 1784.3597123899999, "Perimeter": 17.746261682099998, "UGrid": 3 }, "geometry": { "type": "MultiPolygon", "coordinates": [ [ [ [ 118.648412091000068, -8.418185206999965, 0.0 ], [ 118.650996786000064, -8.418411583999955, 0.0 ], [ 118.652256772000101, -8.418239686999925, 0.0 ], [ 118.655525143000091, -8.417608811999969, 0.0 ], [ 118.656436957000096, -8.41760803699998, 0.0 ], [ 118.657472430000098, -8.417778949999956, 0.0 ], [ 118.658507714000052, -8.418062452999948, 0.0 ], [ 118.6591338180001, -8.418803640999954, 0.0 ], [ 118.659821904000069, -8.420629656999949, 0.0 ], [ 118.66016946700006, -8.421485004999965, 0.0 ], [ 118.660570912000026, -8.42256959599996, 0.0 ], [ 118.661087817000066, -8.423767756999951, 0.0 ], [ 118.661542804000078, -8.425023374999967, 0.0 ], [ 118.661943650000012, -8.426221778999945, 0.0 ], [ 118.662344401000041, -8.427191794999942, 0.0 ], [ 118.662745112000039, -8.428219097999943, 0.0 ], [ 118.663091801000064, -8.429075484999942, 0.0 ], [ 118.663430660000017, -8.429988345999959, 0.0 ], [ 118.663777103000029, -8.430901259999928, 0.0 ], [ 118.665546941000116, -8.433754031999968, 0.0 ], [ 118.666008118000036, -8.43512381499994, 0.0 ], [ 118.664745818000029, -8.436384883999949, 0.0 ], [ 118.663891698000043, -8.436216101999946, 0.0 ], [ 118.662121515000081, -8.43616355599994, 0.0 ], [ 118.661267111000029, -8.436509225999941, 0.0 ], [ 118.660582112000043, -8.437139534999972, 0.0 ], [ 118.660413216000052, -8.438970204999976, 0.0 ], [ 118.66046734400004, -8.439942187999975, 0.0 ], [ 118.660413723000033, -8.440857127999948, 0.0 ], [ 118.660298566000051, -8.441772311999955, 0.0 ], [ 118.660075898000059, -8.443202786999962, 0.0 ], [ 118.659899279000115, -8.444119283999953, 0.0 ], [ 118.65979191200006, -8.444977236999932, 0.0 ], [ 118.659676883000088, -8.445836221999969, 0.0 ], [ 118.659446718000027, -8.447152259999939, 0.0 ], [ 118.659339460000069, -8.448011336999969, 0.0 ], [ 118.659163042000046, -8.448927179999941, 0.0 ], [ 118.659055848000094, -8.449786343999961, 0.0 ], [ 118.658941029000061, -8.450702062999937, 0.0 ], [ 118.658826332000103, -8.451732718999949, 0.0 ], [ 118.658657867000102, -8.452763626999968, 0.0 ], [ 118.658543297000051, -8.453794382999945, 0.0 ], [ 118.658260156000097, -8.455454994999968, 0.0 ], [ 118.65803836200007, -8.456772643999955, 0.0 ], [ 118.657693748000042, -8.458204849999959, 0.0 ], [ 118.657241722000094, -8.459752557999934, 0.0 ], [ 118.656843513000013, -8.461185227999977, 0.0 ], [ 118.656337755000095, -8.462618496999937, 0.0 ], [ 118.655709064, -8.464052469999956, 0.0 ], [ 118.655088076000084, -8.46543004199998, 0.0 ], [ 118.654574326000102, -8.466462351999951, 0.0 ], [ 118.653209040000093, -8.468817332999947, 0.0 ], [ 118.652295628000047, -8.469910461999973, 0.0 ], [ 118.65150501100004, -8.470830630999956, 0.0 ], [ 118.650537627000062, -8.47180936999996, 0.0 ], [ 118.649508541000046, -8.472673606999933, 0.0 ], [ 118.648709788000019, -8.473308620999944, 0.0 ], [ 118.647511698000017, -8.474763400999962, 0.0 ], [ 118.646836397000015, -8.475272115999928, 0.0 ], [ 118.645752190000053, -8.47527305899996, 0.0 ], [ 118.644837651000103, -8.475679079999964, 0.0 ], [ 118.642616002000068, -8.476437121999936, 0.0 ], [ 118.641531700000087, -8.476672768999947, 0.0 ], [ 118.640331777000029, -8.476852599999972, 0.0 ], [ 118.639308370000094, -8.476858781999965, 0.0 ], [ 118.637474453000095, -8.475780062999945, 0.0 ], [ 118.636617608000051, -8.47463862099994, 0.0 ], [ 118.635697392000111, -8.472750764999944, 0.0 ], [ 118.635007318000021, -8.470575236999935, 0.0 ], [ 118.634827904000076, -8.469543537999925, 0.0 ], [ 118.634421615000065, -8.466964807999943, 0.0 ], [ 118.634018842000046, -8.465991674999941, 0.0 ], [ 118.633500299000048, -8.464961441999947, 0.0 ], [ 118.6329897600001, -8.464102897999965, 0.0 ], [ 118.631604571000025, -8.461757442999954, 0.0 ], [ 118.630977420000022, -8.460669630999973, 0.0 ], [ 118.629823911000017, -8.458895540999947, 0.0 ], [ 118.629250378000052, -8.457865724999976, 0.0 ], [ 118.628210908000028, -8.455861029999937, 0.0 ], [ 118.62751812700003, -8.45391221999995, 0.0 ], [ 118.627340933000028, -8.451674086999958, 0.0 ], [ 118.628245486000083, -8.449833629999944, 0.0 ], [ 118.629559609000012, -8.448107550999964, 0.0 ], [ 118.630128314000103, -8.447359762999952, 0.0 ], [ 118.630750294000109, -8.446382530999927, 0.0 ], [ 118.631778528000041, -8.444543462999945, 0.0 ], [ 118.63246094200008, -8.443165540999928, 0.0 ], [ 118.633143602000018, -8.441844525999954, 0.0 ], [ 118.633993499000098, -8.43972145999993, 0.0 ], [ 118.63472618000003, -8.437197443999935, 0.0 ], [ 118.635344108000027, -8.435018656999944, 0.0 ], [ 118.635686924000083, -8.433699870999931, 0.0 ], [ 118.635853436000048, -8.432783223999934, 0.0 ], [ 118.63613164800006, -8.430835393999928, 0.0 ], [ 118.636458335000043, -8.427742511999952, 0.0 ], [ 118.63662166000006, -8.426311633999944, 0.0 ], [ 118.636843426000041, -8.424308787999962, 0.0 ], [ 118.637008352000066, -8.423336388999928, 0.0 ], [ 118.637234355000032, -8.422249415999943, 0.0 ], [ 118.637616875000049, -8.420249651999939, 0.0 ], [ 118.637843605000057, -8.419392156999947, 0.0 ], [ 118.638468894000084, -8.417907075999949, 0.0 ], [ 118.640578122000079, -8.415680254999927, 0.0 ], [ 118.64167025100005, -8.415394120999963, 0.0 ], [ 118.642650354000011, -8.415735871999971, 0.0 ], [ 118.643515333000096, -8.416362203999938, 0.0 ], [ 118.645303684000055, -8.417388114999937, 0.0 ], [ 118.646226802000115, -8.417672970999945, 0.0 ], [ 118.648412091000068, -8.418185206999965, 0.0 ] ] ] ] } },
{ "type": "Feature","id":13, "properties": { "OBJECTID_1": 268, "OBJECTID": 268, "NAMA_KWS": "TWA Madapangga", "NOREGKK": "100253066", "NUPT": "Balai KSDA Nusa Tenggara Barat", "NPULAU": "Bali Nusra", "NPROV": "Nusa Tenggara Barat", "FGSKWS": "TWA", "LUAS_HA": 232.0, "SUMBERDATA": "Peta Penetapan Kawasan Hutan periode Juli 2024", "KETERANGAN": "SK Kawasan", "PROYEKSI": "World Cylindrical Equal Area", "Area": 244.484419844, "Perimeter": 8.0630309431999994, "UGrid": 2 }, "geometry": { "type": "MultiPolygon", "coordinates": [ [ [ [ 118.527512340000044, -8.484694662999971, 0.0 ], [ 118.528149995000035, -8.485171402999981, 0.0 ], [ 118.529229535000013, -8.484850693999931, 0.0 ], [ 118.52904181200006, -8.485610977999954, 0.0 ], [ 118.529289681000023, -8.486279130999947, 0.0 ], [ 118.529710296000076, -8.486991816999932, 0.0 ], [ 118.530212652000046, -8.487704089999966, 0.0 ], [ 118.531040759, -8.487700928999971, 0.0 ], [ 118.532028403000027, -8.487516203999974, 0.0 ], [ 118.532430356000077, -8.488102369999979, 0.0 ], [ 118.532950418000041, -8.488697109999976, 0.0 ], [ 118.534162751000054, -8.489795490999938, 0.0 ], [ 118.535133990000077, -8.489646989999926, 0.0 ], [ 118.535707653000031, -8.490015460999928, 0.0 ], [ 118.536262540000052, -8.490230287999964, 0.0 ], [ 118.536979616000053, -8.490118953999968, 0.0 ], [ 118.53777900800003, -8.490151968999953, 0.0 ], [ 118.53864266000005, -8.490356529999929, 0.0 ], [ 118.538916681000046, -8.490744261999964, 0.0 ], [ 118.538910085000111, -8.491368198999965, 0.0 ], [ 118.538141719, -8.492284494999979, 0.0 ], [ 118.53763584, -8.492973698999947, 0.0 ], [ 118.536829051000041, -8.493365697999934, 0.0 ], [ 118.536048932000085, -8.493612912999936, 0.0 ], [ 118.53623496900002, -8.494715327999927, 0.0 ], [ 118.536393655000097, -8.49579072399996, 0.0 ], [ 118.535979854000061, -8.496796039999936, 0.0 ], [ 118.53528395100011, -8.49766683699994, 0.0 ], [ 118.536385677000112, -8.49834969799997, 0.0 ], [ 118.536742308000044, -8.498954116999926, 0.0 ], [ 118.536264389000053, -8.499824055999966, 0.0 ], [ 118.535431668000115, -8.500550715999964, 0.0 ], [ 118.535816990000058, -8.501516710999965, 0.0 ], [ 118.535762301000091, -8.502161, 0.0 ], [ 118.53574242600007, -8.502395160999981, 0.0 ], [ 118.535730232000105, -8.502538821999963, 0.0 ], [ 118.536412620000078, -8.502834520999954, 0.0 ], [ 118.536483690000068, -8.502860990999977, 0.0 ], [ 118.537349540000037, -8.503183466999928, 0.0 ], [ 118.538277488000062, -8.503559571999972, 0.0 ], [ 118.539106286000106, -8.504125951999981, 0.0 ], [ 118.539242568000077, -8.504348507999964, 0.0 ], [ 118.5396365470001, -8.50499190499994, 0.0 ], [ 118.539639365000085, -8.505697366999925, 0.0 ], [ 118.53963972400004, -8.505787602999931, 0.0 ], [ 118.538797358000011, -8.505687464999937, 0.0 ], [ 118.538731874000064, -8.505679680999947, 0.0 ], [ 118.538624745000106, -8.505710287999932, 0.0 ], [ 118.538418617000048, -8.505769181999938, 0.0 ], [ 118.537899061000076, -8.505917625999928, 0.0 ], [ 118.536804509000035, -8.50613177699995, 0.0 ], [ 118.535733753000045, -8.506250749999936, 0.0 ], [ 118.535501746000023, -8.506547718999968, 0.0 ], [ 118.535138887000016, -8.507012178999958, 0.0 ], [ 118.534520228000019, -8.506322134999948, 0.0 ], [ 118.533735006000029, -8.505774858999928, 0.0 ], [ 118.533235318000038, -8.50427579899997, 0.0 ], [ 118.532702155000038, -8.503966563999938, 0.0 ], [ 118.532045589000063, -8.503585753999971, 0.0 ], [ 118.531188983000106, -8.503324013999929, 0.0 ], [ 118.530142019000095, -8.502967094999974, 0.0 ], [ 118.529141572000071, -8.503535529999965, 0.0 ], [ 118.529095056000074, -8.503561959999956, 0.0 ], [ 118.528095682000071, -8.503276423999978, 0.0 ], [ 118.52778635300001, -8.502348434999931, 0.0 ], [ 118.527328877000059, -8.50185707199995, 0.0 ], [ 118.527143899000066, -8.501658390999978, 0.0 ], [ 118.526751293000075, -8.501384755999936, 0.0 ], [ 118.526358677000076, -8.501111114999958, 0.0 ], [ 118.525787605, -8.50077799099995, 0.0 ], [ 118.525549659000035, -8.49970723399997, 0.0 ], [ 118.525097563000031, -8.498850627999957, 0.0 ], [ 118.525100579000082, -8.49881711699993, 0.0 ], [ 118.525142591000076, -8.498350401999971, 0.0 ], [ 118.525174794, -8.497992661999945, 0.0 ], [ 118.525176787000078, -8.497970517999931, 0.0 ], [ 118.525427920000084, -8.497820372999968, 0.0 ], [ 118.5255870740001, -8.497725216999982, 0.0 ], [ 118.525309069000059, -8.497145419999981, 0.0 ], [ 118.524833381, -8.496288268999933, 0.0 ], [ 118.524521538000045, -8.495520898999928, 0.0 ], [ 118.524918027000012, -8.494723627999974, 0.0 ], [ 118.525078225000016, -8.493891115999929, 0.0 ], [ 118.525021553000101, -8.49333975899998, 0.0 ], [ 118.524891648000107, -8.492644014999939, 0.0 ], [ 118.524203895000028, -8.492064566999943, 0.0 ], [ 118.523800726000104, -8.491168880999965, 0.0 ], [ 118.523587207000105, -8.490089978999947, 0.0 ], [ 118.523578692000115, -8.489059377999979, 0.0 ], [ 118.523538476000112, -8.488073927999949, 0.0 ], [ 118.523552826000014, -8.487106350999966, 0.0 ], [ 118.524241765000056, -8.486769093999953, 0.0 ], [ 118.524332713000035, -8.486757867999927, 0.0 ], [ 118.52469566700006, -8.486713065999936, 0.0 ], [ 118.525259022000114, -8.486774157999946, 0.0 ], [ 118.525902405000011, -8.486400907999951, 0.0 ], [ 118.526645263000091, -8.485918761999926, 0.0 ], [ 118.527512340000044, -8.484694662999971, 0.0 ] ] ] ] } },
{ "type": "Feature","id":14, "properties": { "OBJECTID_1": 297, "OBJECTID": 297, "NAMA_KWS": "CA Pulau Sangiang (RTK.86)", "NOREGKK": "100213135", "NUPT": "Balai KSDA Nusa Tenggara Barat", "NPULAU": "Bali Nusra", "NPROV": "Nusa Tenggara Barat", "FGSKWS": "CA", "LUAS_HA": 7980.3, "SUMBERDATA": "Peta Penetapan Kawasan Hutan periode Juli 2024", "KETERANGAN": "SK Kawasan", "PROYEKSI": "World Cylindrical Equal Area", "Area": 7976.4928442199998, "Perimeter": 52.252769477100003, "UGrid": 4 }, "geometry": { "type": "MultiPolygon", "coordinates": [ [ [ [ 119.077178955000022, -8.147864341999934, 0.0 ], [ 119.077178955000022, -8.148077963999981, 0.0 ], [ 119.077232361000029, -8.148256301999936, 0.0 ], [ 119.077308655000024, -8.148409843999957, 0.0 ], [ 119.077346802000079, -8.148558616999935, 0.0 ], [ 119.077400208000086, -8.148689268999931, 0.0 ], [ 119.077438354000037, -8.148837089999972, 0.0 ], [ 119.077484132000109, -8.148984908999978, 0.0 ], [ 119.077529908000088, -8.149157524999964, 0.0 ], [ 119.077568054000039, -8.149287222999931, 0.0 ], [ 119.077606202000084, -8.149441718999981, 0.0 ], [ 119.077644348000035, -8.149620055999947, 0.0 ], [ 119.077667237000014, -8.149767875999942, 0.0 ], [ 119.077690124000014, -8.149940490999938, 0.0 ], [ 119.077644348000035, -8.150106429999937, 0.0 ], [ 119.077476502000081, -8.150255201999926, 0.0 ], [ 119.077331543000014, -8.150410651999948, 0.0 ], [ 119.077194213000098, -8.150594711999929, 0.0 ], [ 119.077163696000071, -8.150737761999949, 0.0 ], [ 119.077194215000077, -8.15087413699996, 0.0 ], [ 119.077270508000083, -8.150992393999957, 0.0 ], [ 119.077362061000031, -8.151092528999925, 0.0 ], [ 119.077445985000054, -8.151211737999972, 0.0 ], [ 119.077476502000081, -8.151371001999962, 0.0 ], [ 119.077461244, -8.151549337999938, 0.0 ], [ 119.077453614000092, -8.151733398999966, 0.0 ], [ 119.077415467000037, -8.151887893999969, 0.0 ], [ 119.07738494900002, -8.15205478699994, 0.0 ], [ 119.077354431000117, -8.152191162999941, 0.0 ], [ 119.077339173000041, -8.152375220999943, 0.0 ], [ 119.077346803000069, -8.152553558999955, 0.0 ], [ 119.077369691000058, -8.152689932999976, 0.0 ], [ 119.077392578000058, -8.152837752999972, 0.0 ], [ 119.077415466000048, -8.152986526999939, 0.0 ], [ 119.077445985000054, -8.153152464999948, 0.0 ], [ 119.077491760000044, -8.153300284999943, 0.0 ], [ 119.07754516600005, -8.153430938999975, 0.0 ], [ 119.077629089000084, -8.153554915999962, 0.0 ], [ 119.077751160000048, -8.153626441999961, 0.0 ], [ 119.077888489000088, -8.153690336999944, 0.0 ], [ 119.078063965000069, -8.153755187999934, 0.0 ], [ 119.078201295000099, -8.153796195999973, 0.0 ], [ 119.078392029000042, -8.153825759999961, 0.0 ], [ 119.078521729000045, -8.153854369999976, 0.0 ], [ 119.078651429000047, -8.153878211999938, 0.0 ], [ 119.078842163000104, -8.153877257999966, 0.0 ], [ 119.079025270000102, -8.153876304999926, 0.0 ], [ 119.07916259700005, -8.153876304999926, 0.0 ], [ 119.079299927000079, -8.153893470999947, 0.0 ], [ 119.079490662000012, -8.153922080999962, 0.0 ], [ 119.079643251000107, -8.153945922999981, 0.0 ], [ 119.079788209000071, -8.153939247999972, 0.0 ], [ 119.079925537, -8.153914451999981, 0.0 ], [ 119.080070497000065, -8.153878211999938, 0.0 ], [ 119.080200195000089, -8.153800964999959, 0.0 ], [ 119.080390931000011, -8.153711317999978, 0.0 ], [ 119.080513001000099, -8.153634070999942, 0.0 ], [ 119.080635071000074, -8.153550146999976, 0.0 ], [ 119.080772400000114, -8.153395652999961, 0.0 ], [ 119.0808715820001, -8.153293608999945, 0.0 ], [ 119.081001282000102, -8.15316295699995, 0.0 ], [ 119.081130981000115, -8.152996062999932, 0.0 ], [ 119.081275940000069, -8.153042792999941, 0.0 ], [ 119.081329345000086, -8.153239249999956, 0.0 ], [ 119.081344605000027, -8.153405188999955, 0.0 ], [ 119.081367492000027, -8.153541563999966, 0.0 ], [ 119.081390381, -8.153696059999959, 0.0 ], [ 119.081413269000109, -8.153832435999959, 0.0 ], [ 119.081466675000115, -8.154027937999956, 0.0 ], [ 119.081504823000046, -8.154211997999937, 0.0 ], [ 119.081542969000111, -8.154365538999969, 0.0 ], [ 119.081581116000052, -8.154520034999962, 0.0 ], [ 119.081611634000069, -8.154656410999962, 0.0 ], [ 119.081680298000038, -8.154787061999969, 0.0 ], [ 119.081825257000105, -8.154881477999936, 0.0 ], [ 119.081977845000097, -8.154904363999947, 0.0 ], [ 119.082176209000068, -8.15493964999996, 0.0 ], [ 119.082298280000032, -8.154997825999942, 0.0 ], [ 119.082466126000099, -8.155075072999978, 0.0 ], [ 119.082595826000102, -8.155133246999981, 0.0 ], [ 119.082733155000028, -8.155174254999963, 0.0 ], [ 119.08290863000002, -8.155191420999927, 0.0 ], [ 119.083106996000083, -8.15522670799993, 0.0 ], [ 119.08324432400002, -8.155256270999928, 0.0 ], [ 119.083358765000071, -8.15533828699995, 0.0 ], [ 119.083465577000084, -8.15542697799998, 0.0 ], [ 119.083618165000075, -8.155497550999939, 0.0 ], [ 119.08376312300004, -8.155550955999956, 0.0 ], [ 119.083930969000107, -8.155621527999926, 0.0 ], [ 119.084129333000078, -8.15567398099995, 0.0 ], [ 119.084320069000114, -8.155733108999925, 0.0 ], [ 119.084495544000106, -8.155773162999935, 0.0 ], [ 119.084625245000097, -8.155838012999936, 0.0 ], [ 119.0847549450001, -8.155902862999937, 0.0 ], [ 119.084892273000037, -8.156009673999961, 0.0 ], [ 119.084999086000039, -8.156139373999963, 0.0 ], [ 119.085075379000045, -8.156258583999943, 0.0 ], [ 119.085166932000106, -8.156370161999973, 0.0 ], [ 119.085266113000102, -8.156506538999963, 0.0 ], [ 119.08533477800006, -8.156661033999967, 0.0 ], [ 119.085395813000105, -8.15683841699996, 0.0 ], [ 119.085433961000035, -8.15698051499993, 0.0 ], [ 119.085464478000063, -8.157123564999949, 0.0 ], [ 119.085494996000079, -8.157283782999968, 0.0 ], [ 119.085540772000058, -8.157425879999948, 0.0 ], [ 119.085571290000075, -8.157591818999947, 0.0 ], [ 119.085685730000023, -8.15767478999993, 0.0 ], [ 119.085868835000042, -8.157697677999977, 0.0 ], [ 119.086135865000074, -8.15773773199993, 0.0 ], [ 119.086318969000104, -8.157749175999982, 0.0 ], [ 119.0864563, -8.15776061899993, 0.0 ], [ 119.086662293000018, -8.157753944999968, 0.0 ], [ 119.086868286000026, -8.157735824999975, 0.0 ], [ 119.087005616000056, -8.157711028999927, 0.0 ], [ 119.08717346200001, -8.157687186999965, 0.0 ], [ 119.087379455000018, -8.157526016999952, 0.0 ], [ 119.08753204300001, -8.157460212999979, 0.0 ], [ 119.087768555000025, -8.157363891999978, 0.0 ], [ 119.087898255000027, -8.157310484999925, 0.0 ], [ 119.088088990000074, -8.157250402999978, 0.0 ], [ 119.088218689000087, -8.157184600999926, 0.0 ], [ 119.088462830000026, -8.157052992999979, 0.0 ], [ 119.088615417000028, -8.15698146699998, 0.0 ], [ 119.088737489000096, -8.15692710899998, 0.0 ], [ 119.088882446000071, -8.156831740999962, 0.0 ], [ 119.089096070000096, -8.156742095999959, 0.0 ], [ 119.089233399000022, -8.15669345799995, 0.0 ], [ 119.089385986000025, -8.156580925999947, 0.0 ], [ 119.089530946000082, -8.156497001999981, 0.0 ], [ 119.089660645000095, -8.156455038999979, 0.0 ], [ 119.089836121000076, -8.156341552999947, 0.0 ], [ 119.08998107900004, -8.156222342999968, 0.0 ], [ 119.090156555000021, -8.156108856999936, 0.0 ], [ 119.090286256000013, -8.156031608999967, 0.0 ], [ 119.090400695000085, -8.155912399999977, 0.0 ], [ 119.090614318, -8.155661582999926, 0.0 ], [ 119.090782166000054, -8.155518530999927, 0.0 ], [ 119.090965271000073, -8.155375480999965, 0.0 ], [ 119.091072084000075, -8.155179023999949, 0.0 ], [ 119.091224670000088, -8.155054091999943, 0.0 ], [ 119.09137725800008, -8.154982566999934, 0.0 ], [ 119.091522216000044, -8.154981612999961, 0.0 ], [ 119.091667175000111, -8.15500545499998, 0.0 ], [ 119.091812134000065, -8.155010222999977, 0.0 ], [ 119.091865540000072, -8.155153273999929, 0.0 ], [ 119.091888429000051, -8.15530681599995, 0.0 ], [ 119.09191131700004, -8.155508994999934, 0.0 ], [ 119.091926576000105, -8.155669211999964, 0.0 ], [ 119.091957093000019, -8.155853271999945, 0.0 ], [ 119.091957093000019, -8.155989646999956, 0.0 ], [ 119.091987611000036, -8.156131744999925, 0.0 ], [ 119.091995239000084, -8.156310079999969, 0.0 ], [ 119.091995239000084, -8.156499861999976, 0.0 ], [ 119.091972351000095, -8.15663623699993, 0.0 ], [ 119.091964723000046, -8.156785010999954, 0.0 ], [ 119.091941835000057, -8.156921385999965, 0.0 ], [ 119.091880798000034, -8.157057760999976, 0.0 ], [ 119.091728211000031, -8.15723705299996, 0.0 ], [ 119.091629029000046, -8.157338140999968, 0.0 ], [ 119.0914917, -8.157374382999933, 0.0 ], [ 119.09133148300009, -8.157403945999931, 0.0 ], [ 119.091171265000071, -8.157493590999934, 0.0 ], [ 119.091049195000096, -8.157566070999962, 0.0 ], [ 119.091000697000027, -8.157603821999942, 0.0 ], [ 119.090881349000028, -8.157696723999948, 0.0 ], [ 119.090705871000068, -8.157834052999931, 0.0 ], [ 119.090599061000034, -8.157929419999959, 0.0 ], [ 119.090484620000097, -8.158013343999926, 0.0 ], [ 119.090423584000064, -8.158149719999926, 0.0 ], [ 119.090362549000019, -8.158280372999968, 0.0 ], [ 119.090316772000051, -8.158423422999931, 0.0 ], [ 119.090270997000061, -8.158589362999976, 0.0 ], [ 119.090141297000059, -8.158667563999927, 0.0 ], [ 119.090011597000057, -8.158733366999968, 0.0 ], [ 119.089904785000044, -8.158822058999931, 0.0 ], [ 119.090034484000057, -8.158923148999975, 0.0 ], [ 119.090179443000011, -8.158964157999947, 0.0 ], [ 119.090324403000068, -8.158987045999936, 0.0 ], [ 119.090461731000119, -8.159016609999981, 0.0 ], [ 119.090606690000072, -8.15904521899995, 0.0 ], [ 119.090736390000075, -8.15906238499997, 0.0 ], [ 119.090873718000012, -8.159115790999977, 0.0 ], [ 119.090942383000083, -8.159252166999977, 0.0 ], [ 119.090988159000062, -8.159394264999946, 0.0 ], [ 119.091026306000117, -8.159548758999961, 0.0 ], [ 119.091026306000117, -8.159731864999969, 0.0 ], [ 119.091011048000041, -8.159946440999931, 0.0 ], [ 119.091011048000041, -8.160082815999942, 0.0 ], [ 119.091011047000052, -8.160237311999936, 0.0 ], [ 119.09099578900009, -8.160373687999936, 0.0 ], [ 119.090988159000062, -8.160521506999942, 0.0 ], [ 119.09099578900009, -8.16066455899994, 0.0 ], [ 119.09105682400002, -8.160841940999944, 0.0 ], [ 119.091072082000096, -8.160978316999945, 0.0 ], [ 119.091171265000071, -8.161108970999976, 0.0 ], [ 119.091300965000073, -8.161179541999957, 0.0 ], [ 119.091423036000037, -8.16126823299993, 0.0 ], [ 119.091529846000071, -8.161375045999932, 0.0 ], [ 119.091566522000107, -8.161420890999977, 0.0 ], [ 119.091629029000046, -8.161499023999966, 0.0 ], [ 119.091728211000031, -8.161611556999958, 0.0 ], [ 119.091865540000072, -8.161759375999964, 0.0 ], [ 119.091979980000019, -8.161877631999971, 0.0 ], [ 119.092063904000042, -8.161984443999927, 0.0 ], [ 119.092155458000093, -8.162102699999934, 0.0 ], [ 119.092216491000045, -8.162232397999958, 0.0 ], [ 119.092376710000053, -8.162356375999934, 0.0 ], [ 119.092491151000104, -8.162433623999959, 0.0 ], [ 119.092605591000051, -8.162528037999948, 0.0 ], [ 119.092712403000064, -8.162611007999942, 0.0 ], [ 119.092834473000039, -8.162693023999964, 0.0 ], [ 119.09297180100009, -8.162752151999939, 0.0 ], [ 119.093116760000044, -8.162781715999927, 0.0 ], [ 119.093261718, -8.16281700199994, 0.0 ], [ 119.093437196000082, -8.162893295999936, 0.0 ], [ 119.093582154000046, -8.162940024999955, 0.0 ], [ 119.093696595000097, -8.162999151999941, 0.0 ], [ 119.093826293, -8.163069724999957, 0.0 ], [ 119.093856812000013, -8.163259505999974, 0.0 ], [ 119.093864441000051, -8.163408278999952, 0.0 ], [ 119.093826295000099, -8.163592338999933, 0.0 ], [ 119.093780518000017, -8.163787841999977, 0.0 ], [ 119.093719482000097, -8.164025306999974, 0.0 ], [ 119.093658447000053, -8.164192198999956, 0.0 ], [ 119.093605041000046, -8.164418219999959, 0.0 ], [ 119.093597413000111, -8.164584159999947, 0.0 ], [ 119.093582153000057, -8.16476249599998, 0.0 ], [ 119.093566894000105, -8.164963720999936, 0.0 ], [ 119.093551636000029, -8.165225027999952, 0.0 ], [ 119.09352874700005, -8.165421484999968, 0.0 ], [ 119.093498229000033, -8.165570257999946, 0.0 ], [ 119.093482971000071, -8.165712355999972, 0.0 ], [ 119.093551636000029, -8.165843009999946, 0.0 ], [ 119.093643188000101, -8.165955543999928, 0.0 ], [ 119.093772889000093, -8.166061400999979, 0.0 ], [ 119.093902588000105, -8.166192054999954, 0.0 ], [ 119.094017029000042, -8.166351317999954, 0.0 ], [ 119.094093322000049, -8.166463851999936, 0.0 ], [ 119.094161987, -8.166582107999943, 0.0 ], [ 119.094238282000106, -8.166730880999978, 0.0 ], [ 119.094352722000053, -8.166812895999954, 0.0 ], [ 119.094497681, -8.166853904999925, 0.0 ], [ 119.09462738000002, -8.16680049799993, 0.0 ], [ 119.094757081000012, -8.166687010999965, 0.0 ], [ 119.094848632000094, -8.166532515999961, 0.0 ], [ 119.095024109000065, -8.166520118999927, 0.0 ], [ 119.095214844000111, -8.166649818999929, 0.0 ], [ 119.095359803000065, -8.166738510999949, 0.0 ], [ 119.095530260000032, -8.16684689899995, 0.0 ], [ 119.095535278000057, -8.166850089999969, 0.0 ], [ 119.095657349000021, -8.166944502999968, 0.0 ], [ 119.095748902000082, -8.167075156999942, 0.0 ], [ 119.095870972000057, -8.167211531999953, 0.0 ], [ 119.095970154000042, -8.167311668999957, 0.0 ], [ 119.096084596000082, -8.167411803999926, 0.0 ], [ 119.09619903600003, -8.16749477299993, 0.0 ], [ 119.096321106000119, -8.167553901999952, 0.0 ], [ 119.096435547000056, -8.167642593999972, 0.0 ], [ 119.09655761800002, -8.16769504399997, 0.0 ], [ 119.096672058000081, -8.167778015999943, 0.0 ], [ 119.096733093000012, -8.167938231999926, 0.0 ], [ 119.096702576000098, -8.16810989399994, 0.0 ], [ 119.0966568, -8.168258666999975, 0.0 ], [ 119.096649171000081, -8.168425559999946, 0.0 ], [ 119.096679687, -8.16859722099997, 0.0 ], [ 119.09674072200005, -8.168721198999947, 0.0 ], [ 119.096893310000041, -8.168798446999972, 0.0 ], [ 119.097038269000109, -8.168786048999948, 0.0 ], [ 119.097221375000117, -8.168796537999981, 0.0 ], [ 119.097366333000082, -8.168671607999954, 0.0 ], [ 119.097457886000029, -8.168564795999941, 0.0 ], [ 119.097564698000042, -8.168427466999958, 0.0 ], [ 119.097671509000065, -8.16833209999993, 0.0 ], [ 119.09779358000003, -8.168231009999943, 0.0 ], [ 119.097915649000015, -8.168147086999966, 0.0 ], [ 119.098060608000083, -8.168069838999941, 0.0 ], [ 119.098190309000074, -8.167980193999938, 0.0 ], [ 119.098320007000098, -8.16787910499994, 0.0 ], [ 119.098464966000051, -8.167813300999967, 0.0 ], [ 119.098655701000098, -8.167705535999971, 0.0 ], [ 119.09886932400002, -8.167579649999936, 0.0 ], [ 119.099029542000039, -8.16754341199993, 0.0 ], [ 119.099136353000063, -8.167620658999965, 0.0 ], [ 119.099266052000075, -8.167691230999935, 0.0 ], [ 119.09938812200005, -8.167750358999967, 0.0 ], [ 119.099533080000015, -8.167802809999955, 0.0 ], [ 119.099670411000034, -8.167819975999976, 0.0 ], [ 119.099800109000057, -8.167825698999934, 0.0 ], [ 119.099967957000104, -8.167759894999961, 0.0 ], [ 119.100120545000095, -8.167705535999971, 0.0 ], [ 119.100280762000011, -8.167634010999961, 0.0 ], [ 119.100448608000079, -8.167550086999938, 0.0 ], [ 119.100585937, -8.167555807999975, 0.0 ], [ 119.100746154000035, -8.167572974999928, 0.0 ], [ 119.100875855000027, -8.167595862999974, 0.0 ], [ 119.101020814000094, -8.167619703999947, 0.0 ], [ 119.10118103100001, -8.167654990999949, 0.0 ], [ 119.101325990000078, -8.167665481999961, 0.0 ], [ 119.101463318000015, -8.167665481999961, 0.0 ], [ 119.101593018000017, -8.16767120399993, 0.0 ], [ 119.101753235000047, -8.167699812999956, 0.0 ], [ 119.101898194000114, -8.167657851999934, 0.0 ], [ 119.102088929000047, -8.167579649999936, 0.0 ], [ 119.102228849000085, -8.16753362399993, 0.0 ], [ 119.102233887000011, -8.167531966999945, 0.0 ], [ 119.102363587000013, -8.167477607999956, 0.0 ], [ 119.102493286000026, -8.167406082999946, 0.0 ], [ 119.10271453900009, -8.167364120999935, 0.0 ], [ 119.102844239000092, -8.167381285999966, 0.0 ], [ 119.102981568000018, -8.167381286999955, 0.0 ], [ 119.103179932000103, -8.167367935999948, 0.0 ], [ 119.103309631000116, -8.16734409399993, 0.0 ], [ 119.103446961000031, -8.167289732999961, 0.0 ], [ 119.103614807000099, -8.167260169999963, 0.0 ], [ 119.103752136000026, -8.16726493799996, 0.0 ], [ 119.103897096000082, -8.16735362999998, 0.0 ], [ 119.103981019000116, -8.167508124999927, 0.0 ], [ 119.104064942000036, -8.167674064999972, 0.0 ], [ 119.104179382000098, -8.16783905099993, 0.0 ], [ 119.104270936000034, -8.16799926799996, 0.0 ], [ 119.10434723000003, -8.168141365999929, 0.0 ], [ 119.104408264000085, -8.168277738999961, 0.0 ], [ 119.104515076000098, -8.168408393999925, 0.0 ], [ 119.104621887, -8.168550490999962, 0.0 ], [ 119.104438782000102, -8.168633460999956, 0.0 ], [ 119.104316711000024, -8.168687820999935, 0.0 ], [ 119.104209900000114, -8.168777465999938, 0.0 ], [ 119.104087830000026, -8.168854712999973, 0.0 ], [ 119.10392761300011, -8.168902396999954, 0.0 ], [ 119.103782654000042, -8.169015884999965, 0.0 ], [ 119.103607178000061, -8.169117926999945, 0.0 ], [ 119.103485108000086, -8.169183730999976, 0.0 ], [ 119.103363038000111, -8.16926669999998, 0.0 ], [ 119.103225708000082, -8.169374465999965, 0.0 ], [ 119.103042603000063, -8.169464109999979, 0.0 ], [ 119.102905273000033, -8.169559478999929, 0.0 ], [ 119.102783203000058, -8.169649123999932, 0.0 ], [ 119.102645875, -8.169768332999979, 0.0 ], [ 119.102508544000102, -8.169845579999958, 0.0 ], [ 119.102379579000058, -8.169946783999933, 0.0 ], [ 119.102371217000041, -8.169953345999943, 0.0 ], [ 119.102233887000011, -8.170066832999964, 0.0 ], [ 119.102165223000043, -8.170208930999934, 0.0 ], [ 119.102188110000043, -8.170351981999943, 0.0 ], [ 119.102233887000011, -8.170481681999945, 0.0 ], [ 119.102264404000039, -8.170624731999965, 0.0 ], [ 119.102310181, -8.17077255099997, 0.0 ], [ 119.102342593000117, -8.170865062999951, 0.0 ], [ 119.1023559570001, -8.170903205999934, 0.0 ], [ 119.102386474000014, -8.171056747999955, 0.0 ], [ 119.102455140000075, -8.171264647999976, 0.0 ], [ 119.102546692000033, -8.171483992999981, 0.0 ], [ 119.102645875, -8.171721457999979, 0.0 ], [ 119.102722167000024, -8.171922682999934, 0.0 ], [ 119.10279846200001, -8.172035215999927, 0.0 ], [ 119.102905273000033, -8.172183035999979, 0.0 ], [ 119.102973939000094, -8.172301291999929, 0.0 ], [ 119.103034973000035, -8.172431945999961, 0.0 ], [ 119.103080750000117, -8.172574042999941, 0.0 ], [ 119.103126526000096, -8.172716140999967, 0.0 ], [ 119.103164673000038, -8.172900199999958, 0.0 ], [ 119.103218079000044, -8.173042297999928, 0.0 ], [ 119.103240967000033, -8.173202514999957, 0.0 ], [ 119.10327148500005, -8.173410415999967, 0.0 ], [ 119.103317261000029, -8.173576354999966, 0.0 ], [ 119.103355408000084, -8.173707007999951, 0.0 ], [ 119.103424073000042, -8.173860549999972, 0.0 ], [ 119.103507997000065, -8.173991202999957, 0.0 ], [ 119.103576660000044, -8.174121856999932, 0.0 ], [ 119.10365295400004, -8.174299239999925, 0.0 ], [ 119.103736878000063, -8.17451858499993, 0.0 ], [ 119.103797913000108, -8.17467308099998, 0.0 ], [ 119.103843689000087, -8.174833297999953, 0.0 ], [ 119.103897096000082, -8.174975393999944, 0.0 ], [ 119.103981019000116, -8.175087927999925, 0.0 ], [ 119.104064941000047, -8.175217627999928, 0.0 ], [ 119.10414886500007, -8.175342559999933, 0.0 ], [ 119.104270936000034, -8.175496101999954, 0.0 ], [ 119.10437011700003, -8.175649642999929, 0.0 ], [ 119.104438782000102, -8.175774572999956, 0.0 ], [ 119.104515077000087, -8.175887106999937, 0.0 ], [ 119.104583741000056, -8.17601108599996, 0.0 ], [ 119.104660035000052, -8.176141738999945, 0.0 ], [ 119.104766847000064, -8.176265715999932, 0.0 ], [ 119.10486602900005, -8.176366805999976, 0.0 ], [ 119.104988098000035, -8.176466940999944, 0.0 ], [ 119.105094909000059, -8.176561355999979, 0.0 ], [ 119.105224609000061, -8.176655768999979, 0.0 ], [ 119.105346680000025, -8.176762580999934, 0.0 ], [ 119.10554504400011, -8.176903723999942, 0.0 ], [ 119.105674743, -8.17700481299994, 0.0 ], [ 119.105873108000083, -8.177122115999964, 0.0 ], [ 119.106002808000085, -8.177205084999969, 0.0 ], [ 119.106147766000049, -8.17726993499997, 0.0 ], [ 119.106285096000079, -8.177388190999977, 0.0 ], [ 119.106399537000016, -8.177471159999925, 0.0 ], [ 119.106536866000056, -8.177571296999929, 0.0 ], [ 119.106658935000041, -8.177623748999963, 0.0 ], [ 119.106842042000039, -8.177706718999957, 0.0 ], [ 119.107070923000038, -8.177842139999939, 0.0 ], [ 119.107192994000116, -8.177901267999971, 0.0 ], [ 119.107368470000097, -8.177966117999972, 0.0 ], [ 119.10749816900011, -8.178036688999953, 0.0 ], [ 119.107627869000112, -8.178101538999954, 0.0 ], [ 119.107765198000038, -8.178153990999931, 0.0 ], [ 119.107727051000097, -8.178320884999948, 0.0 ], [ 119.107650756000112, -8.178445815999964, 0.0 ], [ 119.107536316000051, -8.178689002999931, 0.0 ], [ 119.107414246000076, -8.178951263999977, 0.0 ], [ 119.107307435000052, -8.179129599999953, 0.0 ], [ 119.107223511000029, -8.179284095999947, 0.0 ], [ 119.107139588000109, -8.179480552999962, 0.0 ], [ 119.107032775000107, -8.179640769999935, 0.0 ], [ 119.106849671000077, -8.179884909999942, 0.0 ], [ 119.106697083000086, -8.180057524999938, 0.0 ], [ 119.106590272000062, -8.180212020999932, 0.0 ], [ 119.106498718000012, -8.180366515999935, 0.0 ], [ 119.106407165000064, -8.180527686999937, 0.0 ], [ 119.106292724000014, -8.180753707999941, 0.0 ], [ 119.106201172000056, -8.180890082999952, 0.0 ], [ 119.106124879000049, -8.181003570999962, 0.0 ], [ 119.106025696000074, -8.181158064999977, 0.0 ], [ 119.105934144000116, -8.181277274999957, 0.0 ], [ 119.105842591000055, -8.181390762999968, 0.0 ], [ 119.105712892000042, -8.18162250499995, 0.0 ], [ 119.105698443000051, -8.181649746999938, 0.0 ], [ 119.105621339000095, -8.181795119999947, 0.0 ], [ 119.105529786000034, -8.181907653999929, 0.0 ], [ 119.105346680000025, -8.182205199999942, 0.0 ], [ 119.105232238000099, -8.182466506999958, 0.0 ], [ 119.105201721000071, -8.182615279999936, 0.0 ], [ 119.105216979000033, -8.182876586999953, 0.0 ], [ 119.105216981000012, -8.183125495999946, 0.0 ], [ 119.105255128000067, -8.183298110999942, 0.0 ], [ 119.105293275, -8.183445930999937, 0.0 ], [ 119.105308533000084, -8.183712958999934, 0.0 ], [ 119.105300903000057, -8.183920859999944, 0.0 ], [ 119.105300903000057, -8.184057235999944, 0.0 ], [ 119.105300904000046, -8.184265136999954, 0.0 ], [ 119.105300903000057, -8.184443473999977, 0.0 ], [ 119.105285645000095, -8.184704779999947, 0.0 ], [ 119.105270386000029, -8.184888839999928, 0.0 ], [ 119.105278015000067, -8.185030935999976, 0.0 ], [ 119.105278015000067, -8.185209273999931, 0.0 ], [ 119.105278015000067, -8.185345648999942, 0.0 ], [ 119.105293275, -8.18558311399994, 0.0 ], [ 119.105285644000105, -8.185796737999965, 0.0 ], [ 119.105285644000105, -8.185945510999943, 0.0 ], [ 119.105293274000019, -8.186081885999954, 0.0 ], [ 119.105331421000074, -8.186253546999978, 0.0 ], [ 119.105369568000015, -8.186395644999948, 0.0 ], [ 119.105438232000097, -8.186537741999928, 0.0 ], [ 119.105507369000065, -8.186684654999965, 0.0 ], [ 119.105522156, -8.18671607999994, 0.0 ], [ 119.10560607900004, -8.186858176999976, 0.0 ], [ 119.105682374000025, -8.186976432999927, 0.0 ], [ 119.105781556000011, -8.187094688999935, 0.0 ], [ 119.105865479000045, -8.187207221999927, 0.0 ], [ 119.105934144000116, -8.187361715999941, 0.0 ], [ 119.106056213000102, -8.187568664999958, 0.0 ], [ 119.106117248000032, -8.187728881999931, 0.0 ], [ 119.106193542000028, -8.187894821999976, 0.0 ], [ 119.106246949000024, -8.18803119699993, 0.0 ], [ 119.106307984000068, -8.18819045999993, 0.0 ], [ 119.106399537000016, -8.188392638999971, 0.0 ], [ 119.106483460000049, -8.188588142999947, 0.0 ], [ 119.106536866000056, -8.188712118999945, 0.0 ], [ 119.106575012, -8.188860892999969, 0.0 ], [ 119.10665893700002, -8.189032553999937, 0.0 ], [ 119.106750489000092, -8.189263343999926, 0.0 ], [ 119.106826783000088, -8.189405440999963, 0.0 ], [ 119.106918336000035, -8.189512252999975, 0.0 ], [ 119.106964111000025, -8.189654350999945, 0.0 ], [ 119.107078553000065, -8.189826011999969, 0.0 ], [ 119.107147217000033, -8.19001579299993, 0.0 ], [ 119.107215882000105, -8.190152167999941, 0.0 ], [ 119.107299805000025, -8.19031238499997, 0.0 ], [ 119.107376099000021, -8.190507887999956, 0.0 ], [ 119.107444764000093, -8.190655706999962, 0.0 ], [ 119.107513427000072, -8.190797805999978, 0.0 ], [ 119.10755920400004, -8.19102954799996, 0.0 ], [ 119.107627868, -8.191183089999981, 0.0 ], [ 119.107711791000042, -8.191438674999972, 0.0 ], [ 119.107757569000114, -8.191622733999964, 0.0 ], [ 119.10783386300011, -8.191770553999959, 0.0 ], [ 119.107933044000106, -8.191947937999942, 0.0 ], [ 119.108024597000053, -8.192090033999932, 0.0 ], [ 119.108123780000028, -8.192291258999944, 0.0 ], [ 119.108169556, -8.192434310999943, 0.0 ], [ 119.108230590000062, -8.192629814999975, 0.0 ], [ 119.10825348000003, -8.192790030999959, 0.0 ], [ 119.108291626000096, -8.193044662999966, 0.0 ], [ 119.108329773000037, -8.193186758999957, 0.0 ], [ 119.10829925500002, -8.193359373999954, 0.0 ], [ 119.108268738000106, -8.193561553999928, 0.0 ], [ 119.10827636800002, -8.193757055999981, 0.0 ], [ 119.108268738000106, -8.19397067899996, 0.0 ], [ 119.108268739000096, -8.194130895999933, 0.0 ], [ 119.10839080900007, -8.194237709999982, 0.0 ], [ 119.108520508000083, -8.194350242999974, 0.0 ], [ 119.108619691000058, -8.19447422099995, 0.0 ], [ 119.108711243000016, -8.194586753999943, 0.0 ], [ 119.108825685000056, -8.19470500999995, 0.0 ], [ 119.108947754000042, -8.19484710699993, 0.0 ], [ 119.108909606000111, -8.195090293999954, 0.0 ], [ 119.10879516600005, -8.195286750999969, 0.0 ], [ 119.108711244, -8.195453642999951, 0.0 ], [ 119.10857391400009, -8.195816039999954, 0.0 ], [ 119.10850525, -8.196000098999946, 0.0 ], [ 119.108421327000087, -8.196119306999947, 0.0 ], [ 119.108360291000054, -8.196273803999929, 0.0 ], [ 119.108291626000096, -8.196428298999933, 0.0 ], [ 119.108184814000083, -8.19676113099996, 0.0 ], [ 119.108131409000066, -8.197004317999927, 0.0 ], [ 119.108062744000108, -8.197141647999956, 0.0 ], [ 119.108043233000103, -8.197183107999933, 0.0 ], [ 119.107978822000064, -8.197319983999932, 0.0 ], [ 119.107917785000041, -8.197474478999936, 0.0 ], [ 119.107841492000034, -8.197688102999962, 0.0 ], [ 119.107765198000038, -8.19783687599994, 0.0 ], [ 119.107688903000053, -8.197967527999936, 0.0 ], [ 119.107620239000084, -8.198128699999927, 0.0 ], [ 119.107574463000105, -8.198283195999977, 0.0 ], [ 119.107505798000034, -8.198484420999932, 0.0 ], [ 119.107475281, -8.198621749999973, 0.0 ], [ 119.107521058000088, -8.198846817999936, 0.0 ], [ 119.107582093000019, -8.199154853999971, 0.0 ], [ 119.107604981, -8.199327468999968, 0.0 ], [ 119.107635499000025, -8.19952869399998, 0.0 ], [ 119.107688903000053, -8.199712753999961, 0.0 ], [ 119.107749939000087, -8.199950217999969, 0.0 ], [ 119.107795716000055, -8.200193403999947, 0.0 ], [ 119.107818604000045, -8.20037078799993, 0.0 ], [ 119.107841491000045, -8.200519561999954, 0.0 ], [ 119.107872010000051, -8.200674056999958, 0.0 ], [ 119.107910157000106, -8.200893401999963, 0.0 ], [ 119.107925415000068, -8.201029777999963, 0.0 ], [ 119.107948303000057, -8.201201437999941, 0.0 ], [ 119.107971193000026, -8.201385498999969, 0.0 ], [ 119.108016968000015, -8.201527594999959, 0.0 ], [ 119.108047486000032, -8.201670646999958, 0.0 ], [ 119.10805511500007, -8.201824186999943, 0.0 ], [ 119.107986451000102, -8.201955795999936, 0.0 ], [ 119.107910157000106, -8.202068328999928, 0.0 ], [ 119.107849120000083, -8.202217101999963, 0.0 ], [ 119.107810974000017, -8.202383040999962, 0.0 ], [ 119.107765198000038, -8.202526091999971, 0.0 ], [ 119.107734680000021, -8.202710151999952, 0.0 ], [ 119.107711792000032, -8.202882766999949, 0.0 ], [ 119.107722326000044, -8.203009827999949, 0.0 ], [ 119.107727051000097, -8.203066824999951, 0.0 ], [ 119.107742311000038, -8.203203200999951, 0.0 ], [ 119.107765198000038, -8.203369140999939, 0.0 ], [ 119.107788086000028, -8.203546523999933, 0.0 ], [ 119.107818604000045, -8.203695296999967, 0.0 ], [ 119.107841492000034, -8.20392703999994, 0.0 ], [ 119.107864379000034, -8.204087256999969, 0.0 ], [ 119.107879639000089, -8.204318046999958, 0.0 ], [ 119.10789489800004, -8.204454421999969, 0.0 ], [ 119.107917787000019, -8.204608915999927, 0.0 ], [ 119.107955934000074, -8.204769134999935, 0.0 ], [ 119.107994080000026, -8.204994199999931, 0.0 ], [ 119.108070373000032, -8.205124854999951, 0.0 ], [ 119.108154296000066, -8.205243110999959, 0.0 ], [ 119.108245850000117, -8.205344198999967, 0.0 ], [ 119.108345033000091, -8.205479621999928, 0.0 ], [ 119.108436585000049, -8.205615996999938, 0.0 ], [ 119.108581544000117, -8.205776214999958, 0.0 ], [ 119.108680725000113, -8.205900192999934, 0.0 ], [ 119.10863494900002, -8.206078529999957, 0.0 ], [ 119.108512879000045, -8.206245421999938, 0.0 ], [ 119.108406066000043, -8.206352232999961, 0.0 ], [ 119.108261109000068, -8.206441878999954, 0.0 ], [ 119.108139038000104, -8.206525801999931, 0.0 ], [ 119.107948303000057, -8.206645011999967, 0.0 ], [ 119.107734681000011, -8.206793785999935, 0.0 ], [ 119.107551574000013, -8.206925392999949, 0.0 ], [ 119.10739898700001, -8.207009314999937, 0.0 ], [ 119.107231141000057, -8.207121848999975, 0.0 ], [ 119.107048034000059, -8.207295417999944, 0.0 ], [ 119.106796264000081, -8.207569121999938, 0.0 ], [ 119.106681823000031, -8.207653045999962, 0.0 ], [ 119.10662078900009, -8.207795142999942, 0.0 ], [ 119.106445313000108, -8.207962035999969, 0.0 ], [ 119.10632324300002, -8.208081245999949, 0.0 ], [ 119.106170655000028, -8.20820045399995, 0.0 ], [ 119.106018067000036, -8.20831966399993, 0.0 ], [ 119.105903626000099, -8.208420753999974, 0.0 ], [ 119.105781556000011, -8.208516120999946, 0.0 ], [ 119.10560608000003, -8.208677291999948, 0.0 ], [ 119.105476380000027, -8.208743094999932, 0.0 ], [ 119.105293274000019, -8.208868980999966, 0.0 ], [ 119.105102540000075, -8.208999632999962, 0.0 ], [ 119.10500335800009, -8.209107398999947, 0.0 ], [ 119.104835510000044, -8.209238051999932, 0.0 ], [ 119.104736329000048, -8.209351539999943, 0.0 ], [ 119.104629517000035, -8.209441184999946, 0.0 ], [ 119.104537964000087, -8.209542273999944, 0.0 ], [ 119.104400636000037, -8.20966148399998, 0.0 ], [ 119.104301452000072, -8.209751127999937, 0.0 ], [ 119.104225158000077, -8.209898948999978, 0.0 ], [ 119.104194642000039, -8.210071563999975, 0.0 ], [ 119.10417175300006, -8.210344314999929, 0.0 ], [ 119.104156494000108, -8.210481641999934, 0.0 ], [ 119.104125977000081, -8.210682867999935, 0.0 ], [ 119.104110718000015, -8.21082592099998, 0.0 ], [ 119.104095458000074, -8.211028098999975, 0.0 ], [ 119.104118348000043, -8.211164473999929, 0.0 ], [ 119.104125977000081, -8.211365697999952, 0.0 ], [ 119.104103088000102, -8.211544036999953, 0.0 ], [ 119.104011537000019, -8.21165084699993, 0.0 ], [ 119.103828431000011, -8.211776732999965, 0.0 ], [ 119.103622436000023, -8.211872100999926, 0.0 ], [ 119.103431703000069, -8.211914061999948, 0.0 ], [ 119.103256226000099, -8.211962699999958, 0.0 ], [ 119.103034974000025, -8.212034224999968, 0.0 ], [ 119.102767945000096, -8.212065695999968, 0.0 ], [ 119.10260009700005, -8.212095260999945, 0.0 ], [ 119.10241699300002, -8.21213817499995, 0.0 ], [ 119.102264404000039, -8.212180137999951, 0.0 ], [ 119.102134705000026, -8.212216376999947, 0.0 ], [ 119.101951599000017, -8.212293624999973, 0.0 ], [ 119.101768495000101, -8.212359427999957, 0.0 ], [ 119.101531982000097, -8.212450027999978, 0.0 ], [ 119.101364136000029, -8.212497710999969, 0.0 ], [ 119.101150514000096, -8.212587355999972, 0.0 ], [ 119.101013183000077, -8.212623595999958, 0.0 ], [ 119.100814819000107, -8.212677955999936, 0.0 ], [ 119.100685119000104, -8.212719917999948, 0.0 ], [ 119.10046386800002, -8.212827682999944, 0.0 ], [ 119.100318909000066, -8.21286392199994, 0.0 ], [ 119.100128175, -8.212977407999972, 0.0 ], [ 119.099998474000017, -8.213030814999968, 0.0 ], [ 119.099891662000118, -8.213227271999926, 0.0 ], [ 119.099830627000074, -8.213352202999943, 0.0 ], [ 119.099754334000068, -8.213471411999933, 0.0 ], [ 119.099716186000023, -8.213637351999978, 0.0 ], [ 119.099678040000072, -8.213809966999975, 0.0 ], [ 119.099639893000017, -8.213994024999977, 0.0 ], [ 119.099617004000038, -8.214172362999932, 0.0 ], [ 119.099540710000042, -8.214362144999939, 0.0 ], [ 119.099510194000118, -8.214510917999974, 0.0 ], [ 119.099479676000101, -8.214707373999943, 0.0 ], [ 119.099472047000063, -8.214908599999944, 0.0 ], [ 119.099464416000046, -8.215057372999979, 0.0 ], [ 119.0994339, -8.21519374899998, 0.0 ], [ 119.099395752000078, -8.215377807999971, 0.0 ], [ 119.099395752000078, -8.215532301999929, 0.0 ], [ 119.099357606000012, -8.215692518999958, 0.0 ], [ 119.099311828000054, -8.215823173999979, 0.0 ], [ 119.099098206, -8.215960502999963, 0.0 ], [ 119.09880828900009, -8.216092109999977, 0.0 ], [ 119.098670960000049, -8.216128349999963, 0.0 ], [ 119.098457337000013, -8.216236114999958, 0.0 ], [ 119.09828949000007, -8.216307640999958, 0.0 ], [ 119.098098755000024, -8.216398239999933, 0.0 ], [ 119.097969055000021, -8.21645164499995, 0.0 ], [ 119.097839356, -8.216499327999941, 0.0 ], [ 119.097679138000103, -8.216577528999949, 0.0 ], [ 119.097557069000118, -8.216649054999948, 0.0 ], [ 119.097396850000109, -8.216851233999932, 0.0 ], [ 119.097282409000059, -8.217029571999944, 0.0 ], [ 119.097137452000084, -8.21729755399997, 0.0 ], [ 119.097007751000092, -8.217512130999978, 0.0 ], [ 119.09693908600002, -8.217648505999932, 0.0 ], [ 119.096870423000041, -8.217773437999938, 0.0 ], [ 119.096817017000035, -8.217898367999965, 0.0 ], [ 119.096687318000022, -8.218112945999962, 0.0 ], [ 119.096611024000026, -8.218225478999955, 0.0 ], [ 119.096511840000062, -8.218398093999951, 0.0 ], [ 119.096405029000039, -8.218552588999955, 0.0 ], [ 119.096321106000119, -8.218713760999947, 0.0 ], [ 119.096252441000047, -8.218844413999932, 0.0 ], [ 119.096153259000062, -8.219022750999954, 0.0 ], [ 119.096061706000114, -8.21921920799997, 0.0 ], [ 119.096000673000049, -8.219385145999979, 0.0 ], [ 119.095939636000026, -8.219522475999952, 0.0 ], [ 119.095870971000068, -8.219699859999935, 0.0 ], [ 119.095825195000089, -8.219866750999927, 0.0 ], [ 119.095756531, -8.220050811999954, 0.0 ], [ 119.095664979000048, -8.22038364399998, 0.0 ], [ 119.09559631400009, -8.220538138999927, 0.0 ], [ 119.095542908000084, -8.220686911999962, 0.0 ], [ 119.095497132000105, -8.220829009999932, 0.0 ], [ 119.095436097000061, -8.220984458999965, 0.0 ], [ 119.095336915000075, -8.221227645999932, 0.0 ], [ 119.095230103000063, -8.221358297999927, 0.0 ], [ 119.095108033000088, -8.221418379999932, 0.0 ], [ 119.094985963000113, -8.221472739999967, 0.0 ], [ 119.094818116000056, -8.221526144999928, 0.0 ], [ 119.094680787000016, -8.22156238499997, 0.0 ], [ 119.094467163000104, -8.221622465999928, 0.0 ], [ 119.094299317000036, -8.221652984999935, 0.0 ], [ 119.094070435000049, -8.221707342999935, 0.0 ], [ 119.093925477000084, -8.221743583999967, 0.0 ], [ 119.093772889000093, -8.221796989999973, 0.0 ], [ 119.09364318900009, -8.221839903999978, 0.0 ], [ 119.093444825, -8.221887588999948, 0.0 ], [ 119.093261719000111, -8.22192954999997, 0.0 ], [ 119.093124389000081, -8.221965789999956, 0.0 ], [ 119.092979431000117, -8.221990584999958, 0.0 ], [ 119.092872620000094, -8.222097395999981, 0.0 ], [ 119.092727661000026, -8.222311973999979, 0.0 ], [ 119.092582702000072, -8.222514150999928, 0.0 ], [ 119.092437744000108, -8.222644806999938, 0.0 ], [ 119.092315674000019, -8.222728728999925, 0.0 ], [ 119.092102050000108, -8.222884176999969, 0.0 ], [ 119.091972351000095, -8.223086356999943, 0.0 ], [ 119.091873170000099, -8.223193168999956, 0.0 ], [ 119.091720580000015, -8.223455427999966, 0.0 ], [ 119.091598511000029, -8.223609923999959, 0.0 ], [ 119.091499329000044, -8.223788260999982, 0.0 ], [ 119.09137725800008, -8.223955153999952, 0.0 ], [ 119.091270448000046, -8.224098203999972, 0.0 ], [ 119.09119415400005, -8.224216460999969, 0.0 ], [ 119.091110229000037, -8.224365234999937, 0.0 ], [ 119.090988159000062, -8.224603651999928, 0.0 ], [ 119.090911865000066, -8.224776266999982, 0.0 ], [ 119.09083557200006, -8.224936485999933, 0.0 ], [ 119.090789795000092, -8.225096702999963, 0.0 ], [ 119.090690613000106, -8.225287436999963, 0.0 ], [ 119.090652467000041, -8.225423811999974, 0.0 ], [ 119.090599061000034, -8.225589751999962, 0.0 ], [ 119.090545654000039, -8.225721358999976, 0.0 ], [ 119.09049987800006, -8.225852012999951, 0.0 ], [ 119.09036255, -8.226119039999958, 0.0 ], [ 119.090270996000072, -8.226309776999926, 0.0 ], [ 119.090209962000017, -8.22648239199998, 0.0 ], [ 119.090148927000087, -8.226613043999976, 0.0 ], [ 119.090095520000091, -8.22674369899994, 0.0 ], [ 119.090026856, -8.226868628999966, 0.0 ], [ 119.089904785000044, -8.226982115999931, 0.0 ], [ 119.089775085000042, -8.227070806999961, 0.0 ], [ 119.089653015000067, -8.227130889999955, 0.0 ], [ 119.08940124500009, -8.227268217999949, 0.0 ], [ 119.089225769000109, -8.227316855999959, 0.0 ], [ 119.089073182000106, -8.227346419999947, 0.0 ], [ 119.088920593000012, -8.227365493999969, 0.0 ], [ 119.088729858000079, -8.227418898999929, 0.0 ], [ 119.088592530000028, -8.227460859999951, 0.0 ], [ 119.088394166000057, -8.227539061999948, 0.0 ], [ 119.088211059000059, -8.227687835999973, 0.0 ], [ 119.088104249000025, -8.22777175899995, 0.0 ], [ 119.087921143000017, -8.227986335999958, 0.0 ], [ 119.087799073000042, -8.228135107999947, 0.0 ], [ 119.087661743000012, -8.22835540799997, 0.0 ], [ 119.087562561000027, -8.228515624999943, 0.0 ], [ 119.087493897000058, -8.228675841999973, 0.0 ], [ 119.087356568000018, -8.228938102999962, 0.0 ], [ 119.087226867000027, -8.229158401999939, 0.0 ], [ 119.087181091000048, -8.229289053999935, 0.0 ], [ 119.08711242600009, -8.22941398599994, 0.0 ], [ 119.087036132000094, -8.229579925999928, 0.0 ], [ 119.08695220900006, -8.229728698999963, 0.0 ], [ 119.086830139000085, -8.229847907999954, 0.0 ], [ 119.086715699000024, -8.229948996999951, 0.0 ], [ 119.086608887000011, -8.230121612999937, 0.0 ], [ 119.086471557000095, -8.230306625999958, 0.0 ], [ 119.086380005000024, -8.230461120999962, 0.0 ], [ 119.086265564000087, -8.230591773999947, 0.0 ], [ 119.086158753000063, -8.230693817999963, 0.0 ], [ 119.086029053000061, -8.230741500999954, 0.0 ], [ 119.085823059000063, -8.230766296999946, 0.0 ], [ 119.085647584000071, -8.230813979999937, 0.0 ], [ 119.085517884000069, -8.230861663999974, 0.0 ], [ 119.085365295000088, -8.230886458999976, 0.0 ], [ 119.085220338000113, -8.230851172999962, 0.0 ], [ 119.085044860000039, -8.230738638999981, 0.0 ], [ 119.084922791000054, -8.230668067999943, 0.0 ], [ 119.08481598000003, -8.230585098999939, 0.0 ], [ 119.084709168000018, -8.23047351799994, 0.0 ], [ 119.084602357000108, -8.230313299999978, 0.0 ], [ 119.084495544000106, -8.230189322999934, 0.0 ], [ 119.084373475, -8.230082511999967, 0.0 ], [ 119.084205627000074, -8.229988096999932, 0.0 ], [ 119.084068299000023, -8.229952812999954, 0.0 ], [ 119.08390045200008, -8.229948043999968, 0.0 ], [ 119.083732605000023, -8.22999000599998, 0.0 ], [ 119.083595277000086, -8.230008124999927, 0.0 ], [ 119.083457947000056, -8.230032920999975, 0.0 ], [ 119.083282471000075, -8.230062484999962, 0.0 ], [ 119.083114625, -8.23005199399995, 0.0 ], [ 119.082977296000081, -8.23005199399995, 0.0 ], [ 119.082794189000083, -8.230040549999956, 0.0 ], [ 119.082580567000036, -8.230053901999952, 0.0 ], [ 119.08242035, -8.23008346599994, 0.0 ], [ 119.082260132000101, -8.230126380999934, 0.0 ], [ 119.082023620000086, -8.23025131299994, 0.0 ], [ 119.081878662, -8.23029994999996, 0.0 ], [ 119.081764221000071, -8.230222702999981, 0.0 ], [ 119.081626892000031, -8.230181694999942, 0.0 ], [ 119.081481933000077, -8.230158805999963, 0.0 ], [ 119.081336975000113, -8.230182647999925, 0.0 ], [ 119.081184387, -8.230218887999968, 0.0 ], [ 119.081039428000054, -8.230243682999969, 0.0 ], [ 119.080902101000106, -8.23029136699995, 0.0 ], [ 119.080741882000098, -8.230327606999936, 0.0 ], [ 119.080505371000072, -8.230363845999932, 0.0 ], [ 119.080291749000025, -8.230394363999949, 0.0 ], [ 119.080101014000093, -8.230430602999945, 0.0 ], [ 119.079963684000063, -8.230466842999931, 0.0 ], [ 119.079795838000109, -8.230503081999927, 0.0 ], [ 119.079757049000023, -8.230514968999955, 0.0 ], [ 119.079559327000084, -8.230575561999956, 0.0 ], [ 119.079383851000102, -8.230611800999952, 0.0 ], [ 119.079223632000094, -8.230618475999961, 0.0 ], [ 119.079010011000037, -8.230648993999978, 0.0 ], [ 119.078849793000018, -8.230684279999934, 0.0 ], [ 119.078704834000064, -8.230714796999962, 0.0 ], [ 119.078529358000083, -8.23076915799993, 0.0 ], [ 119.078353882000101, -8.230829238999945, 0.0 ], [ 119.078208924000023, -8.230853080999964, 0.0 ], [ 119.077987671000074, -8.230895994999969, 0.0 ], [ 119.077850343000023, -8.230925559999946, 0.0 ], [ 119.077705384000069, -8.230950355999937, 0.0 ], [ 119.077568054000039, -8.230944632999979, 0.0 ], [ 119.077339172000052, -8.230975150999939, 0.0 ], [ 119.077201843000012, -8.230957985999964, 0.0 ], [ 119.07704925500002, -8.23095226199996, 0.0 ], [ 119.076896668000018, -8.230940818999954, 0.0 ], [ 119.076744079000036, -8.230941772999927, 0.0 ], [ 119.076606752000089, -8.230954170999951, 0.0 ], [ 119.076477051000097, -8.230972289999954, 0.0 ], [ 119.076339722000057, -8.230978965999952, 0.0 ], [ 119.076187133000076, -8.230979918999935, 0.0 ], [ 119.076034546000074, -8.230979918999935, 0.0 ], [ 119.075881958000082, -8.23099231599997, 0.0 ], [ 119.075675964000084, -8.231100080999965, 0.0 ], [ 119.07554626600006, -8.231248854999933, 0.0 ], [ 119.075469970000086, -8.231379508999964, 0.0 ], [ 119.07540893700002, -8.231511115999979, 0.0 ], [ 119.075263978000066, -8.231695173999981, 0.0 ], [ 119.075172425, -8.231838226999969, 0.0 ], [ 119.075096132000112, -8.23195743499997, 0.0 ], [ 119.0750122070001, -8.232082366999975, 0.0 ], [ 119.074935912000115, -8.232224463999955, 0.0 ], [ 119.074813843000015, -8.232343673999935, 0.0 ], [ 119.074638367000034, -8.232486723999955, 0.0 ], [ 119.074539184000059, -8.23259448899995, 0.0 ], [ 119.074401856, -8.232826232999969, 0.0 ], [ 119.074317932000099, -8.232951163999928, 0.0 ], [ 119.074241638000103, -8.23308181699997, 0.0 ], [ 119.074127198000042, -8.23326683099998, 0.0 ], [ 119.074028016000057, -8.233427046999964, 0.0 ], [ 119.073928834000071, -8.233551978999969, 0.0 ], [ 119.073783875000117, -8.233796119999965, 0.0 ], [ 119.073684692000029, -8.233915328999956, 0.0 ], [ 119.073532105000027, -8.234123229999966, 0.0 ], [ 119.0734176630001, -8.234277725999959, 0.0 ], [ 119.073318482000104, -8.234402655999929, 0.0 ], [ 119.073226930000033, -8.234563826999931, 0.0 ], [ 119.07312011700003, -8.234683036999968, 0.0 ], [ 119.072998047000056, -8.23479556999996, 0.0 ], [ 119.072906495000097, -8.234909056999982, 0.0 ], [ 119.072799684000074, -8.235016822999967, 0.0 ], [ 119.072662354000045, -8.235195159999932, 0.0 ], [ 119.072547913000108, -8.235331534999943, 0.0 ], [ 119.072448731, -8.235456466999949, 0.0 ], [ 119.072357179000051, -8.23556995399997, 0.0 ], [ 119.072265626000103, -8.23568916399995, 0.0 ], [ 119.072113037, -8.23588561899993, 0.0 ], [ 119.071960449000017, -8.23609352099993, 0.0 ], [ 119.071838379000042, -8.236302375999969, 0.0 ], [ 119.071769714000084, -8.236474036999937, 0.0 ], [ 119.071701051000105, -8.236593246999973, 0.0 ], [ 119.071624755000016, -8.236718177999933, 0.0 ], [ 119.071533203000058, -8.236879348999935, 0.0 ], [ 119.071434021000073, -8.237015724999935, 0.0 ], [ 119.071342469000115, -8.237146376999931, 0.0 ], [ 119.071235658000091, -8.237307547999933, 0.0 ], [ 119.071113587000013, -8.23749732899995, 0.0 ], [ 119.071022035000055, -8.237640380999949, 0.0 ], [ 119.070907592000026, -8.237783431999958, 0.0 ], [ 119.070800782000106, -8.237937926999962, 0.0 ], [ 119.070640565000076, -8.238187788999937, 0.0 ], [ 119.070510864000084, -8.238378524999973, 0.0 ], [ 119.070411683000088, -8.238514900999974, 0.0 ], [ 119.070297241000048, -8.23868751599997, 0.0 ], [ 119.070129395000095, -8.238907813999958, 0.0 ], [ 119.070037841000044, -8.239027021999959, 0.0 ], [ 119.06984710800009, -8.239318847999925, 0.0 ], [ 119.069747925000115, -8.23946762099996, 0.0 ], [ 119.069625854000037, -8.239627837999933, 0.0 ], [ 119.069541931000117, -8.23974704699998, 0.0 ], [ 119.069412231000115, -8.239925384999935, 0.0 ], [ 119.069282532000102, -8.240175245999978, 0.0 ], [ 119.069183351000106, -8.240306853999925, 0.0 ], [ 119.06901550300006, -8.240503310999941, 0.0 ], [ 119.068901063000112, -8.240628242999946, 0.0 ], [ 119.06877136300011, -8.240729331999944, 0.0 ], [ 119.068580628000063, -8.240914344999965, 0.0 ], [ 119.068458558000088, -8.241068839999969, 0.0 ], [ 119.068374635000055, -8.241182327999979, 0.0 ], [ 119.068283082000107, -8.241360663999956, 0.0 ], [ 119.068161012000019, -8.241539001999968, 0.0 ], [ 119.068077088000109, -8.241669654999953, 0.0 ], [ 119.067985534000059, -8.241812705999962, 0.0 ], [ 119.067886353000063, -8.241931914999952, 0.0 ], [ 119.067787266000096, -8.242042613999956, 0.0 ], [ 119.067764282000098, -8.242068289999963, 0.0 ], [ 119.067626954000048, -8.242306708999934, 0.0 ], [ 119.067504882000094, -8.242479324999977, 0.0 ], [ 119.067413330000022, -8.242598532999978, 0.0 ], [ 119.067268372000058, -8.242734909999967, 0.0 ], [ 119.067161560000045, -8.242824553999981, 0.0 ], [ 119.067047119000108, -8.242949485999929, 0.0 ], [ 119.066986084000064, -8.243181227999969, 0.0 ], [ 119.066963197000064, -8.243383407999943, 0.0 ], [ 119.066947937, -8.243727682999975, 0.0 ], [ 119.066970826000102, -8.243965147999972, 0.0 ], [ 119.066940308000085, -8.244131087999961, 0.0 ], [ 119.066894531000116, -8.244333266999945, 0.0 ], [ 119.06687927300004, -8.244487761999949, 0.0 ], [ 119.06687927300004, -8.24462413699996, 0.0 ], [ 119.066871644000116, -8.244760511999971, 0.0 ], [ 119.066787719000104, -8.244986533999963, 0.0 ], [ 119.066635133000091, -8.245088576999933, 0.0 ], [ 119.066497803000061, -8.245154379999974, 0.0 ], [ 119.066375733000086, -8.245213508999939, 0.0 ], [ 119.066238404000046, -8.245291709999947, 0.0 ], [ 119.066123963000109, -8.245374678999951, 0.0 ], [ 119.066009521000069, -8.245553970999936, 0.0 ], [ 119.065887452000084, -8.245809554999937, 0.0 ], [ 119.065872192000029, -8.246023177999973, 0.0 ], [ 119.065933228000063, -8.246253965999927, 0.0 ], [ 119.065986634000069, -8.246461868999972, 0.0 ], [ 119.066017151000096, -8.246603964999963, 0.0 ], [ 119.066055298000038, -8.246841429999961, 0.0 ], [ 119.066017150000107, -8.24698352799993, 0.0 ], [ 119.065872193000018, -8.246973037999965, 0.0 ], [ 119.065681458000086, -8.246979713999963, 0.0 ], [ 119.065528869000104, -8.246944427999949, 0.0 ], [ 119.065315246000068, -8.246897696999952, 0.0 ], [ 119.065124511000022, -8.246827125999971, 0.0 ], [ 119.064964295000095, -8.246767997999939, 0.0 ], [ 119.064811707000104, -8.246703147999938, 0.0 ], [ 119.064643860000047, -8.246668814999964, 0.0 ], [ 119.064521790000072, -8.246627806999982, 0.0 ], [ 119.064376831000118, -8.246574401999965, 0.0 ], [ 119.064239502000078, -8.24656295799997, 0.0 ], [ 119.064109803000065, -8.246545791999949, 0.0 ], [ 119.063949585000046, -8.246582030999946, 0.0 ], [ 119.063774110000054, -8.246618270999932, 0.0 ], [ 119.063591004000045, -8.246648787999959, 0.0 ], [ 119.063400268, -8.246637344999954, 0.0 ], [ 119.063255310000045, -8.246625900999959, 0.0 ], [ 119.063125611000032, -8.246626853999942, 0.0 ], [ 119.062904359000072, -8.246615409999947, 0.0 ], [ 119.062728882000101, -8.246598243999927, 0.0 ], [ 119.062446594000107, -8.246599197999956, 0.0 ], [ 119.06225586000005, -8.246588706999944, 0.0 ], [ 119.062095642000031, -8.246582984999975, 0.0 ], [ 119.061927795000088, -8.246577262999949, 0.0 ], [ 119.061668396000073, -8.246537208999939, 0.0 ], [ 119.06151580900007, -8.246525764999944, 0.0 ], [ 119.061302184000056, -8.246526718999974, 0.0 ], [ 119.061096191000047, -8.246527670999967, 0.0 ], [ 119.060935975, -8.246540068999934, 0.0 ], [ 119.060775757000101, -8.246540068999934, 0.0 ], [ 119.060623168, -8.246564864999925, 0.0 ], [ 119.060485841000059, -8.246535299999948, 0.0 ], [ 119.060340882000105, -8.246577262999949, 0.0 ], [ 119.06018829300001, -8.246578216999978, 0.0 ], [ 119.060058594000111, -8.24655437499996, 0.0 ], [ 119.059898377000081, -8.246543882999958, 0.0 ], [ 119.059707641000045, -8.246526718999974, 0.0 ], [ 119.059547425, -8.246491431999971, 0.0 ], [ 119.059379578000062, -8.246456145999957, 0.0 ], [ 119.059234620000097, -8.246433258999957, 0.0 ], [ 119.059082032000106, -8.246380805999934, 0.0 ], [ 119.058944703000066, -8.246321677999958, 0.0 ], [ 119.058815002000074, -8.246238707999964, 0.0 ], [ 119.058677673000034, -8.246162414999958, 0.0 ], [ 119.058525085000042, -8.246097563999967, 0.0 ], [ 119.058403016000057, -8.246038436999982, 0.0 ], [ 119.058219910000048, -8.245991706999973, 0.0 ], [ 119.058097841000063, -8.245932577999952, 0.0 ], [ 119.057952882000109, -8.245850562999976, 0.0 ], [ 119.057823181000117, -8.245802879999928, 0.0 ], [ 119.057670593000012, -8.245691299999976, 0.0 ], [ 119.057502747000058, -8.245656012999973, 0.0 ], [ 119.057365417000028, -8.245656966999945, 0.0 ], [ 119.057167053000057, -8.245704649999936, 0.0 ], [ 119.057014466000055, -8.245740889999979, 0.0 ], [ 119.056823731, -8.245795249999958, 0.0 ], [ 119.056640625000114, -8.245842933999938, 0.0 ], [ 119.056510926000101, -8.245873450999966, 0.0 ], [ 119.056327820000092, -8.245885848999933, 0.0 ], [ 119.056182861000025, -8.245898246999957, 0.0 ], [ 119.055992128000071, -8.245934486999943, 0.0 ], [ 119.055793762, -8.245994567999958, 0.0 ], [ 119.055595397000047, -8.246060371999931, 0.0 ], [ 119.055442810000045, -8.246096610999928, 0.0 ], [ 119.055297851000091, -8.246121406999976, 0.0 ], [ 119.055191040000068, -8.245990752999944, 0.0 ], [ 119.0550766, -8.245861052999942, 0.0 ], [ 119.054969787000118, -8.245737075999955, 0.0 ], [ 119.054786682000099, -8.245541572999969, 0.0 ], [ 119.054672241000048, -8.245434759999966, 0.0 ], [ 119.054550172000063, -8.245340346999967, 0.0 ], [ 119.054435730000023, -8.245234489999973, 0.0 ], [ 119.054336549000027, -8.245115279999936, 0.0 ], [ 119.054237365000063, -8.245009421999953, 0.0 ], [ 119.054115295000088, -8.244896887999971, 0.0 ], [ 119.053962708000086, -8.244767188999958, 0.0 ], [ 119.05388641400009, -8.244535445999929, 0.0 ], [ 119.053810120000094, -8.244411468999942, 0.0 ], [ 119.053710938000108, -8.244269369999927, 0.0 ], [ 119.053627015000075, -8.244127273999936, 0.0 ], [ 119.053527833000089, -8.243955611999979, 0.0 ], [ 119.053382875000011, -8.24374770999998, 0.0 ], [ 119.053298950000112, -8.243599891999963, 0.0 ], [ 119.053215027000078, -8.243487357999982, 0.0 ], [ 119.053131104000045, -8.243363379999948, 0.0 ], [ 119.053062439000087, -8.24324512499993, 0.0 ], [ 119.052986145000091, -8.243132589999959, 0.0 ], [ 119.052902222000057, -8.24297237299993, 0.0 ], [ 119.052795410000044, -8.242776870999933, 0.0 ], [ 119.052703858000086, -8.242676734999975, 0.0 ], [ 119.052589417000036, -8.242522238999982, 0.0 ], [ 119.052474976000099, -8.242433546999962, 0.0 ], [ 119.052383423000038, -8.242309570999964, 0.0 ], [ 119.052276613000117, -8.242215155999929, 0.0 ], [ 119.052139283000088, -8.242161750999969, 0.0 ], [ 119.052009582000096, -8.242096899999979, 0.0 ], [ 119.051895142000035, -8.242026329999931, 0.0 ], [ 119.051773071000071, -8.241955756999971, 0.0 ], [ 119.051589966000051, -8.241813659999934, 0.0 ], [ 119.051483154000039, -8.241730688999951, 0.0 ], [ 119.051322937, -8.241619109999931, 0.0 ], [ 119.051185608000083, -8.241512298999965, 0.0 ], [ 119.05105590800008, -8.24141216299995, 0.0 ], [ 119.050796509000065, -8.241264343999944, 0.0 ], [ 119.050659181000015, -8.241188049999948, 0.0 ], [ 119.050483704000044, -8.241099357999929, 0.0 ], [ 119.050262451000094, -8.24100589699998, 0.0 ], [ 119.050132751000092, -8.240941047999968, 0.0 ], [ 119.0499572760001, -8.240876197999967, 0.0 ], [ 119.049781799000016, -8.240817069999935, 0.0 ], [ 119.049514770000087, -8.240729331999944, 0.0 ], [ 119.049339295000095, -8.240664481999943, 0.0 ], [ 119.049179078000066, -8.24062347399996, 0.0 ], [ 119.049018860000047, -8.240534781999941, 0.0 ], [ 119.048820496000076, -8.240488052999979, 0.0 ], [ 119.048622131000116, -8.240447998999969, 0.0 ], [ 119.048484802000075, -8.240453719999948, 0.0 ], [ 119.0483398450001, -8.240496635999932, 0.0 ], [ 119.048202515000071, -8.240514755999925, 0.0 ], [ 119.048019409000062, -8.240521429999944, 0.0 ], [ 119.047843933000081, -8.24050426499997, 0.0 ], [ 119.047691345000089, -8.24048709799996, 0.0 ], [ 119.047561646000077, -8.240475653999965, 0.0 ], [ 119.047447205000026, -8.24039840699993, 0.0 ], [ 119.047309876000099, -8.240285873999937, 0.0 ], [ 119.047164917000032, -8.240161895999961, 0.0 ], [ 119.047050476000095, -8.240032195999959, 0.0 ], [ 119.046943664000082, -8.239895820999948, 0.0 ], [ 119.046813965000069, -8.239771842999971, 0.0 ], [ 119.046684265000067, -8.239683150999952, 0.0 ], [ 119.046569824000017, -8.239606857999945, 0.0 ], [ 119.046463013000107, -8.239518165999925, 0.0 ], [ 119.046363830000018, -8.239381789999982, 0.0 ], [ 119.046241761000033, -8.239233970999976, 0.0 ], [ 119.046142579000048, -8.239073752999957, 0.0 ], [ 119.046051025000111, -8.238955496999949, 0.0 ], [ 119.045967102000077, -8.238848685999926, 0.0 ], [ 119.045852662000016, -8.238736152999934, 0.0 ], [ 119.04577636700003, -8.238617895999937, 0.0 ], [ 119.04569244400011, -8.238410949999945, 0.0 ], [ 119.045608520000087, -8.238221168999928, 0.0 ], [ 119.045509338000102, -8.238060950999966, 0.0 ], [ 119.04544067300003, -8.237895011999967, 0.0 ], [ 119.04535675000011, -8.237771033999934, 0.0 ], [ 119.045265199000028, -8.237658500999942, 0.0 ], [ 119.045127869000112, -8.237522124999941, 0.0 ], [ 119.045036316000051, -8.23738574999993, 0.0 ], [ 119.044967652000082, -8.237250328999949, 0.0 ], [ 119.044883729000048, -8.237108230999979, 0.0 ], [ 119.044824458000107, -8.236969482999939, 0.0 ], [ 119.044799806000015, -8.236911773999964, 0.0 ], [ 119.044715882000105, -8.236800193999954, 0.0 ], [ 119.044578553000065, -8.236735343999953, 0.0 ], [ 119.044456482000101, -8.236794471999929, 0.0 ], [ 119.044242858000075, -8.236885070999961, 0.0 ], [ 119.044090271000073, -8.236944197999946, 0.0 ], [ 119.043959908000033, -8.236995798999942, 0.0 ], [ 119.043907165000064, -8.237016677999975, 0.0 ], [ 119.043731690000072, -8.237070082999935, 0.0 ], [ 119.043533326000102, -8.237124442999971, 0.0 ], [ 119.04340362500011, -8.237149237999972, 0.0 ], [ 119.04322052100008, -8.237185478999947, 0.0 ], [ 119.043067933000088, -8.237191200999973, 0.0 ], [ 119.042915345000097, -8.237239836999947, 0.0 ], [ 119.04274749800004, -8.237311361999957, 0.0 ], [ 119.042564392000031, -8.237430571999937, 0.0 ], [ 119.042442321000067, -8.237562178999951, 0.0 ], [ 119.042343140000071, -8.237663268999938, 0.0 ], [ 119.042213440000069, -8.237729071999979, 0.0 ], [ 119.042106629000045, -8.23782444099993, 0.0 ], [ 119.041999818000022, -8.237931251999953, 0.0 ], [ 119.041862488000106, -8.237985610999942, 0.0 ], [ 119.041679383000087, -8.237986563999925, 0.0 ], [ 119.041542054000047, -8.237957000999927, 0.0 ], [ 119.041343689000087, -8.237915992999945, 0.0 ], [ 119.041145325000116, -8.237893104999955, 0.0 ], [ 119.040946961000031, -8.237881659999971, 0.0 ], [ 119.040786743000012, -8.237900734999926, 0.0 ], [ 119.040626526000096, -8.237889289999941, 0.0 ], [ 119.040481567000029, -8.237889289999941, 0.0 ], [ 119.04027557500001, -8.23787307799995, 0.0 ], [ 119.040130616000056, -8.237849235999931, 0.0 ], [ 119.039978028000064, -8.237832069999968, 0.0 ], [ 119.03983306900011, -8.237796781999975, 0.0 ], [ 119.039642335000053, -8.237738608999962, 0.0 ], [ 119.03947448800011, -8.237662315999955, 0.0 ], [ 119.039344788000108, -8.237590789999956, 0.0 ], [ 119.039207460000057, -8.237544058999958, 0.0 ], [ 119.039070130000027, -8.237467764999963, 0.0 ], [ 119.038932800000111, -8.237402915999951, 0.0 ], [ 119.038810730000023, -8.237343788999965, 0.0 ], [ 119.038627624000014, -8.237225532999958, 0.0 ], [ 119.03848266600005, -8.237131118999969, 0.0 ], [ 119.038314820000096, -8.237007140999935, 0.0 ], [ 119.038177490000066, -8.236918448999972, 0.0 ], [ 119.038070678000054, -8.236829756999953, 0.0 ], [ 119.037948608000079, -8.236747741999977, 0.0 ], [ 119.037834167000028, -8.236659049999957, 0.0 ], [ 119.037704469000118, -8.236564635999969, 0.0 ], [ 119.037559510000051, -8.236452100999941, 0.0 ], [ 119.037452699000028, -8.236363409999967, 0.0 ], [ 119.037330629000053, -8.23629283899993, 0.0 ], [ 119.037216187000013, -8.236215590999961, 0.0 ], [ 119.037200928000061, -8.236073492999935, 0.0 ], [ 119.037345887000015, -8.235865592999971, 0.0 ], [ 119.037467958000093, -8.235645293999937, 0.0 ], [ 119.037544251000099, -8.235490798999933, 0.0 ], [ 119.037620545000095, -8.235318183999937, 0.0 ], [ 119.037750244000108, -8.23507404399993, 0.0 ], [ 119.037887573000035, -8.23486614199993, 0.0 ], [ 119.038002014000085, -8.234728811999958, 0.0 ], [ 119.038070679000043, -8.234598159999962, 0.0 ], [ 119.038146974000028, -8.23448562699997, 0.0 ], [ 119.038215638000111, -8.234342574999971, 0.0 ], [ 119.038299560000041, -8.234193800999947, 0.0 ], [ 119.038391113000102, -8.23401546499997, 0.0 ], [ 119.038490296000077, -8.233848570999953, 0.0 ], [ 119.038558961000035, -8.233682631999955, 0.0 ], [ 119.03864288300008, -8.233510016999958, 0.0 ], [ 119.038696290000075, -8.233379363999973, 0.0 ], [ 119.038749694000103, -8.233236312999964, 0.0 ], [ 119.038780212, -8.233099937999953, 0.0 ], [ 119.03864288300008, -8.233094214999937, 0.0 ], [ 119.038452149000022, -8.233036040999934, 0.0 ], [ 119.038307191000058, -8.23302459699994, 0.0 ], [ 119.038116456000012, -8.232989310999926, 0.0 ], [ 119.037994385000047, -8.23291301699993, 0.0 ], [ 119.037857056, -8.232830046999936, 0.0 ], [ 119.037719726000091, -8.232765197999981, 0.0 ], [ 119.037620545000095, -8.232659338999952, 0.0 ], [ 119.037528993000024, -8.232564925999952, 0.0 ], [ 119.037483216000055, -8.232421875999933, 0.0 ], [ 119.037452699000028, -8.232274054999948, 0.0 ], [ 119.037414551000097, -8.232084272999941, 0.0 ], [ 119.037399293000021, -8.231905936999965, 0.0 ], [ 119.037345886000026, -8.231781959999978, 0.0 ], [ 119.03726959200003, -8.231633186999943, 0.0 ], [ 119.037162781, -8.231485366999948, 0.0 ], [ 119.037048340000069, -8.231343269999968, 0.0 ], [ 119.036979675000111, -8.231225013999961, 0.0 ], [ 119.036811828000054, -8.231136321999941, 0.0 ], [ 119.036682130000031, -8.231018065999933, 0.0 ], [ 119.036552429000039, -8.230899809999926, 0.0 ], [ 119.036476136000033, -8.230775832999939, 0.0 ], [ 119.036376952000069, -8.230651855999952, 0.0 ], [ 119.036262513000111, -8.230485914999974, 0.0 ], [ 119.036132813000108, -8.230355262999979, 0.0 ], [ 119.036110919000066, -8.230321281999977, 0.0 ], [ 119.036041260000047, -8.230213165999942, 0.0 ], [ 119.035942078000062, -8.230089187999965, 0.0 ], [ 119.035873413000104, -8.229947090999929, 0.0 ], [ 119.035774231000119, -8.229775427999925, 0.0 ], [ 119.035652162000019, -8.229603767999947, 0.0 ], [ 119.035575868000024, -8.229461668999932, 0.0 ], [ 119.035400391000053, -8.229408263999971, 0.0 ], [ 119.035232543, -8.22937393199993, 0.0 ], [ 119.03507232700008, -8.229320524999935, 0.0 ], [ 119.034896852000088, -8.229279517999942, 0.0 ], [ 119.034606934000067, -8.229281424999954, 0.0 ], [ 119.034423829000048, -8.229299545999936, 0.0 ], [ 119.034255981000115, -8.229330062999964, 0.0 ], [ 119.03405761800002, -8.229342460999931, 0.0 ], [ 119.033897399000011, -8.229336738999962, 0.0 ], [ 119.033660889000089, -8.229308126999967, 0.0 ], [ 119.03350067100007, -8.229290962999926, 0.0 ], [ 119.033370972000057, -8.229279518999931, 0.0 ], [ 119.033233643000017, -8.229268072999957, 0.0 ], [ 119.03309631400009, -8.229245185999957, 0.0 ], [ 119.032997131000116, -8.229108809999957, 0.0 ], [ 119.032852172000048, -8.228949546999957, 0.0 ], [ 119.032676697000056, -8.228801727999951, 0.0 ], [ 119.032546998000043, -8.228700637999964, 0.0 ], [ 119.032455445000096, -8.228588104999972, 0.0 ], [ 119.032325746000083, -8.228482246999931, 0.0 ], [ 119.032180787000016, -8.228393554999968, 0.0 ], [ 119.032058716000051, -8.228317260999972, 0.0 ], [ 119.03188324000007, -8.228175161999957, 0.0 ], [ 119.031761169000106, -8.228086469999937, 0.0 ], [ 119.031646729000045, -8.227986335999958, 0.0 ], [ 119.031478881000112, -8.227814673999944, 0.0 ], [ 119.031356812000013, -8.227749823999943, 0.0 ], [ 119.031173707000107, -8.227756499999941, 0.0 ], [ 119.031036377000078, -8.227804183999979, 0.0 ], [ 119.030906678000065, -8.227875709999978, 0.0 ], [ 119.030792237000014, -8.227989196999943, 0.0 ], [ 119.030654908000088, -8.228073119999976, 0.0 ], [ 119.030479431000117, -8.228061675999982, 0.0 ], [ 119.030326843000012, -8.228133201999981, 0.0 ], [ 119.030189514000085, -8.228180884999972, 0.0 ], [ 119.030068673000073, -8.228125655999975, 0.0 ], [ 119.029945373000032, -8.228069305999952, 0.0 ], [ 119.029785156000116, -8.227980613999932, 0.0 ], [ 119.029678345000093, -8.227880477999975, 0.0 ], [ 119.029472352000084, -8.227762221999967, 0.0 ], [ 119.029258729000048, -8.227656364999973, 0.0 ], [ 119.029014588000109, -8.227556228999958, 0.0 ], [ 119.028831482000101, -8.227485656999932, 0.0 ], [ 119.028739929000039, -8.227343557999973, 0.0 ], [ 119.028640748000043, -8.22714233399995, 0.0 ], [ 119.02855682400002, -8.227018356999963, 0.0 ], [ 119.02849578900009, -8.226893423999968, 0.0 ], [ 119.0284729010001, -8.226757048999957, 0.0 ], [ 119.028419495000094, -8.226572988999976, 0.0 ], [ 119.028343201000098, -8.226366043999974, 0.0 ], [ 119.028297424000016, -8.226200103999929, 0.0 ], [ 119.028282166000054, -8.226010321999979, 0.0 ], [ 119.028282165000064, -8.225831985999946, 0.0 ], [ 119.028297425, -8.225647924999976, 0.0 ], [ 119.028320314000098, -8.225481986999966, 0.0 ], [ 119.028350830000022, -8.225320815999964, 0.0 ], [ 119.028411866000056, -8.225154875999976, 0.0 ], [ 119.028465271000073, -8.225000381999962, 0.0 ], [ 119.028450012, -8.224810599999955, 0.0 ], [ 119.0284729010001, -8.224531173999935, 0.0 ], [ 119.028511049000031, -8.224370954999927, 0.0 ], [ 119.028533936000031, -8.224210737999954, 0.0 ], [ 119.028587342000037, -8.22406768899998, 0.0 ], [ 119.028640748000043, -8.223942756999975, 0.0 ], [ 119.028656005000016, -8.223800657999959, 0.0 ], [ 119.028625489000092, -8.223651885999971, 0.0 ], [ 119.028602600000113, -8.223504065999975, 0.0 ], [ 119.028549194000107, -8.22337913399997, 0.0 ], [ 119.028488160000052, -8.223255156999926, 0.0 ], [ 119.028411866000056, -8.223053930999981, 0.0 ], [ 119.028381348000039, -8.22291755599997, 0.0 ], [ 119.028289795000092, -8.222727773999964, 0.0 ], [ 119.028213501000096, -8.222573279999949, 0.0 ], [ 119.028144836000024, -8.22243118199998, 0.0 ], [ 119.028076171000066, -8.222211837999964, 0.0 ], [ 119.02797699000007, -8.22199249199997, 0.0 ], [ 119.027931214000091, -8.221850394999933, 0.0 ], [ 119.027824401000089, -8.221678733999966, 0.0 ], [ 119.027786256000013, -8.221507071999952, 0.0 ], [ 119.027763367000034, -8.221352576999948, 0.0 ], [ 119.027709962000017, -8.22111511199995, 0.0 ], [ 119.027656556000011, -8.220931053999948, 0.0 ], [ 119.027549745000101, -8.220777511999927, 0.0 ], [ 119.02748107900004, -8.220646857999952, 0.0 ], [ 119.027427674000023, -8.220403670999929, 0.0 ], [ 119.027412416000061, -8.220184324999934, 0.0 ], [ 119.027420045000099, -8.220012664999956, 0.0 ], [ 119.027397156, -8.219875335999973, 0.0 ], [ 119.027381896000065, -8.219661712999937, 0.0 ], [ 119.027397156, -8.219454765999956, 0.0 ], [ 119.027397156, -8.219317435999926, 0.0 ], [ 119.027420045000099, -8.219103813999936, 0.0 ], [ 119.027450562000013, -8.218914032999976, 0.0 ], [ 119.027473450000116, -8.218717574999971, 0.0 ], [ 119.027496338000105, -8.218551635999972, 0.0 ], [ 119.027511597000057, -8.218397139999979, 0.0 ], [ 119.027542115000074, -8.218249320999973, 0.0 ], [ 119.027565002000074, -8.21809482599997, 0.0 ], [ 119.027572631000112, -8.217922210999973, 0.0 ], [ 119.027580262000015, -8.217690466999954, 0.0 ], [ 119.027626038000108, -8.217458724999972, 0.0 ], [ 119.027648927000087, -8.217221259999974, 0.0 ], [ 119.027656556000011, -8.217031478999957, 0.0 ], [ 119.027648926000097, -8.216853141999934, 0.0 ], [ 119.027603149000015, -8.216640471999938, 0.0 ], [ 119.027549743, -8.216361045999975, 0.0 ], [ 119.027526856, -8.216224669999974, 0.0 ], [ 119.027526855000019, -8.216040611999972, 0.0 ], [ 119.027519227000084, -8.215898512999956, 0.0 ], [ 119.027526855000019, -8.215749739999978, 0.0 ], [ 119.027534486000036, -8.215589522999949, 0.0 ], [ 119.027587891000053, -8.215328215999932, 0.0 ], [ 119.027679443000011, -8.215221404999966, 0.0 ], [ 119.027778626000099, -8.215030669999976, 0.0 ], [ 119.027847291000057, -8.214852332999953, 0.0 ], [ 119.027946473000043, -8.214650153999969, 0.0 ], [ 119.02799987800006, -8.214501380999934, 0.0 ], [ 119.028083801000093, -8.214376449999975, 0.0 ], [ 119.028129578000062, -8.214198112999952, 0.0 ], [ 119.028182984000068, -8.214067458999978, 0.0 ], [ 119.028289795000092, -8.213800428999946, 0.0 ], [ 119.02833557200006, -8.21366977699995, 0.0 ], [ 119.028465271000073, -8.213372230999937, 0.0 ], [ 119.028533935000041, -8.213241576999962, 0.0 ], [ 119.028617859000065, -8.213110923999977, 0.0 ], [ 119.028785707000111, -8.212925910999957, 0.0 ], [ 119.02887725800008, -8.212747573999934, 0.0 ], [ 119.029060364000088, -8.212497710999969, 0.0 ], [ 119.029159547000063, -8.212319373999946, 0.0 ], [ 119.029266357000097, -8.212170599999979, 0.0 ], [ 119.029267706000041, -8.212167850999947, 0.0 ], [ 119.029365539000082, -8.211968420999938, 0.0 ], [ 119.029434203000051, -8.211837768999942, 0.0 ], [ 119.029510498000036, -8.211706160999938, 0.0 ], [ 119.029663087000017, -8.211522102999936, 0.0 ], [ 119.029808045000095, -8.21134948699995, 0.0 ], [ 119.029991150000114, -8.211188316999937, 0.0 ], [ 119.030189515000075, -8.210986137999953, 0.0 ], [ 119.030296326000098, -8.210890769999935, 0.0 ], [ 119.030456544000117, -8.210783004999939, 0.0 ], [ 119.030555725000113, -8.210675238999954, 0.0 ], [ 119.030677796000077, -8.210509299999956, 0.0 ], [ 119.030555725000113, -8.210426328999972, 0.0 ], [ 119.030349732000104, -8.210272789999976, 0.0 ], [ 119.030181884000058, -8.210213659999965, 0.0 ], [ 119.02997589000006, -8.210137366999959, 0.0 ], [ 119.029777528000068, -8.210066795999978, 0.0 ], [ 119.029632568000011, -8.209990500999936, 0.0 ], [ 119.029449463000105, -8.209878921999973, 0.0 ], [ 119.029266357000097, -8.209742546999962, 0.0 ], [ 119.029098511000029, -8.209671973999946, 0.0 ], [ 119.028976441000054, -8.209607123999945, 0.0 ], [ 119.028785706, -8.209566116999952, 0.0 ], [ 119.028617860000054, -8.209507941999959, 0.0 ], [ 119.028488160000052, -8.209454535999953, 0.0 ], [ 119.028350831000012, -8.209378241999957, 0.0 ], [ 119.028251647000047, -8.209283828999958, 0.0 ], [ 119.028099060000045, -8.20916557299995, 0.0 ], [ 119.02797699000007, -8.209088324999925, 0.0 ], [ 119.02777862500011, -8.209012030999929, 0.0 ], [ 119.027633668000021, -8.209018707999974, 0.0 ], [ 119.027435303000061, -8.208977699999934, 0.0 ], [ 119.027229309000063, -8.208919523999953, 0.0 ], [ 119.027099609000061, -8.208854674999941, 0.0 ], [ 119.026893616000052, -8.208730696999964, 0.0 ], [ 119.026664733000075, -8.208636283999965, 0.0 ], [ 119.026504516000045, -8.208571433999964, 0.0 ], [ 119.026374817000033, -8.20851898199993, 0.0 ], [ 119.026252746000068, -8.208465574999934, 0.0 ], [ 119.026016236000032, -8.208401678999962, 0.0 ], [ 119.025779725, -8.208253859999957, 0.0 ], [ 119.025657654000042, -8.20812988299997, 0.0 ], [ 119.025444030000017, -8.208005905999926, 0.0 ], [ 119.02530670200008, -8.20789909299998, 0.0 ], [ 119.02516937300004, -8.207822798999928, 0.0 ], [ 119.025024415000075, -8.20773982999998, 0.0 ], [ 119.024894715000073, -8.207698820999951, 0.0 ], [ 119.02478790400005, -8.207592963999957, 0.0 ], [ 119.024696351000102, -8.20749187499996, 0.0 ], [ 119.024551392000035, -8.207421301999943, 0.0 ], [ 119.024383546000081, -8.207422256999962, 0.0 ], [ 119.024200439000083, -8.207410812999967, 0.0 ], [ 119.024055481000119, -8.207375526999954, 0.0 ], [ 119.023887635000051, -8.207370757999968, 0.0 ], [ 119.023750305000021, -8.207370757999968, 0.0 ], [ 119.023567199000013, -8.207377432999976, 0.0 ], [ 119.023437500000114, -8.207401274999938, 0.0 ], [ 119.023292542000036, -8.207426071999976, 0.0 ], [ 119.023147583000082, -8.207462310999972, 0.0 ], [ 119.02301788300008, -8.20749187499996, 0.0 ], [ 119.022796631, -8.20754051199998, 0.0 ], [ 119.022598267000035, -8.207606313999975, 0.0 ], [ 119.022399902000075, -8.20769023899993, 0.0 ], [ 119.022270203000062, -8.207774160999975, 0.0 ], [ 119.022079468000015, -8.207911489999958, 0.0 ], [ 119.02195739800004, -8.20801830299996, 0.0 ], [ 119.021873475, -8.208126067999956, 0.0 ], [ 119.021789552000087, -8.20828056299996, 0.0 ], [ 119.021705628000063, -8.20839977299994, 0.0 ], [ 119.021583558000088, -8.20860767399995, 0.0 ], [ 119.021430969000107, -8.20860767399995, 0.0 ], [ 119.021293641000057, -8.208549499999947, 0.0 ], [ 119.021156311000027, -8.208466529999953, 0.0 ], [ 119.020988465000073, -8.208384513999931, 0.0 ], [ 119.020835877000081, -8.208307266999952, 0.0 ], [ 119.020637513000111, -8.208201407999979, 0.0 ], [ 119.020401002000085, -8.208113669999932, 0.0 ], [ 119.020256043000018, -8.208048819999931, 0.0 ], [ 119.020133973000043, -8.20800113699994, 0.0 ], [ 119.02000427300004, -8.20793056499997, 0.0 ], [ 119.019851685000049, -8.207795141999952, 0.0 ], [ 119.019615174000023, -8.207653045999962, 0.0 ], [ 119.019493104000048, -8.207582472999945, 0.0 ], [ 119.019386292000036, -8.207506178999949, 0.0 ], [ 119.019248962, -8.207447051999964, 0.0 ], [ 119.019119264000096, -8.207406043999981, 0.0 ], [ 119.019020080000018, -8.207304953999937, 0.0 ], [ 119.01892852800006, -8.207204818999969, 0.0 ], [ 119.018814088000113, -8.207103728999925, 0.0 ], [ 119.018707275000111, -8.206979750999949, 0.0 ], [ 119.018683863000092, -8.206947998999965, 0.0 ], [ 119.018554688000108, -8.206772804999957, 0.0 ], [ 119.018501513000047, -8.206657148999966, 0.0 ], [ 119.018478394000113, -8.206606864999969, 0.0 ], [ 119.01843261800002, -8.206476211999927, 0.0 ], [ 119.018264770000087, -8.206173896999928, 0.0 ], [ 119.018142701000102, -8.206091879999974, 0.0 ], [ 119.018100175000086, -8.206062975999942, 0.0 ], [ 119.018020630000024, -8.206008910999969, 0.0 ], [ 119.017898561000038, -8.205920219999939, 0.0 ], [ 119.017807007000101, -8.205801962999942, 0.0 ], [ 119.017700195000089, -8.205701827999974, 0.0 ], [ 119.017562866000048, -8.205530166999949, 0.0 ], [ 119.017509461000031, -8.205388067999934, 0.0 ], [ 119.017417908000084, -8.205222129999981, 0.0 ], [ 119.017257691000054, -8.205008506999945, 0.0 ], [ 119.017168722000065, -8.204887234999944, 0.0 ], [ 119.017097473000035, -8.20479011599997, 0.0 ], [ 119.016960144000109, -8.204635619999976, 0.0 ], [ 119.016830444000107, -8.204469680999978, 0.0 ], [ 119.016670227000077, -8.204310416999931, 0.0 ], [ 119.016548157000102, -8.204197883999939, 0.0 ], [ 119.016410828000062, -8.204127310999979, 0.0 ], [ 119.016311646000077, -8.20403289799998, 0.0 ], [ 119.016227722000053, -8.203920364999931, 0.0 ], [ 119.016124470000022, -8.203849758999979, 0.0 ], [ 119.01609802300004, -8.203831672999968, 0.0 ], [ 119.015968323000038, -8.203761099999952, 0.0 ], [ 119.015938949000088, -8.203656715999955, 0.0 ], [ 119.015914917000032, -8.20357131999998, 0.0 ], [ 119.01589965800008, -8.20343494399998, 0.0 ], [ 119.015861512000015, -8.203304290999938, 0.0 ], [ 119.015823364000084, -8.203149795999934, 0.0 ], [ 119.015739441000051, -8.20290756299994, 0.0 ], [ 119.015693665000072, -8.202758789999962, 0.0 ], [ 119.015640260000055, -8.202539442999978, 0.0 ], [ 119.015571595000097, -8.202367781999953, 0.0 ], [ 119.015464784000073, -8.20211887399995, 0.0 ], [ 119.015411378000067, -8.201929091999943, 0.0 ], [ 119.015335083000082, -8.201674461999971, 0.0 ], [ 119.015258790000075, -8.201395033999972, 0.0 ], [ 119.015197754000042, -8.20126533499996, 0.0 ], [ 119.015151977000073, -8.201099395999961, 0.0 ], [ 119.015113831, -8.200902938999945, 0.0 ], [ 119.015068054000039, -8.200725554999963, 0.0 ], [ 119.014976501000092, -8.200631139999928, 0.0 ], [ 119.0148010260001, -8.200530051999976, 0.0 ], [ 119.014678955000022, -8.20036506699995, 0.0 ], [ 119.014556885000047, -8.200216292999926, 0.0 ], [ 119.014480591000051, -8.200103759999934, 0.0 ], [ 119.014366150000114, -8.199992178999935, 0.0 ], [ 119.014289857000108, -8.199843406999946, 0.0 ], [ 119.01419067300003, -8.199725151999928, 0.0 ], [ 119.014129639000089, -8.199601173999952, 0.0 ], [ 119.014053345000093, -8.199452399999927, 0.0 ], [ 119.013886505000073, -8.199224663999928, 0.0 ], [ 119.013862609000057, -8.19919204699994, 0.0 ], [ 119.013793945000089, -8.199044227999934, 0.0 ], [ 119.013732910000044, -8.198920248999968, 0.0 ], [ 119.013641358000086, -8.198754310999959, 0.0 ], [ 119.013526917000036, -8.198605537999981, 0.0 ], [ 119.013458252000078, -8.198487281999974, 0.0 ], [ 119.013381958000082, -8.198321342999975, 0.0 ], [ 119.013328552000075, -8.198197363999952, 0.0 ], [ 119.013259887000117, -8.198066710999967, 0.0 ], [ 119.013168335000046, -8.19794273399998, 0.0 ], [ 119.013076783000088, -8.197788238999976, 0.0 ], [ 119.012992859000065, -8.197669982999969, 0.0 ], [ 119.012977601000102, -8.197462080999969, 0.0 ], [ 119.012985229000037, -8.197314262999953, 0.0 ], [ 119.013023376000092, -8.197123525999928, 0.0 ], [ 119.013061525000012, -8.196981429999937, 0.0 ], [ 119.01309204000006, -8.196838378999928, 0.0 ], [ 119.013145448000046, -8.19660091399993, 0.0 ], [ 119.013183594000111, -8.196464538999976, 0.0 ], [ 119.013229371000079, -8.196262359999935, 0.0 ], [ 119.013298035000048, -8.196089744999938, 0.0 ], [ 119.013328552000075, -8.195787429999939, 0.0 ], [ 119.013343811000027, -8.195466994999947, 0.0 ], [ 119.013343811000027, -8.195323943999938, 0.0 ], [ 119.013351440000065, -8.195062635999932, 0.0 ], [ 119.013374329000044, -8.194914816999926, 0.0 ], [ 119.013435363000099, -8.194688796999969, 0.0 ], [ 119.013481141000057, -8.194522857999971, 0.0 ], [ 119.013549806000015, -8.194326400999955, 0.0 ], [ 119.013595582000107, -8.194171905999951, 0.0 ], [ 119.013648986000021, -8.193993568999929, 0.0 ], [ 119.013732910000044, -8.193809508999948, 0.0 ], [ 119.013778686000023, -8.19366073499998, 0.0 ], [ 119.013793946000078, -8.193476676999978, 0.0 ], [ 119.013824464000095, -8.193340300999978, 0.0 ], [ 119.013854980000019, -8.193096160999971, 0.0 ], [ 119.013900757000101, -8.192930219999937, 0.0 ], [ 119.013938904000042, -8.19275760599993, 0.0 ], [ 119.013969422000059, -8.192621230999976, 0.0 ], [ 119.014244080000026, -8.192602157999943, 0.0 ], [ 119.014381408000077, -8.192637443999956, 0.0 ], [ 119.014556885000047, -8.192606925999939, 0.0 ], [ 119.014739991000056, -8.192594528999962, 0.0 ], [ 119.01488494900002, -8.192600248999952, 0.0 ], [ 119.015029908000088, -8.192617415999962, 0.0 ], [ 119.015167237000014, -8.192664144999981, 0.0 ], [ 119.015419007000105, -8.192360877999931, 0.0 ], [ 119.015487671000074, -8.192241668999941, 0.0 ], [ 119.015556336000031, -8.192039489999956, 0.0 ], [ 119.015594483000086, -8.191843985999981, 0.0 ], [ 119.015586853000059, -8.191641807999929, 0.0 ], [ 119.015586853000059, -8.191422462999981, 0.0 ], [ 119.015586853000059, -8.191279410999925, 0.0 ], [ 119.015609742000038, -8.191113471999927, 0.0 ], [ 119.015609741000048, -8.190857886999936, 0.0 ], [ 119.015594483000086, -8.190644262999967, 0.0 ], [ 119.01557922500001, -8.190490720999946, 0.0 ], [ 119.015533447000053, -8.190247535999958, 0.0 ], [ 119.015480043000025, -8.190045355999928, 0.0 ], [ 119.015449524000019, -8.189908979999927, 0.0 ], [ 119.015449525, -8.189689636999958, 0.0 ], [ 119.015434265000067, -8.189540862999934, 0.0 ], [ 119.015411378000067, -8.18940448799998, 0.0 ], [ 119.015411378000067, -8.189244269999961, 0.0 ], [ 119.015388489000088, -8.189084052999931, 0.0 ], [ 119.015304565000065, -8.188906669999938, 0.0 ], [ 119.01524353100001, -8.188776014999974, 0.0 ], [ 119.015182496000079, -8.188550947999943, 0.0 ], [ 119.015121460000046, -8.18831920599996, 0.0 ], [ 119.015098571000067, -8.188177107999934, 0.0 ], [ 119.015052795000088, -8.187975883999968, 0.0 ], [ 119.014999389000081, -8.187839507999968, 0.0 ], [ 119.014938356000016, -8.187666891999982, 0.0 ], [ 119.014907838000113, -8.187477111999954, 0.0 ], [ 119.014862061000031, -8.187281606999932, 0.0 ], [ 119.014839172000052, -8.187121390999948, 0.0 ], [ 119.014831543000014, -8.186961174999965, 0.0 ], [ 119.014778138000111, -8.186830520999933, 0.0 ], [ 119.014739991000056, -8.186682699999949, 0.0 ], [ 119.014686585000049, -8.186540603999958, 0.0 ], [ 119.014686585000049, -8.186344146999943, 0.0 ], [ 119.01466369700006, -8.18617248399994, 0.0 ], [ 119.014656068000022, -8.186000823999962, 0.0 ], [ 119.014640807000092, -8.185810088999972, 0.0 ], [ 119.014633179000043, -8.185638426999958, 0.0 ], [ 119.014610290000064, -8.18548965399998, 0.0 ], [ 119.014610292000043, -8.18525886599997, 0.0 ], [ 119.014610291000054, -8.185015678999946, 0.0 ], [ 119.014610290000064, -8.184848784999929, 0.0 ], [ 119.014610290000064, -8.184647559999974, 0.0 ], [ 119.014595032000102, -8.184504508999964, 0.0 ], [ 119.01464080900007, -8.184320448999927, 0.0 ], [ 119.014666656000031, -8.184244927999941, 0.0 ], [ 119.014701843000012, -8.18414211299995, 0.0 ], [ 119.01484680100009, -8.183981894999931, 0.0 ], [ 119.014953614000092, -8.183879851999961, 0.0 ], [ 119.015075685000056, -8.183719634999932, 0.0 ], [ 119.015190126000107, -8.183606147999967, 0.0 ], [ 119.015243530000021, -8.183481215999961, 0.0 ], [ 119.015304565000065, -8.183320998999932, 0.0 ], [ 119.015289306000113, -8.183178901999952, 0.0 ], [ 119.015258790000075, -8.182959555999958, 0.0 ], [ 119.015266419000113, -8.182763099999931, 0.0 ], [ 119.015335084000071, -8.182483673999968, 0.0 ], [ 119.015342713000109, -8.182288169999936, 0.0 ], [ 119.015350342000033, -8.182127952999963, 0.0 ], [ 119.015350342000033, -8.181920051999953, 0.0 ], [ 119.015327455000033, -8.181777952999937, 0.0 ], [ 119.015251160000048, -8.181612014999928, 0.0 ], [ 119.015190125000117, -8.181481360999953, 0.0 ], [ 119.015113831, -8.18130397799996, 0.0 ], [ 119.015068054000039, -8.181125640999937, 0.0 ], [ 119.015022277000071, -8.180912017999958, 0.0 ], [ 119.014991760000044, -8.180716513999926, 0.0 ], [ 119.014968873000043, -8.180502891999936, 0.0 ], [ 119.014939244000061, -8.180417709999972, 0.0 ], [ 119.014892579000048, -8.180283545999941, 0.0 ], [ 119.01484680100009, -8.180152892999956, 0.0 ], [ 119.014808655000024, -8.180016517999945, 0.0 ], [ 119.014701843000012, -8.179850578999947, 0.0 ], [ 119.01462555, -8.179702758999952, 0.0 ], [ 119.014541626000096, -8.179584502999944, 0.0 ], [ 119.014457703000062, -8.179442403999929, 0.0 ], [ 119.014419555000018, -8.179300307999938, 0.0 ], [ 119.014366150000114, -8.179175376999979, 0.0 ], [ 119.014266967000026, -8.179057120999971, 0.0 ], [ 119.014129639000089, -8.17899227099997, 0.0 ], [ 119.014038087000017, -8.178844450999975, 0.0 ], [ 119.014175415000068, -8.178813934999937, 0.0 ], [ 119.014366150000114, -8.17885494199993, 0.0 ], [ 119.014511109000068, -8.178866386999971, 0.0 ], [ 119.014671326000098, -8.178889273999971, 0.0 ], [ 119.0148239130001, -8.17891216299995, 0.0 ], [ 119.014961243000016, -8.178995132999944, 0.0 ], [ 119.015174867000042, -8.179083823999974, 0.0 ], [ 119.015335084000071, -8.179147720999936, 0.0 ], [ 119.015548707000107, -8.179224967999971, 0.0 ], [ 119.015670777000082, -8.179277419999949, 0.0 ], [ 119.015808105000019, -8.179336547999981, 0.0 ], [ 119.015953064000087, -8.179394720999937, 0.0 ], [ 119.01609802300004, -8.179442405999964, 0.0 ], [ 119.016311646000077, -8.179482459999974, 0.0 ], [ 119.016510010000047, -8.179512022999972, 0.0 ], [ 119.016708374000018, -8.179522513999927, 0.0 ], [ 119.016899110000054, -8.179528235999953, 0.0 ], [ 119.017127991000052, -8.179551124999932, 0.0 ], [ 119.017326355000023, -8.179592131999925, 0.0 ], [ 119.017448426000101, -8.179633140999954, 0.0 ], [ 119.017684937000013, -8.179715155999929, 0.0 ], [ 119.01785278400007, -8.179750442999932, 0.0 ], [ 119.018005371000072, -8.179797171999951, 0.0 ], [ 119.018161938000048, -8.179820656999937, 0.0 ], [ 119.018234254000049, -8.179831504999981, 0.0 ], [ 119.018379211000024, -8.179855346999943, 0.0 ], [ 119.0185318, -8.17985439399996, 0.0 ], [ 119.018692016000045, -8.179889678999928, 0.0 ], [ 119.018821717000037, -8.179853437999952, 0.0 ], [ 119.019004822000056, -8.179828642999951, 0.0 ], [ 119.019165039000086, -8.179769515999965, 0.0 ], [ 119.019302369000116, -8.179697035999936, 0.0 ], [ 119.01944732600009, -8.179572103999931, 0.0 ], [ 119.019622803000061, -8.179476737999948, 0.0 ], [ 119.019760132000101, -8.179416655999944, 0.0 ], [ 119.019905090000066, -8.179363249999938, 0.0 ], [ 119.020034791000057, -8.179320335999932, 0.0 ], [ 119.020202637000011, -8.179261207999957, 0.0 ], [ 119.020370484000068, -8.179183006999949, 0.0 ], [ 119.020538331000012, -8.179117201999929, 0.0 ], [ 119.020729065000069, -8.179057121999961, 0.0 ], [ 119.020942688000105, -8.178955078999934, 0.0 ], [ 119.021141052000075, -8.178847312999949, 0.0 ], [ 119.02128601000004, -8.178764341999965, 0.0 ], [ 119.021430970000097, -8.178692817999945, 0.0 ], [ 119.021568298000034, -8.178627014999961, 0.0 ], [ 119.021804810000049, -8.178548812999964, 0.0 ], [ 119.021934509000062, -8.178494453999974, 0.0 ], [ 119.022056581000015, -8.17841148399998, 0.0 ], [ 119.022186279000039, -8.178321838999977, 0.0 ], [ 119.022315979000041, -8.178237914999954, 0.0 ], [ 119.022453308000081, -8.178136825999957, 0.0 ], [ 119.022644042000024, -8.177957534999962, 0.0 ], [ 119.022743226000102, -8.17782688099993, 0.0 ], [ 119.022865295000088, -8.177707670999951, 0.0 ], [ 119.022933959000056, -8.177558897999972, 0.0 ], [ 119.023002624000014, -8.177439689999972, 0.0 ], [ 119.023101807000103, -8.177314757999966, 0.0 ], [ 119.023170471000071, -8.177184104999981, 0.0 ], [ 119.023239136000029, -8.177053450999949, 0.0 ], [ 119.023307801000101, -8.176893234999966, 0.0 ], [ 119.023391724000021, -8.176744460999942, 0.0 ], [ 119.023460389000093, -8.176506041999971, 0.0 ], [ 119.023460388000103, -8.176345825999931, 0.0 ], [ 119.023468018000017, -8.176120757999968, 0.0 ], [ 119.023468018000017, -8.175971983999943, 0.0 ], [ 119.023483276000093, -8.175776481999947, 0.0 ], [ 119.023498536000034, -8.17560386699995, 0.0 ], [ 119.02351379400011, -8.175432204999936, 0.0 ], [ 119.023544312000013, -8.17525386799997, 0.0 ], [ 119.023582459000068, -8.175099372999966, 0.0 ], [ 119.023651124000025, -8.174974440999961, 0.0 ], [ 119.023696900000118, -8.174843787999976, 0.0 ], [ 119.023719788000108, -8.174606322999978, 0.0 ], [ 119.023719789000097, -8.174439430999939, 0.0 ], [ 119.023757935000049, -8.174279212999977, 0.0 ], [ 119.023742676000097, -8.174083708999945, 0.0 ], [ 119.023681641000053, -8.173906325999951, 0.0 ], [ 119.023620606, -8.173781395999981, 0.0 ], [ 119.023590088000105, -8.173645017999945, 0.0 ], [ 119.023590088000105, -8.173449514999959, 0.0 ], [ 119.023635864000084, -8.173271179999972, 0.0 ], [ 119.023696900000118, -8.173146247999966, 0.0 ], [ 119.023796082000104, -8.172920227999953, 0.0 ], [ 119.023880006000013, -8.172741888999951, 0.0 ], [ 119.023925782000106, -8.172598838999932, 0.0 ], [ 119.023971558000085, -8.172409056999982, 0.0 ], [ 119.024017334000064, -8.172212600999956, 0.0 ], [ 119.024085998000032, -8.172081946999981, 0.0 ], [ 119.024154664000093, -8.171927451999977, 0.0 ], [ 119.024238586000024, -8.171784400999968, 0.0 ], [ 119.024337769000113, -8.171588896999936, 0.0 ], [ 119.024391175, -8.171445846999973, 0.0 ], [ 119.024467469000115, -8.171332358999962, 0.0 ], [ 119.024604798000041, -8.171166418999974, 0.0 ], [ 119.024673463000113, -8.170988082999941, 0.0 ], [ 119.024742127000081, -8.170833586999947, 0.0 ], [ 119.024803161000023, -8.170595169999956, 0.0 ], [ 119.024818420000088, -8.170417785999973, 0.0 ], [ 119.024856568000018, -8.170274733999975, 0.0 ], [ 119.024902343, -8.170096397999941, 0.0 ], [ 119.024978639000096, -8.169906615999935, 0.0 ], [ 119.025115968000023, -8.169852256999945, 0.0 ], [ 119.025329590000069, -8.16979217599993, 0.0 ], [ 119.025482178000061, -8.169792174999941, 0.0 ], [ 119.025627136000026, -8.169791221999958, 0.0 ], [ 119.025825501000099, -8.169701575999966, 0.0 ], [ 119.025970460000053, -8.169659614999944, 0.0 ], [ 119.026092529000039, -8.169575691999967, 0.0 ], [ 119.026092530000028, -8.169427870999925, 0.0 ], [ 119.026054382000098, -8.169273376999968, 0.0 ], [ 119.02602386500007, -8.169131278999942, 0.0 ], [ 119.025962829000036, -8.168994903999931, 0.0 ], [ 119.025863647000051, -8.168882370999938, 0.0 ], [ 119.025756837000017, -8.168805120999934, 0.0 ], [ 119.025650024000015, -8.168710708999981, 0.0 ], [ 119.025512695000089, -8.168640135999965, 0.0 ], [ 119.02536773700001, -8.168563842999959, 0.0 ], [ 119.025299073000042, -8.168421745999979, 0.0 ], [ 119.025199891000057, -8.168249129999936, 0.0 ], [ 119.025108337, -8.168095588999961, 0.0 ], [ 119.02500915600001, -8.167929648999973, 0.0 ], [ 119.024940492000042, -8.167817114999934, 0.0 ], [ 119.02478790400005, -8.167788504999976, 0.0 ], [ 119.024650573000031, -8.167764662999957, 0.0 ], [ 119.024520874000018, -8.167723655999964, 0.0 ], [ 119.024391174000016, -8.167676925999956, 0.0 ], [ 119.024238587000013, -8.167558668999959, 0.0 ], [ 119.024116517000039, -8.167505263999942, 0.0 ], [ 119.023971558000085, -8.167447089999939, 0.0 ], [ 119.023826599000017, -8.167334555999958, 0.0 ], [ 119.023651124000025, -8.16721057899997, 0.0 ], [ 119.023544311000023, -8.167127609999966, 0.0 ], [ 119.023422242000038, -8.167075156999942, 0.0 ], [ 119.023284912, -8.166974066999956, 0.0 ], [ 119.023200990000078, -8.166868208999972, 0.0 ], [ 119.023025513000107, -8.166768072999957, 0.0 ], [ 119.022857667000039, -8.166685104999942, 0.0 ], [ 119.022628784000062, -8.16655540499994, 0.0 ], [ 119.022506714000087, -8.166501998999934, 0.0 ], [ 119.022369385000047, -8.166425704999938, 0.0 ], [ 119.022239685000045, -8.166342734999944, 0.0 ], [ 119.02202606100002, -8.166242598999929, 0.0 ], [ 119.021820070000103, -8.166172980999931, 0.0 ], [ 119.021682740000074, -8.166095732999963, 0.0 ], [ 119.021553039000082, -8.16605472599997, 0.0 ], [ 119.021408081000118, -8.165972709999949, 0.0 ], [ 119.021278381000116, -8.165842056999963, 0.0 ], [ 119.021163941000054, -8.16575908599998, 0.0 ], [ 119.021049500000117, -8.165635107999947, 0.0 ], [ 119.020889282000098, -8.16550540999998, 0.0 ], [ 119.020820618000016, -8.165392875999942, 0.0 ], [ 119.020698548000041, -8.165203094999981, 0.0 ], [ 119.020606995000094, -8.16504955299996, 0.0 ], [ 119.020507813000108, -8.164883612999972, 0.0 ], [ 119.020408631, -8.164723394999953, 0.0 ], [ 119.020309448000035, -8.164575576999937, 0.0 ], [ 119.020202636000022, -8.164409636999949, 0.0 ], [ 119.020103456000015, -8.164256095999974, 0.0 ], [ 119.020004272000051, -8.164107322999939, 0.0 ], [ 119.019981384000062, -8.163965225999959, 0.0 ], [ 119.019897461000028, -8.163745880999954, 0.0 ], [ 119.019813538000108, -8.163616180999952, 0.0 ], [ 119.019744874000025, -8.163496970999972, 0.0 ], [ 119.019699097000057, -8.163372992999939, 0.0 ], [ 119.019622803000061, -8.163260458999957, 0.0 ], [ 119.019554138000103, -8.163118362999967, 0.0 ], [ 119.01944732600009, -8.162952422999979, 0.0 ], [ 119.019357539000112, -8.162862633999964, 0.0 ], [ 119.019340516000057, -8.162845610999966, 0.0 ], [ 119.019287109000061, -8.162679672999957, 0.0 ], [ 119.019172669000113, -8.162590979999948, 0.0 ], [ 119.019149780000021, -8.162430763999964, 0.0 ], [ 119.019271851000099, -8.162270545999945, 0.0 ], [ 119.019386292000036, -8.162133216999962, 0.0 ], [ 119.019523620000086, -8.161960601999965, 0.0 ], [ 119.019592285000044, -8.161841391999928, 0.0 ], [ 119.01964569200004, -8.161657331999947, 0.0 ], [ 119.019735883000067, -8.161525381999979, 0.0 ], [ 119.019748992000018, -8.161563986999965, 0.0 ], [ 119.019925031000071, -8.162145982999959, 0.0 ], [ 119.020051977000094, -8.162426979999964, 0.0 ], [ 119.020175658000085, -8.162547722999932, 0.0 ], [ 119.020386982000105, -8.162754028999927, 0.0 ], [ 119.020709027000066, -8.162973043999955, 0.0 ], [ 119.021381970000107, -8.16348097499997, 0.0 ], [ 119.021706003000077, -8.163916986999936, 0.0 ], [ 119.021936994000043, -8.164506027999948, 0.0 ], [ 119.022568972000045, -8.165302025999949, 0.0 ], [ 119.022791968000092, -8.16553599599996, 0.0 ], [ 119.022895966000078, -8.165730972999938, 0.0 ], [ 119.023093999000025, -8.166147998999975, 0.0 ], [ 119.023364994000076, -8.166464968999946, 0.0 ], [ 119.023574004000011, -8.166624983999952, 0.0 ], [ 119.02383497400001, -8.166719031999946, 0.0 ], [ 119.024164976000066, -8.166645978999952, 0.0 ], [ 119.024372999000093, -8.166624963999936, 0.0 ], [ 119.024475990000042, -8.166605016999938, 0.0 ], [ 119.025278028000116, -8.166897003999964, 0.0 ], [ 119.025531969000099, -8.166961982999965, 0.0 ], [ 119.025828966000063, -8.166901024999959, 0.0 ], [ 119.026092032000065, -8.166832011999929, 0.0 ], [ 119.026466031000041, -8.166805011999941, 0.0 ], [ 119.026709019, -8.166833982999947, 0.0 ], [ 119.027100036000093, -8.166992, 0.0 ], [ 119.027291988000115, -8.167062981999948, 0.0 ], [ 119.02753498200002, -8.167419042999938, 0.0 ], [ 119.0278239700001, -8.167816990999938, 0.0 ], [ 119.028055023000093, -8.168001024999967, 0.0 ], [ 119.028088026000091, -8.168018031999964, 0.0 ], [ 119.028172018000078, -8.167998992999969, 0.0 ], [ 119.028483018000088, -8.167837005999957, 0.0 ], [ 119.028884024000035, -8.167542971999978, 0.0 ], [ 119.029151035000041, -8.167396029999964, 0.0 ], [ 119.029797978000033, -8.167197016999978, 0.0 ], [ 119.030065031000049, -8.167191971999955, 0.0 ], [ 119.030697023000016, -8.167262008999955, 0.0 ], [ 119.030901031000099, -8.167245980999951, 0.0 ], [ 119.031551026000102, -8.167000044999952, 0.0 ], [ 119.031957986000066, -8.16681895499994, 0.0 ], [ 119.032177002000026, -8.16678296799995, 0.0 ], [ 119.03230303700002, -8.166808001999925, 0.0 ], [ 119.03241803200001, -8.166868975999932, 0.0 ], [ 119.03245397, -8.166889039999944, 0.0 ], [ 119.03257700600011, -8.166957021999963, 0.0 ], [ 119.03339698800005, -8.167025025999976, 0.0 ], [ 119.033568965000086, -8.166991985999971, 0.0 ], [ 119.033753005000108, -8.166889020999974, 0.0 ], [ 119.033959009000114, -8.166528988999971, 0.0 ], [ 119.034123026000088, -8.166283954999926, 0.0 ], [ 119.034426991000032, -8.165811991999931, 0.0 ], [ 119.035160001, -8.164793956999972, 0.0 ], [ 119.035247976000051, -8.164601000999937, 0.0 ], [ 119.03549501100008, -8.164262998999959, 0.0 ], [ 119.035566027000073, -8.164149032999944, 0.0 ], [ 119.035691033000035, -8.164030004999972, 0.0 ], [ 119.035923021000031, -8.163940986999933, 0.0 ], [ 119.036164021000104, -8.163917991999938, 0.0 ], [ 119.036206011000104, -8.163922029999981, 0.0 ], [ 119.036855002000038, -8.164158997999948, 0.0 ], [ 119.037103001000105, -8.164261959999976, 0.0 ], [ 119.037662990000058, -8.164297010999974, 0.0 ], [ 119.038129981000111, -8.164285980999978, 0.0 ], [ 119.038998031, -8.164215, 0.0 ], [ 119.039594033000071, -8.164358955999944, 0.0 ], [ 119.039845971000091, -8.164397995999934, 0.0 ], [ 119.040043985000011, -8.164381, 0.0 ], [ 119.04032496800005, -8.164246995999974, 0.0 ], [ 119.040652980000118, -8.163915992999932, 0.0 ], [ 119.040744996000058, -8.163739015999965, 0.0 ], [ 119.040940026000044, -8.163325984999972, 0.0 ], [ 119.041063027000064, -8.163181026999951, 0.0 ], [ 119.041195979, -8.163095035999959, 0.0 ], [ 119.041244004000077, -8.163064967999958, 0.0 ], [ 119.041419, -8.163052968999978, 0.0 ], [ 119.041718002000039, -8.163137954999968, 0.0 ], [ 119.041919971000084, -8.163296007999975, 0.0 ], [ 119.042463971000075, -8.163717962999954, 0.0 ], [ 119.042779023000094, -8.164045990999966, 0.0 ], [ 119.043487008000056, -8.164555961999952, 0.0 ], [ 119.043848996000065, -8.164728026999967, 0.0 ], [ 119.044069979000028, -8.164741009999943, 0.0 ], [ 119.04403499700004, -8.164688042999956, 0.0 ], [ 119.043882977000067, -8.164540043999978, 0.0 ], [ 119.043071998000073, -8.163842963999969, 0.0 ], [ 119.042742030000113, -8.163523957999928, 0.0 ], [ 119.042517018000012, -8.16318896699994, 0.0 ], [ 119.042364987000042, -8.162979959999973, 0.0 ], [ 119.042174011000043, -8.16283604299997, 0.0 ], [ 119.041907965000064, -8.162729017999936, 0.0 ], [ 119.041632971000013, -8.162687021999943, 0.0 ], [ 119.041398033000064, -8.162724990999948, 0.0 ], [ 119.041117980000081, -8.162879960999931, 0.0 ], [ 119.040679028000113, -8.16319697199998, 0.0 ], [ 119.040531963000035, -8.163391037999929, 0.0 ], [ 119.040294015000086, -8.163617014999943, 0.0 ], [ 119.039985995000052, -8.163862957999982, 0.0 ], [ 119.039787978000049, -8.163908965999951, 0.0 ], [ 119.039423018000093, -8.163888027999974, 0.0 ], [ 119.03821098100002, -8.163809988999958, 0.0 ], [ 119.038147976000118, -8.163806961999967, 0.0 ], [ 119.03726197900005, -8.163760989999957, 0.0 ], [ 119.036473990000104, -8.163686954999946, 0.0 ], [ 119.035599005000108, -8.163569974999973, 0.0 ], [ 119.035540008000112, -8.163575965999939, 0.0 ], [ 119.035306992000073, -8.163638958999968, 0.0 ], [ 119.035188001000051, -8.163764011999945, 0.0 ], [ 119.0349930000001, -8.164050958999951, 0.0 ], [ 119.03481497100006, -8.16439503099997, 0.0 ], [ 119.034634035000067, -8.164888970999925, 0.0 ], [ 119.034308011, -8.165599018999956, 0.0 ], [ 119.033858997000038, -8.166162001999965, 0.0 ], [ 119.033670972000095, -8.166393961999972, 0.0 ], [ 119.033507980000081, -8.166501972999981, 0.0 ], [ 119.033340004000024, -8.166512035999972, 0.0 ], [ 119.032900979000033, -8.166462001999946, 0.0 ], [ 119.032574982000028, -8.16643896599993, 0.0 ], [ 119.031962035000106, -8.166465994999953, 0.0 ], [ 119.03168099200002, -8.16653004099993, 0.0 ], [ 119.031085037000025, -8.166647997999974, 0.0 ], [ 119.03092398900003, -8.166666972999963, 0.0 ], [ 119.030136030000108, -8.166704006999964, 0.0 ], [ 119.029934993000097, -8.166744963999975, 0.0 ], [ 119.029571037000096, -8.166819997999937, 0.0 ], [ 119.029333969000049, -8.166926029999956, 0.0 ], [ 119.028986028000077, -8.167165026999953, 0.0 ], [ 119.028800026000113, -8.167250014999979, 0.0 ], [ 119.028456976000029, -8.167242967999925, 0.0 ], [ 119.028285988000107, -8.167189957999938, 0.0 ], [ 119.028042014000107, -8.167009964999977, 0.0 ], [ 119.027756975000102, -8.166786975999969, 0.0 ], [ 119.02703201700001, -8.166380998999955, 0.0 ], [ 119.026708, -8.166290974999981, 0.0 ], [ 119.026315018000105, -8.166233019999936, 0.0 ], [ 119.02607402000001, -8.166257001999952, 0.0 ], [ 119.025681, -8.166383967999934, 0.0 ], [ 119.025387011000021, -8.166447983999944, 0.0 ], [ 119.02534697100009, -8.166445020999959, 0.0 ], [ 119.025152014000014, -8.166430992999949, 0.0 ], [ 119.024041012000112, -8.166230029999952, 0.0 ], [ 119.023767968000016, -8.166129986999977, 0.0 ], [ 119.023734011000101, -8.166101956999967, 0.0 ], [ 119.023535008000067, -8.165938003999941, 0.0 ], [ 119.02341298500005, -8.165744021999956, 0.0 ], [ 119.023099031000015, -8.165171035999947, 0.0 ], [ 119.02300698900001, -8.16500302299994, 0.0 ], [ 119.022748964000016, -8.164512996999974, 0.0 ], [ 119.022406972000113, -8.163913032999972, 0.0 ], [ 119.0221055290001, -8.163476048999939, 0.0 ], [ 119.02165297900001, -8.162820013999976, 0.0 ], [ 119.021408984000118, -8.16238197499996, 0.0 ], [ 119.021134004000032, -8.162044957999967, 0.0 ], [ 119.020946029000015, -8.161872, 0.0 ], [ 119.020861965000108, -8.16184702399994, 0.0 ], [ 119.020604983000112, -8.161712009999974, 0.0 ], [ 119.020422028000098, -8.161555024999927, 0.0 ], [ 119.020215971000084, -8.161282015999973, 0.0 ], [ 119.02006996700004, -8.160959988999934, 0.0 ], [ 119.020037804000026, -8.160880492999979, 0.0 ], [ 119.02005004800003, -8.160854337999979, 0.0 ], [ 119.020034790000068, -8.160765646999948, 0.0 ], [ 119.020095826000102, -8.160664557999951, 0.0 ], [ 119.020248414000093, -8.16074180499993, 0.0 ], [ 119.020378113000106, -8.160805701999948, 0.0 ], [ 119.020446777000075, -8.160936355999979, 0.0 ], [ 119.020538330000022, -8.16107845199997, 0.0 ], [ 119.020629884000073, -8.161196707999977, 0.0 ], [ 119.020744323000031, -8.161297797999964, 0.0 ], [ 119.020820618000016, -8.161410331999946, 0.0 ], [ 119.020942688000105, -8.161475181999947, 0.0 ], [ 119.021125794000113, -8.161545752999928, 0.0 ], [ 119.02126312200005, -8.161574363999932, 0.0 ], [ 119.021415710000042, -8.161580085999958, 0.0 ], [ 119.021537782000109, -8.16164493399998, 0.0 ], [ 119.021629333000078, -8.161792755999954, 0.0 ], [ 119.021659850000106, -8.161934852999934, 0.0 ], [ 119.021713257000101, -8.162071226999956, 0.0 ], [ 119.02175903400007, -8.16220188099993, 0.0 ], [ 119.021827697000049, -8.162338256999931, 0.0 ], [ 119.02189636300011, -8.162468908999926, 0.0 ], [ 119.021987915000068, -8.162574767999956, 0.0 ], [ 119.022102357000108, -8.162687301999938, 0.0 ], [ 119.022209169, -8.162787436999963, 0.0 ], [ 119.022346498000047, -8.162905692999971, 0.0 ], [ 119.022445680000033, -8.163001060999932, 0.0 ], [ 119.022590638000111, -8.163130760999934, 0.0 ], [ 119.022758484000065, -8.163266182999962, 0.0 ], [ 119.022911072000056, -8.163408279999942, 0.0 ], [ 119.023078919000113, -8.163574217999951, 0.0 ], [ 119.02321624700005, -8.163716315999977, 0.0 ], [ 119.02335357700008, -8.163822173999961, 0.0 ], [ 119.023498536000034, -8.163940429999968, 0.0 ], [ 119.023605346000068, -8.164058685999976, 0.0 ], [ 119.023735047000059, -8.164176939999948, 0.0 ], [ 119.023834228000055, -8.16428375299995, 0.0 ], [ 119.023948670000095, -8.164360045999956, 0.0 ], [ 119.024169921000066, -8.164472579999938, 0.0 ], [ 119.02429199200003, -8.164548873999934, 0.0 ], [ 119.024536132000094, -8.164660453999943, 0.0 ], [ 119.024554082, -8.164670119999926, 0.0 ], [ 119.024734497000054, -8.164767263999977, 0.0 ], [ 119.024832666000066, -8.164748565999957, 0.0 ], [ 119.024894714000084, -8.164736747999939, 0.0 ], [ 119.025138855000023, -8.164741515999935, 0.0 ], [ 119.025299072000053, -8.164758682999945, 0.0 ], [ 119.025406333000092, -8.164751709999962, 0.0 ], [ 119.025489807000099, -8.164746282999943, 0.0 ], [ 119.025634765000063, -8.164763449999953, 0.0 ], [ 119.025817871000072, -8.164780616999963, 0.0 ], [ 119.025985719000118, -8.16481018099995, 0.0 ], [ 119.026161193, -8.164868353999964, 0.0 ], [ 119.026321412000016, -8.164933204999954, 0.0 ], [ 119.026451111000029, -8.164979933999973, 0.0 ], [ 119.026580811000031, -8.165039062999938, 0.0 ], [ 119.026748658000088, -8.165068625999936, 0.0 ], [ 119.02692413300008, -8.165108679999946, 0.0 ], [ 119.027107239000088, -8.16512012499993, 0.0 ], [ 119.027275086000031, -8.165137289999961, 0.0 ], [ 119.02748107900004, -8.165113448999932, 0.0 ], [ 119.027679443000011, -8.165022849999957, 0.0 ], [ 119.02781677300004, -8.164927481999939, 0.0 ], [ 119.027969360000043, -8.164855956999929, 0.0 ], [ 119.028121948000035, -8.164772033999952, 0.0 ], [ 119.028251649000026, -8.164700507999953, 0.0 ], [ 119.028427125, -8.16456317899997, 0.0 ], [ 119.028678894000109, -8.164396285999942, 0.0 ], [ 119.028793336000035, -8.16428947299994, 0.0 ], [ 119.028900146000069, -8.164181708999934, 0.0 ], [ 119.02907562300004, -8.163949966999951, 0.0 ], [ 119.029174805000025, -8.16383647899994, 0.0 ], [ 119.029281617000038, -8.163687705999962, 0.0 ], [ 119.029365539000082, -8.163574217999951, 0.0 ], [ 119.029418945000089, -8.163450240999964, 0.0 ], [ 119.02954864600008, -8.163193702999934, 0.0 ], [ 119.029617310000049, -8.163045882999938, 0.0 ], [ 119.029708862, -8.162890432999973, 0.0 ], [ 119.029751804000057, -8.162790463999954, 0.0 ], [ 119.02976989900003, -8.162748336999925, 0.0 ], [ 119.029823303000057, -8.16258716599998, 0.0 ], [ 119.029899598000043, -8.162403106999932, 0.0 ], [ 119.029983520000087, -8.162195205999978, 0.0 ], [ 119.030059814000083, -8.161969184999975, 0.0 ], [ 119.03015136800002, -8.161719321999954, 0.0 ], [ 119.030197143, -8.161547660999929, 0.0 ], [ 119.030273437, -8.161404608999931, 0.0 ], [ 119.030433655000024, -8.16128540099993, 0.0 ], [ 119.030563355000027, -8.161148070999957, 0.0 ], [ 119.030677796000077, -8.160999296999933, 0.0 ], [ 119.030723572000056, -8.160868644999937, 0.0 ], [ 119.030746461000035, -8.160708426999975, 0.0 ], [ 119.030776977000073, -8.160512923999931, 0.0 ], [ 119.030822755000031, -8.160305023999967, 0.0 ], [ 119.030601502000081, -8.160228728999925, 0.0 ], [ 119.030860901000096, -8.16020965599995, 0.0 ], [ 119.030982972000061, -8.160042761999932, 0.0 ], [ 119.031105042000036, -8.159888267999975, 0.0 ], [ 119.031181335000042, -8.159774780999953, 0.0 ], [ 119.031265259000065, -8.159662246999972, 0.0 ], [ 119.031333923000034, -8.159507749999932, 0.0 ], [ 119.031425477000084, -8.159370422999928, 0.0 ], [ 119.031486512000015, -8.15922164899996, 0.0 ], [ 119.031578063000097, -8.159037590999958, 0.0 ], [ 119.031623840000066, -8.158888816999934, 0.0 ], [ 119.031692504000034, -8.15873432199993, 0.0 ], [ 119.031791687, -8.158603666999966, 0.0 ], [ 119.03190612800006, -8.158543585999951, 0.0 ], [ 119.032066345000089, -8.15851306899998, 0.0 ], [ 119.032211303000054, -8.158494949999977, 0.0 ], [ 119.032371520000083, -8.158452987999965, 0.0 ], [ 119.032585144000109, -8.15839290599996, 0.0 ], [ 119.032775878000052, -8.158332824999945, 0.0 ], [ 119.032989503000067, -8.158243178999953, 0.0 ], [ 119.033134461000031, -8.158224105999977, 0.0 ], [ 119.033348084000068, -8.158164024999962, 0.0 ], [ 119.03347778400007, -8.158104895999941, 0.0 ], [ 119.03363800000011, -8.158008575999929, 0.0 ], [ 119.033798217000026, -8.157937048999941, 0.0 ], [ 119.034034729000041, -8.157841681999969, 0.0 ], [ 119.034202576000098, -8.157822608999936, 0.0 ], [ 119.0343551630001, -8.157721519999939, 0.0 ], [ 119.034492493000016, -8.157643317999941, 0.0 ], [ 119.034660340000073, -8.15754794999998, 0.0 ], [ 119.034774780000021, -8.157464980999976, 0.0 ], [ 119.034881593000023, -8.157386778999978, 0.0 ], [ 119.035102844000107, -8.157196044999978, 0.0 ], [ 119.035209656, -8.157113075999973, 0.0 ], [ 119.035392761000026, -8.156957625999951, 0.0 ], [ 119.035537719000104, -8.156856536999953, 0.0 ], [ 119.035629272000051, -8.156755447999956, 0.0 ], [ 119.03578949000007, -8.156576155999971, 0.0 ], [ 119.035865783000077, -8.156397819999938, 0.0 ], [ 119.035865785000055, -8.156226156999935, 0.0 ], [ 119.035842895000087, -8.156030654999938, 0.0 ], [ 119.035820008000087, -8.155858039999941, 0.0 ], [ 119.035804749000022, -8.155710219999946, 0.0 ], [ 119.035835266000049, -8.155572891999952, 0.0 ], [ 119.035888672000056, -8.155412673999933, 0.0 ], [ 119.035987854000041, -8.155287742999974, 0.0 ], [ 119.036071777000075, -8.155174254999963, 0.0 ], [ 119.036216736000029, -8.155043601999978, 0.0 ], [ 119.036415100000113, -8.154977797999948, 0.0 ], [ 119.036537170000088, -8.155059814999959, 0.0 ], [ 119.036682129000042, -8.155030249999982, 0.0 ], [ 119.036819458000082, -8.155029295999952, 0.0 ], [ 119.037040710000042, -8.154981613999951, 0.0 ], [ 119.037200928000061, -8.15495681699997, 0.0 ], [ 119.037353515000063, -8.154914855999948, 0.0 ], [ 119.037483216000055, -8.154872893999936, 0.0 ], [ 119.037643433000085, -8.154818534999947, 0.0 ], [ 119.037796021000077, -8.154770849999977, 0.0 ], [ 119.03798675500002, -8.154716491999977, 0.0 ], [ 119.038154603000066, -8.154680251999935, 0.0 ], [ 119.038314820000096, -8.154649733999975, 0.0 ], [ 119.038467408000088, -8.154661178999959, 0.0 ], [ 119.038635254000042, -8.15466022499993, 0.0 ], [ 119.038764954000044, -8.154630659999953, 0.0 ], [ 119.038902284000073, -8.154612541999938, 0.0 ], [ 119.039100647000055, -8.154593467999973, 0.0 ], [ 119.039237976000095, -8.154610632999947, 0.0 ], [ 119.039375306000011, -8.15459823499998, 0.0 ], [ 119.039588929000047, -8.154561996999973, 0.0 ], [ 119.039726258000087, -8.154543876999981, 0.0 ], [ 119.039878845000089, -8.154596328999958, 0.0 ], [ 119.040016175, -8.154625892999945, 0.0 ], [ 119.040161132000094, -8.154643057999976, 0.0 ], [ 119.040351869, -8.154731749999939, 0.0 ], [ 119.040410054000063, -8.154776843999969, 0.0 ], [ 119.040466308000077, -8.154820441999959, 0.0 ], [ 119.040603637000117, -8.154896734999966, 0.0 ], [ 119.040740967000033, -8.154932020999979, 0.0 ], [ 119.040878296000074, -8.154949187999932, 0.0 ], [ 119.041030885000055, -8.154889106999974, 0.0 ], [ 119.041221619000112, -8.154681204999974, 0.0 ], [ 119.041320800000108, -8.154591559999972, 0.0 ], [ 119.041458130000024, -8.154483795999965, 0.0 ], [ 119.041618348000043, -8.154364585999929, 0.0 ], [ 119.041707203000101, -8.154283751999969, 0.0 ], [ 119.041755676000093, -8.154239654999969, 0.0 ], [ 119.041862488000106, -8.154126166999959, 0.0 ], [ 119.041954040000064, -8.154025076999972, 0.0 ], [ 119.042076112000018, -8.153905868999971, 0.0 ], [ 119.04216766400009, -8.15377521399995, 0.0 ], [ 119.042266845000086, -8.153620719999935, 0.0 ], [ 119.042358398000033, -8.153507232999971, 0.0 ], [ 119.042510986000025, -8.153346060999979, 0.0 ], [ 119.042610169000113, -8.15323352799993, 0.0 ], [ 119.04274749800004, -8.15311431899994, 0.0 ], [ 119.04288482700008, -8.152971266999941, 0.0 ], [ 119.043022156, -8.152846335999925, 0.0 ], [ 119.043121338000105, -8.15273856999994, 0.0 ], [ 119.043281556000011, -8.152547836999929, 0.0 ], [ 119.043449403000068, -8.152375221999932, 0.0 ], [ 119.043594361000032, -8.152238845999932, 0.0 ], [ 119.043724060000045, -8.152136802999962, 0.0 ], [ 119.043861389000085, -8.152023314999951, 0.0 ], [ 119.044052124000018, -8.151863097999978, 0.0 ], [ 119.044158935000041, -8.151779173999955, 0.0 ], [ 119.044273377000081, -8.15169620599994, 0.0 ], [ 119.044380188000105, -8.151612281999974, 0.0 ], [ 119.044494628000052, -8.151522636999971, 0.0 ], [ 119.044609071000082, -8.151397704999965, 0.0 ], [ 119.044792176000101, -8.151308059999963, 0.0 ], [ 119.044960023000044, -8.151260374999936, 0.0 ], [ 119.045135498000036, -8.151104926999949, 0.0 ], [ 119.045181275000118, -8.150961876999929, 0.0 ], [ 119.045211791000042, -8.150795936999941, 0.0 ], [ 119.045234681000011, -8.15065956199993, 0.0 ], [ 119.045318604000045, -8.150522231999958, 0.0 ], [ 119.045448303000057, -8.15054035199995, 0.0 ], [ 119.045593263000114, -8.150539397999978, 0.0 ], [ 119.04579925500002, -8.150550841999973, 0.0 ], [ 119.045928956000012, -8.150544166999964, 0.0 ], [ 119.046066284000062, -8.150555610999959, 0.0 ], [ 119.046211244, -8.150525092999942, 0.0 ], [ 119.046379089000084, -8.15050125099998, 0.0 ], [ 119.046577455000033, -8.15045261299997, 0.0 ], [ 119.046722412, -8.150422095999943, 0.0 ], [ 119.046867371000076, -8.150374412999952, 0.0 ], [ 119.047019959000068, -8.150343895999981, 0.0 ], [ 119.04717254600007, -8.15030765399996, 0.0 ], [ 119.047294617000034, -8.150141715999951, 0.0 ], [ 119.047409057000095, -8.150271414999963, 0.0 ], [ 119.04755401500006, -8.150330542999939, 0.0 ], [ 119.047721864000096, -8.150388716999942, 0.0 ], [ 119.047882080000022, -8.150477408999961, 0.0 ], [ 119.04804992600009, -8.150595664999969, 0.0 ], [ 119.048164369, -8.150690077999968, 0.0 ], [ 119.048309326000094, -8.150784491999957, 0.0 ], [ 119.048439026000096, -8.150849342999948, 0.0 ], [ 119.048553467000033, -8.150926588999937, 0.0 ], [ 119.048683166000046, -8.151044844999944, 0.0 ], [ 119.048782349000021, -8.151139257999944, 0.0 ], [ 119.048889161000034, -8.151287078999928, 0.0 ], [ 119.048995972000057, -8.151370048999979, 0.0 ], [ 119.049148559000059, -8.15145778699997, 0.0 ], [ 119.04930114900003, -8.151386260999971, 0.0 ], [ 119.049430847000053, -8.151255607999929, 0.0 ], [ 119.049667358000079, -8.151171683999962, 0.0 ], [ 119.049903869000104, -8.15127181899993, 0.0 ], [ 119.050018311000031, -8.15137767799996, 0.0 ], [ 119.050155640000071, -8.151490211999942, 0.0 ], [ 119.050354004000042, -8.151560783999969, 0.0 ], [ 119.050506592000033, -8.151572227999964, 0.0 ], [ 119.050727844000107, -8.151464460999932, 0.0 ], [ 119.050888061000023, -8.151338576999933, 0.0 ], [ 119.051025390000063, -8.151237487999936, 0.0 ], [ 119.051170349000017, -8.151248930999941, 0.0 ], [ 119.051300049000019, -8.151271820999966, 0.0 ], [ 119.051452637000011, -8.151307105999933, 0.0 ], [ 119.051612854000041, -8.151383399999929, 0.0 ], [ 119.051757813000108, -8.151424408999958, 0.0 ], [ 119.051902772000062, -8.151424406999979, 0.0 ], [ 119.052093507000109, -8.151393889999952, 0.0 ], [ 119.052136316000087, -8.151379025999972, 0.0 ], [ 119.052230835000046, -8.15134620699996, 0.0 ], [ 119.052398682000103, -8.151291845999936, 0.0 ], [ 119.052566528000057, -8.151231764999977, 0.0 ], [ 119.052726747000065, -8.151177405999931, 0.0 ], [ 119.052864074000013, -8.151142119999975, 0.0 ], [ 119.052970887000015, -8.15105819799993, 0.0 ], [ 119.053100586000028, -8.150951383999939, 0.0 ], [ 119.053215026000089, -8.15086746299994, 0.0 ], [ 119.053375244000108, -8.15070056999997, 0.0 ], [ 119.053482056, -8.150581358999943, 0.0 ], [ 119.053573609000068, -8.150468825999951, 0.0 ], [ 119.05370330900007, -8.150349616999961, 0.0 ], [ 119.053719903000115, -8.150336624999966, 0.0 ], [ 119.053848267000035, -8.15023612899995, 0.0 ], [ 119.053985596000075, -8.150181769999961, 0.0 ], [ 119.054008594000038, -8.150185195999939, 0.0 ], [ 119.054183961000035, -8.150211332999959, 0.0 ], [ 119.054321290000075, -8.150216101999945, 0.0 ], [ 119.054489136000029, -8.150262832999942, 0.0 ], [ 119.054626465000069, -8.150321959999928, 0.0 ], [ 119.054779053000061, -8.150321960999975, 0.0 ], [ 119.054931641000053, -8.15026187899997, 0.0 ], [ 119.055061342000045, -8.150177955999936, 0.0 ], [ 119.055183410000041, -8.150047301999962, 0.0 ], [ 119.05529785300007, -8.149939536999966, 0.0 ], [ 119.055465699000024, -8.14981460499996, 0.0 ], [ 119.055595398000037, -8.149701117999939, 0.0 ], [ 119.055686951000098, -8.149600029999931, 0.0 ], [ 119.055786133000083, -8.149504659999934, 0.0 ], [ 119.055877740000028, -8.149381245999962, 0.0 ], [ 119.05592346200001, -8.149319648999949, 0.0 ], [ 119.05603790300006, -8.149224280999931, 0.0 ], [ 119.056083679000039, -8.149058341999933, 0.0 ], [ 119.056129455000018, -8.14891529099998, 0.0 ], [ 119.056190491000052, -8.148719787999937, 0.0 ], [ 119.056236267000031, -8.148576735999939, 0.0 ], [ 119.056259155000021, -8.148416518999966, 0.0 ], [ 119.056274414000086, -8.148262023999962, 0.0 ], [ 119.056304931000113, -8.148114202999977, 0.0 ], [ 119.056343078000054, -8.147947310999939, 0.0 ], [ 119.056465149000019, -8.147745130999965, 0.0 ], [ 119.056571960000042, -8.147638320999931, 0.0 ], [ 119.056732179000051, -8.147536276999972, 0.0 ], [ 119.056861877000074, -8.147476195999957, 0.0 ], [ 119.05707550000011, -8.147380828999928, 0.0 ], [ 119.057220459000064, -8.147296905999951, 0.0 ], [ 119.057403564000083, -8.147183417999941, 0.0 ], [ 119.057548523000037, -8.147082327999954, 0.0 ], [ 119.057685852000077, -8.147022245999949, 0.0 ], [ 119.057815552000079, -8.146962164999934, 0.0 ], [ 119.058067322000056, -8.146925925999938, 0.0 ], [ 119.058319092000033, -8.146818160999942, 0.0 ], [ 119.05850982700008, -8.146717070999955, 0.0 ], [ 119.058677673000034, -8.14665698999994, 0.0 ], [ 119.058776857000112, -8.146490096999969, 0.0 ], [ 119.058799744000112, -8.146335601999965, 0.0 ], [ 119.058792115000074, -8.146169661999977, 0.0 ], [ 119.058837891000053, -8.146002769999939, 0.0 ], [ 119.058853150000118, -8.145854949999944, 0.0 ], [ 119.058860779000042, -8.145711897999945, 0.0 ], [ 119.058860779000042, -8.145545959999936, 0.0 ], [ 119.058937074000028, -8.145421028999976, 0.0 ], [ 119.059082032000106, -8.145307540999966, 0.0 ], [ 119.059204101000091, -8.145200729999942, 0.0 ], [ 119.059371948000035, -8.145122527999945, 0.0 ], [ 119.059486389000085, -8.145051002999935, 0.0 ], [ 119.059616090000077, -8.144878386999949, 0.0 ], [ 119.059684754000045, -8.144747732999974, 0.0 ], [ 119.05974578900009, -8.144604682999955, 0.0 ], [ 119.059799195000096, -8.144462584999928, 0.0 ], [ 119.059906007000109, -8.144284248999952, 0.0 ], [ 119.060020447000056, -8.144081114999949, 0.0 ], [ 119.060096741000052, -8.143909453999981, 0.0 ], [ 119.060165405000021, -8.143766402999972, 0.0 ], [ 119.060317993000012, -8.143789290999962, 0.0 ], [ 119.060455323000042, -8.143842696999968, 0.0 ], [ 119.060569763000103, -8.143918990999964, 0.0 ], [ 119.060691834000068, -8.14406680999997, 0.0 ], [ 119.060791016000053, -8.144162177999931, 0.0 ], [ 119.060890198000038, -8.144256591999977, 0.0 ], [ 119.061004640000078, -8.144339561999971, 0.0 ], [ 119.061119081000015, -8.144457816999932, 0.0 ], [ 119.061309814000083, -8.144545554999979, 0.0 ], [ 119.061393739000096, -8.14466380999994, 0.0 ], [ 119.061431885000047, -8.144847868999932, 0.0 ], [ 119.061431886000037, -8.144989966999958, 0.0 ], [ 119.061508179000043, -8.145120620999933, 0.0 ], [ 119.061630249000018, -8.145286560999978, 0.0 ], [ 119.061706543000014, -8.145410536999975, 0.0 ], [ 119.061836242000027, -8.14546966599994, 0.0 ], [ 119.061988831, -8.145499228999938, 0.0 ], [ 119.062164308000092, -8.14550971999995, 0.0 ], [ 119.062294006000116, -8.145503997999981, 0.0 ], [ 119.062438965000069, -8.145568847999925, 0.0 ], [ 119.062561036000034, -8.145621299999959, 0.0 ], [ 119.06277465800008, -8.145680426999945, 0.0 ], [ 119.06291198800011, -8.145756720999941, 0.0 ], [ 119.063064575000112, -8.14585113499993, 0.0 ], [ 119.063156129000049, -8.145951270999944, 0.0 ], [ 119.063293458000089, -8.146052360999931, 0.0 ], [ 119.063423157000102, -8.146093367999981, 0.0 ], [ 119.063591003000056, -8.146145818999969, 0.0 ], [ 119.063781739000092, -8.146216392999975, 0.0 ], [ 119.063941956, -8.146268844999952, 0.0 ], [ 119.06407165600001, -8.146327971999938, 0.0 ], [ 119.064208984000061, -8.146405219999963, 0.0 ], [ 119.064392091000059, -8.146445274999962, 0.0 ], [ 119.064575196000078, -8.146462439999937, 0.0 ], [ 119.064735412000118, -8.146455763999938, 0.0 ], [ 119.064910889000089, -8.146443365999971, 0.0 ], [ 119.065048219000118, -8.146437644999935, 0.0 ], [ 119.065093994000108, -8.146567343999948, 0.0 ], [ 119.065208436000034, -8.14667987699994, 0.0 ], [ 119.06530761700003, -8.146780966999927, 0.0 ], [ 119.065505982000104, -8.146851539999943, 0.0 ], [ 119.065696717000037, -8.146898269999951, 0.0 ], [ 119.065864563000105, -8.146932601999936, 0.0 ], [ 119.065994263000107, -8.146956443999954, 0.0 ], [ 119.066123963000109, -8.14694404599993, 0.0 ], [ 119.066261292000036, -8.146854400999928, 0.0 ], [ 119.066398621000076, -8.146752356999968, 0.0 ], [ 119.066535949000013, -8.146579741999972, 0.0 ], [ 119.066635132000101, -8.146485328999972, 0.0 ], [ 119.066764831000114, -8.146430967999947, 0.0 ], [ 119.06687927300004, -8.146525383999972, 0.0 ], [ 119.066970825000112, -8.146637915999975, 0.0 ], [ 119.067047119000108, -8.146750449999956, 0.0 ], [ 119.067138672000056, -8.146916389999944, 0.0 ], [ 119.067184449000024, -8.147058485999935, 0.0 ], [ 119.067329408000091, -8.147176742999932, 0.0 ], [ 119.067497253000056, -8.147247313999969, 0.0 ], [ 119.067634583000086, -8.147306440999955, 0.0 ], [ 119.067779542000039, -8.147364616999937, 0.0 ], [ 119.06791687000009, -8.147423742999933, 0.0 ], [ 119.068084718000023, -8.147500037999976, 0.0 ], [ 119.068214417000036, -8.147547720999967, 0.0 ], [ 119.068344117000038, -8.147605895999959, 0.0 ], [ 119.068466187000013, -8.147724151999967, 0.0 ], [ 119.068580627000074, -8.147807120999971, 0.0 ], [ 119.068717956000114, -8.147842406999928, 0.0 ], [ 119.068800412000087, -8.147858680999946, 0.0 ], [ 119.068862915000068, -8.147871016999943, 0.0 ], [ 119.069038391000049, -8.14785289799994, 0.0 ], [ 119.069198610000058, -8.147816656999964, 0.0 ], [ 119.069335937, -8.147804260999976, 0.0 ], [ 119.069465637, -8.147786139999937, 0.0 ], [ 119.069618225000113, -8.147738456999946, 0.0 ], [ 119.069763184000067, -8.147702217999949, 0.0 ], [ 119.06993103100001, -8.147647857999971, 0.0 ], [ 119.070075988000099, -8.147605895999959, 0.0 ], [ 119.070251466000059, -8.147545814999944, 0.0 ], [ 119.070457458000078, -8.147467611999957, 0.0 ], [ 119.070571900000118, -8.147384643999942, 0.0 ], [ 119.070701599000017, -8.147265433999962, 0.0 ], [ 119.070800782000106, -8.147146223999925, 0.0 ], [ 119.07094574100006, -8.146979331999944, 0.0 ], [ 119.07108306900011, -8.146806716999947, 0.0 ], [ 119.071189881, -8.146699903999945, 0.0 ], [ 119.071319581000012, -8.146568296999931, 0.0 ], [ 119.071380616000056, -8.146443365999971, 0.0 ], [ 119.071487428000069, -8.146283148999942, 0.0 ], [ 119.071578980000027, -8.14612197799994, 0.0 ], [ 119.071685792000039, -8.146015167999963, 0.0 ], [ 119.071784974000025, -8.145914077999976, 0.0 ], [ 119.071914674000027, -8.145848272999956, 0.0 ], [ 119.072052002000078, -8.145770072999937, 0.0 ], [ 119.072257995000086, -8.145709991999979, 0.0 ], [ 119.072463990000074, -8.145644186999959, 0.0 ], [ 119.072677612, -8.14558982799997, 0.0 ], [ 119.072845460000053, -8.145542144999979, 0.0 ], [ 119.073074342000041, -8.145463942999982, 0.0 ], [ 119.073204040000064, -8.145445823999978, 0.0 ], [ 119.073356628000056, -8.14542102799993, 0.0 ], [ 119.07350158700001, -8.145415304999972, 0.0 ], [ 119.073684693000018, -8.145384787999944, 0.0 ], [ 119.073844909000059, -8.14533615199997, 0.0 ], [ 119.074020386000029, -8.145305633999953, 0.0 ], [ 119.074157715000069, -8.145228385999928, 0.0 ], [ 119.074249267000027, -8.145127296999931, 0.0 ], [ 119.074310304000051, -8.144972800999938, 0.0 ], [ 119.074348450000116, -8.144818305999934, 0.0 ], [ 119.074447632000101, -8.14461040499998, 0.0 ], [ 119.074569703000066, -8.144307136999942, 0.0 ], [ 119.074653626000099, -8.144086837999964, 0.0 ], [ 119.074699402000078, -8.143914222999967, 0.0 ], [ 119.074737549000019, -8.143730163999976, 0.0 ], [ 119.074775696000074, -8.143569944999967, 0.0 ], [ 119.074806214000091, -8.143433569999956, 0.0 ], [ 119.074806214000091, -8.143214225999941, 0.0 ], [ 119.074790956000015, -8.143023490999951, 0.0 ], [ 119.074813843000015, -8.142774581999959, 0.0 ], [ 119.074798585000053, -8.142555236999954, 0.0 ], [ 119.074775697000064, -8.142341612999928, 0.0 ], [ 119.074752807000095, -8.142109870999946, 0.0 ], [ 119.074737549000019, -8.141884803999972, 0.0 ], [ 119.07471466100003, -8.141653060999943, 0.0 ], [ 119.074714660000041, -8.141481398999929, 0.0 ], [ 119.07471466100003, -8.141273497999975, 0.0 ], [ 119.074729920000095, -8.141106605999937, 0.0 ], [ 119.07469177300004, -8.140887259999943, 0.0 ], [ 119.074714660000041, -8.140708922999977, 0.0 ], [ 119.074790954000036, -8.14051914199996, 0.0 ], [ 119.074920655000028, -8.140328405999981, 0.0 ], [ 119.074981690000072, -8.140138625999953, 0.0 ], [ 119.075042725000117, -8.139995573999954, 0.0 ], [ 119.075157165000064, -8.139776229999939, 0.0 ], [ 119.075225830000022, -8.139633176999951, 0.0 ], [ 119.075309754000045, -8.139508245999934, 0.0 ], [ 119.075363159000062, -8.139335630999938, 0.0 ], [ 119.075462342000037, -8.139127730999974, 0.0 ], [ 119.075523377000081, -8.138984680999954, 0.0 ], [ 119.075576782000098, -8.13881301899994, 0.0 ], [ 119.075736999000014, -8.138515472999927, 0.0 ], [ 119.075836182000103, -8.138330459999963, 0.0 ], [ 119.075920105000023, -8.138205528999947, 0.0 ], [ 119.075996399000019, -8.138045310999928, 0.0 ], [ 119.076095581000118, -8.137866973999962, 0.0 ], [ 119.07614898700001, -8.137718199999938, 0.0 ], [ 119.07614898700001, -8.137539863999962, 0.0 ], [ 119.076194763000103, -8.137373923999974, 0.0 ], [ 119.076232911000034, -8.137189864999925, 0.0 ], [ 119.07624816900011, -8.137053489999971, 0.0 ], [ 119.07624816900011, -8.136904715999947, 0.0 ], [ 119.076278688000116, -8.136714934999929, 0.0 ], [ 119.076278687000013, -8.136566162999941, 0.0 ], [ 119.076248170000099, -8.136359213999981, 0.0 ], [ 119.076248170000099, -8.136210440999946, 0.0 ], [ 119.076249320000102, -8.136203255999931, 0.0 ], [ 119.076271057000099, -8.136067390999926, 0.0 ], [ 119.076385499000025, -8.135907172999964, 0.0 ], [ 119.076454163000108, -8.135764122999944, 0.0 ], [ 119.076553345000093, -8.135585784999932, 0.0 ], [ 119.076622010000051, -8.135437011999954, 0.0 ], [ 119.076690675, -8.135300636999943, 0.0 ], [ 119.076744081000015, -8.135175704999938, 0.0 ], [ 119.076812744000108, -8.135050773999978, 0.0 ], [ 119.076850892000039, -8.134890556999949, 0.0 ], [ 119.076881409000066, -8.134747503999961, 0.0 ], [ 119.07694244400011, -8.13461112899995, 0.0 ], [ 119.076988220000089, -8.134474754999928, 0.0 ], [ 119.077041627000085, -8.13433170299993, 0.0 ], [ 119.077072145000102, -8.134153365999964, 0.0 ], [ 119.077087402000075, -8.133987426999965, 0.0 ], [ 119.077079774000026, -8.133832930999972, 0.0 ], [ 119.077102661000026, -8.133630752999977, 0.0 ], [ 119.077156067000033, -8.133452414999965, 0.0 ], [ 119.077201843000012, -8.133310317999928, 0.0 ], [ 119.077224732000104, -8.133108138999944, 0.0 ], [ 119.077247621000083, -8.13295364399994, 0.0 ], [ 119.077217103000066, -8.132787702999963, 0.0 ], [ 119.077232361000029, -8.132592200999966, 0.0 ], [ 119.077232361000029, -8.132408141999974, 0.0 ], [ 119.077239990000066, -8.132224082999926, 0.0 ], [ 119.077278138000111, -8.132069587999979, 0.0 ], [ 119.077310879000038, -8.131908456999952, 0.0 ], [ 119.077362061000031, -8.131956100999957, 0.0 ], [ 119.077430726000102, -8.132104872999946, 0.0 ], [ 119.077529908000088, -8.132216453999945, 0.0 ], [ 119.077598573000046, -8.13234710699993, 0.0 ], [ 119.077720643000021, -8.132465362999937, 0.0 ], [ 119.077812194000103, -8.132577896999976, 0.0 ], [ 119.077919006000116, -8.132701873999963, 0.0 ], [ 119.07804107700008, -8.132820128999981, 0.0 ], [ 119.078186036000034, -8.132974624999974, 0.0 ], [ 119.078285218000019, -8.133092879999936, 0.0 ], [ 119.078430176000097, -8.133240699999931, 0.0 ], [ 119.078567504000034, -8.133382795999978, 0.0 ], [ 119.078651429000047, -8.133494375999931, 0.0 ], [ 119.07878112800006, -8.133612632999927, 0.0 ], [ 119.078865052000083, -8.133719442999961, 0.0 ], [ 119.078857423000045, -8.133892057999958, 0.0 ], [ 119.078834535000055, -8.134028434999948, 0.0 ], [ 119.078788757000098, -8.134247779999953, 0.0 ], [ 119.078742982000108, -8.134462354999926, 0.0 ], [ 119.078720092000026, -8.134681701999966, 0.0 ], [ 119.078697204000036, -8.134836195999981, 0.0 ], [ 119.078681946000074, -8.135038375999954, 0.0 ], [ 119.078666688000112, -8.135191917999975, 0.0 ], [ 119.078651429000047, -8.135329245999969, 0.0 ], [ 119.078636169000106, -8.135483740999973, 0.0 ], [ 119.078598022000051, -8.135631561999958, 0.0 ], [ 119.078559877000089, -8.135768889999952, 0.0 ], [ 119.078529357000093, -8.135916709999947, 0.0 ], [ 119.078475953000066, -8.136083602999975, 0.0 ], [ 119.078445435000049, -8.136232376999942, 0.0 ], [ 119.078422547000059, -8.136398315999941, 0.0 ], [ 119.078407289000097, -8.136547088999976, 0.0 ], [ 119.078384399000015, -8.136689184999966, 0.0 ], [ 119.078353883000091, -8.13689136499994, 0.0 ], [ 119.078353882000101, -8.137086867999926, 0.0 ], [ 119.078330995000101, -8.137235640999961, 0.0 ], [ 119.078292847000057, -8.137407301999929, 0.0 ], [ 119.07826232900004, -8.137556074999964, 0.0 ], [ 119.078216553000061, -8.137710571999946, 0.0 ], [ 119.078216553000061, -8.137846946999957, 0.0 ], [ 119.078193664000082, -8.137984275999941, 0.0 ], [ 119.078178406, -8.13814449299997, 0.0 ], [ 119.078178407000109, -8.138298986999928, 0.0 ], [ 119.078193666000061, -8.138458251999964, 0.0 ], [ 119.078193666000061, -8.138619422999966, 0.0 ], [ 119.078186035000044, -8.138755797999977, 0.0 ], [ 119.078170776000093, -8.138921735999929, 0.0 ], [ 119.078125001000103, -8.139088630999936, 0.0 ], [ 119.078094483000086, -8.139266013999929, 0.0 ], [ 119.078056336000031, -8.139497756999958, 0.0 ], [ 119.078033447000053, -8.139634131999969, 0.0 ], [ 119.077987671000074, -8.139836311999943, 0.0 ], [ 119.077980043000025, -8.140003203999981, 0.0 ], [ 119.078010560000052, -8.140186309999933, 0.0 ], [ 119.077987671000074, -8.140364645999966, 0.0 ], [ 119.077964784000073, -8.140524862999939, 0.0 ], [ 119.077926636000029, -8.140715598999975, 0.0 ], [ 119.077896118000012, -8.140905379999936, 0.0 ], [ 119.077880859000061, -8.141113280999946, 0.0 ], [ 119.07788086000005, -8.141249656999946, 0.0 ], [ 119.07788086000005, -8.141421317999971, 0.0 ], [ 119.07790374800004, -8.141588210999942, 0.0 ], [ 119.077911378000067, -8.141724586999942, 0.0 ], [ 119.077957154000046, -8.141872405999948, 0.0 ], [ 119.077957153000057, -8.142062187999954, 0.0 ], [ 119.077972413000111, -8.142205236999928, 0.0 ], [ 119.078002930000025, -8.142382621999957, 0.0 ], [ 119.078018188000101, -8.142531394999935, 0.0 ], [ 119.077911378000067, -8.14268016799997, 0.0 ], [ 119.077774047000048, -8.142775535999931, 0.0 ], [ 119.077651978000063, -8.142870903999949, 0.0 ], [ 119.077514649000022, -8.142971991999957, 0.0 ], [ 119.077430725000113, -8.143120764999935, 0.0 ], [ 119.077354431000117, -8.143245695999951, 0.0 ], [ 119.077354432000106, -8.143435477999958, 0.0 ], [ 119.077369691000058, -8.143631934999974, 0.0 ], [ 119.07738494900002, -8.143779754999969, 0.0 ], [ 119.077392579000048, -8.14396381399996, 0.0 ], [ 119.077354431000117, -8.144142150999926, 0.0 ], [ 119.0773239130001, -8.144278526999926, 0.0 ], [ 119.077270509000073, -8.14443302199993, 0.0 ], [ 119.077194214000087, -8.144599913999969, 0.0 ], [ 119.07714080900007, -8.144730568999933, 0.0 ], [ 119.07702636800002, -8.144914626999935, 0.0 ], [ 119.076957703000062, -8.145046233999949, 0.0 ], [ 119.076896667000028, -8.145188331999975, 0.0 ], [ 119.07682800300006, -8.145313262999935, 0.0 ], [ 119.076751710000053, -8.145456314999933, 0.0 ], [ 119.076698304000047, -8.145592689999944, 0.0 ], [ 119.076614381000013, -8.145730018999927, 0.0 ], [ 119.07658386300011, -8.145895957999926, 0.0 ], [ 119.076576234000072, -8.14604473199995, 0.0 ], [ 119.076568604000045, -8.146192550999956, 0.0 ], [ 119.076583862, -8.14634704499997, 0.0 ], [ 119.076591492000034, -8.146501540999964, 0.0 ], [ 119.076637268000013, -8.14669704399995, 0.0 ], [ 119.076705933000085, -8.146821975999956, 0.0 ], [ 119.076812743000119, -8.146987914999954, 0.0 ], [ 119.076904297000056, -8.147099495999953, 0.0 ], [ 119.076980591000051, -8.14722442599998, 0.0 ], [ 119.077033996000068, -8.14736080199998, 0.0 ], [ 119.077072145000102, -8.147514342999955, 0.0 ], [ 119.077110290000064, -8.147657393999964, 0.0 ], [ 119.077178955000022, -8.147864341999934, 0.0 ] ] ] ] } },
{ "type": "Feature","id":15, "properties": { "OBJECTID_1": 307, "OBJECTID": 307, "NAMA_KWS": "CA Toffo Kota Lambu (RTK.67)", "NOREGKK": "100213134", "NUPT": "Balai KSDA Nusa Tenggara Barat", "NPULAU": "Bali Nusra", "NPROV": "Nusa Tenggara Barat", "FGSKWS": "CA", "LUAS_HA": 3333.8, "SUMBERDATA": "Peta Penetapan Kawasan Hutan periode Juli 2024", "KETERANGAN": "SK Kawasan", "PROYEKSI": "World Cylindrical Equal Area", "Area": 3371.3436159900002, "Perimeter": 55.816888866600003, "UGrid": 3 }, "geometry": { "type": "MultiPolygon", "coordinates": [ [ [ [ 119.166334112000072, -8.55702393599995, 0.0 ], [ 119.166335064, -8.557023962999949, 0.0 ], [ 119.166449322000062, -8.557005118999939, 0.0 ], [ 119.166449706000094, -8.557005054999934, 0.0 ], [ 119.166450088000033, -8.557004991999975, 0.0 ], [ 119.166450633000068, -8.55700490299995, 0.0 ], [ 119.1665420060001, -8.556989825999949, 0.0 ], [ 119.16671825800006, -8.55694004299994, 0.0 ], [ 119.166718654000078, -8.556940108999981, 0.0 ], [ 119.166826174000107, -8.556958086999941, 0.0 ], [ 119.166850012000054, -8.556962219999946, 0.0 ], [ 119.166876891000015, -8.556966879999948, 0.0 ], [ 119.166904653000074, -8.556990513999949, 0.0 ], [ 119.166964368000095, -8.557041340999945, 0.0 ], [ 119.166964546000031, -8.557042076999949, 0.0 ], [ 119.167010366000113, -8.557231365999939, 0.0 ], [ 119.167029176000028, -8.557309070999963, 0.0 ], [ 119.166923281000095, -8.557439901999942, 0.0 ], [ 119.166923033000103, -8.557439984999974, 0.0 ], [ 119.166918542000076, -8.557441665999932, 0.0 ], [ 119.166916697000033, -8.557442356999957, 0.0 ], [ 119.166915964000054, -8.557442629999969, 0.0 ], [ 119.166657726000039, -8.557538977999968, 0.0 ], [ 119.166489131000048, -8.557561293999981, 0.0 ], [ 119.166488736000019, -8.557561346999933, 0.0 ], [ 119.166196858000035, -8.557599982999932, 0.0 ], [ 119.166092615000025, -8.557626656999958, 0.0 ], [ 119.166091173000041, -8.557627025999977, 0.0 ], [ 119.16609096500008, -8.55762918399995, 0.0 ], [ 119.166066827, -8.557879914999944, 0.0 ], [ 119.166042904000051, -8.558119050999949, 0.0 ], [ 119.166168112000037, -8.558201125999972, 0.0 ], [ 119.166392749000011, -8.558348381999963, 0.0 ], [ 119.166493613000057, -8.558595338999964, 0.0 ], [ 119.16639512900008, -8.558769155999926, 0.0 ], [ 119.166279667000026, -8.558766413999933, 0.0 ], [ 119.166075330000012, -8.558969716999968, 0.0 ], [ 119.165981452000096, -8.559047523999936, 0.0 ], [ 119.16599936800003, -8.559142656999938, 0.0 ], [ 119.166125659000045, -8.559488481999949, 0.0 ], [ 119.166526742000087, -8.560055534999947, 0.0 ], [ 119.166612134000047, -8.560189841999943, 0.0 ], [ 119.166652194000108, -8.560252848999937, 0.0 ], [ 119.166787552000073, -8.560419335999939, 0.0 ], [ 119.166852526000071, -8.560499247999928, 0.0 ], [ 119.167077301000063, -8.560671253999942, 0.0 ], [ 119.167163269000071, -8.560740476999968, 0.0 ], [ 119.167320124000071, -8.560739733999981, 0.0 ], [ 119.167334388000086, -8.560741797999981, 0.0 ], [ 119.167429497000057, -8.560755560999951, 0.0 ], [ 119.167431193000084, -8.560755805999975, 0.0 ], [ 119.167523061000111, -8.560822653999935, 0.0 ], [ 119.167523734000042, -8.560823145999962, 0.0 ], [ 119.167571512000109, -8.560857898999927, 0.0 ], [ 119.167633010000031, -8.561037020999947, 0.0 ], [ 119.167574427000091, -8.561055779999947, 0.0 ], [ 119.167501950000087, -8.561079020999955, 0.0 ], [ 119.16780389500002, -8.561632514999928, 0.0 ], [ 119.167866146000051, -8.561718237999969, 0.0 ], [ 119.168054521000045, -8.561977638999963, 0.0 ], [ 119.168429622000076, -8.56234681799998, 0.0 ], [ 119.168929195000032, -8.562740049999945, 0.0 ], [ 119.169441136000046, -8.563129978999939, 0.0 ], [ 119.16971154700002, -8.563333123999939, 0.0 ], [ 119.17035149600008, -8.563598389999981, 0.0 ], [ 119.17122435400006, -8.564039023999953, 0.0 ], [ 119.171797831000049, -8.564308074999929, 0.0 ], [ 119.172054027000058, -8.564408698999955, 0.0 ], [ 119.172619265000094, -8.563952355999959, 0.0 ], [ 119.1726447960001, -8.563931742999955, 0.0 ], [ 119.172985033000032, -8.563643658999979, 0.0 ], [ 119.173556473000076, -8.56315981299997, 0.0 ], [ 119.173841673000084, -8.562918328999956, 0.0 ], [ 119.173952011000097, -8.562846240999932, 0.0 ], [ 119.173981371000082, -8.56282706199994, 0.0 ], [ 119.173981852000111, -8.562827126999935, 0.0 ], [ 119.174158098000021, -8.562850952999952, 0.0 ], [ 119.174199990000034, -8.562869938999938, 0.0 ], [ 119.174224941000034, -8.562881254999979, 0.0 ], [ 119.174285964000092, -8.56326003199996, 0.0 ], [ 119.174292835000074, -8.563261162999936, 0.0 ], [ 119.174409534, -8.563280371999952, 0.0 ], [ 119.174749920000068, -8.563053863999926, 0.0 ], [ 119.174885020000033, -8.563410062999935, 0.0 ], [ 119.174885203000031, -8.563410544999954, 0.0 ], [ 119.174891236, -8.563409597999964, 0.0 ], [ 119.17496570000003, -8.563397904999931, 0.0 ], [ 119.17526224300002, -8.563351328999943, 0.0 ], [ 119.175386103000051, -8.563327022999943, 0.0 ], [ 119.175386475000096, -8.563326949999976, 0.0 ], [ 119.175386912000022, -8.563326863999976, 0.0 ], [ 119.175468721000016, -8.563310811999941, 0.0 ], [ 119.175490423000042, -8.56328646399993, 0.0 ], [ 119.175490600000103, -8.563286260999973, 0.0 ], [ 119.175580960000048, -8.563184887999967, 0.0 ], [ 119.175628312000072, -8.563139471999932, 0.0 ], [ 119.175691332000042, -8.563154114999975, 0.0 ], [ 119.17575647000001, -8.563235776999932, 0.0 ], [ 119.175758021000092, -8.56323772099995, 0.0 ], [ 119.175787919000072, -8.563275196999939, 0.0 ], [ 119.175791543000059, -8.563313625999967, 0.0 ], [ 119.175793449000025, -8.563333883999974, 0.0 ], [ 119.175798267000118, -8.563385023999956, 0.0 ], [ 119.175691363000055, -8.563534379999965, 0.0 ], [ 119.175660095000012, -8.563617849999957, 0.0 ], [ 119.175636644000065, -8.56373790899994, 0.0 ], [ 119.175554176000105, -8.563858984999968, 0.0 ], [ 119.175414266000075, -8.563907016999963, 0.0 ], [ 119.175376456000095, -8.56391999799996, 0.0 ], [ 119.175376012000015, -8.563919989999931, 0.0 ], [ 119.17491042100005, -8.56391369499994, 0.0 ], [ 119.174909729000092, -8.563913685999978, 0.0 ], [ 119.17490866300011, -8.563914046999969, 0.0 ], [ 119.174705243000062, -8.563982953999925, 0.0 ], [ 119.174567574000093, -8.564235333999932, 0.0 ], [ 119.174510425000108, -8.564679717999979, 0.0 ], [ 119.17449776400008, -8.564778151999974, 0.0 ], [ 119.174492088000079, -8.564921070999958, 0.0 ], [ 119.174491927000076, -8.564925113999948, 0.0 ], [ 119.17453063500011, -8.564955009999949, 0.0 ], [ 119.174530874000084, -8.564955195999971, 0.0 ], [ 119.174742811000101, -8.565118893999966, 0.0 ], [ 119.174764149000112, -8.565140392999979, 0.0 ], [ 119.174798518000102, -8.565175013999976, 0.0 ], [ 119.174815370000033, -8.56531322099994, 0.0 ], [ 119.174816707000105, -8.565324180999937, 0.0 ], [ 119.1748267910001, -8.565406891999942, 0.0 ], [ 119.174826007000092, -8.565407364999942, 0.0 ], [ 119.174685948000047, -8.565491906999966, 0.0 ], [ 119.174687073000086, -8.565689831999975, 0.0 ], [ 119.174816108000073, -8.565901173999976, 0.0 ], [ 119.174760420000098, -8.566099418999954, 0.0 ], [ 119.174661397000023, -8.566170665999948, 0.0 ], [ 119.174709601000018, -8.56627790899995, 0.0 ], [ 119.174583918000053, -8.566351216999976, 0.0 ], [ 119.174492644000111, -8.566468512999961, 0.0 ], [ 119.17439330000002, -8.566483210999934, 0.0 ], [ 119.174236260000043, -8.566342714999962, 0.0 ], [ 119.174079059000064, -8.566173944999946, 0.0 ], [ 119.173936784000034, -8.566132330999949, 0.0 ], [ 119.173851483000021, -8.566118673999938, 0.0 ], [ 119.173752702000115, -8.566232332999959, 0.0 ], [ 119.173660403000099, -8.566367369999966, 0.0 ], [ 119.173295535000079, -8.566875229999937, 0.0 ], [ 119.173104564000027, -8.567154947999938, 0.0 ], [ 119.17313188300011, -8.567355106999969, 0.0 ], [ 119.173132411000097, -8.567358977999959, 0.0 ], [ 119.173186590000114, -8.567442941999957, 0.0 ], [ 119.173224692000076, -8.56750199499993, 0.0 ], [ 119.173225090000074, -8.567504196999948, 0.0 ], [ 119.173264014000097, -8.567719568999962, 0.0 ], [ 119.173222448000047, -8.567903595999951, 0.0 ], [ 119.173194923000096, -8.568059268999946, 0.0 ], [ 119.173264117000031, -8.568167946999949, 0.0 ], [ 119.173264345, -8.568168303999926, 0.0 ], [ 119.173263843000086, -8.568168421999928, 0.0 ], [ 119.173124709000035, -8.568201041999941, 0.0 ], [ 119.172826838000105, -8.568273407999925, 0.0 ], [ 119.172699970000053, -8.56844377799996, 0.0 ], [ 119.172601108000094, -8.568543299999931, 0.0 ], [ 119.172559461000105, -8.568713189999926, 0.0 ], [ 119.172474802000011, -8.568812631999947, 0.0 ], [ 119.172432915000059, -8.568940108999925, 0.0 ], [ 119.17230660700011, -8.569209440999941, 0.0 ], [ 119.17215117100011, -8.569351694999966, 0.0 ], [ 119.172014352000019, -8.569491945999971, 0.0 ], [ 119.172011802000043, -8.569494559999953, 0.0 ], [ 119.171909912000046, -8.56947960399998, 0.0 ], [ 119.171776076000015, -8.56943685799996, 0.0 ], [ 119.17168411800003, -8.569441060999964, 0.0 ], [ 119.171540260000029, -8.569326854999929, 0.0 ], [ 119.171383700000092, -8.569271183999945, 0.0 ], [ 119.171270231000108, -8.569300097999928, 0.0 ], [ 119.171020740000017, -8.569372562999945, 0.0 ], [ 119.170957816000055, -8.56937873399994, 0.0 ], [ 119.170815398000059, -8.569246102999955, 0.0 ], [ 119.170743818, -8.56914753999996, 0.0 ], [ 119.17061461600008, -8.568908252999961, 0.0 ], [ 119.170614135000051, -8.568907361999948, 0.0 ], [ 119.17057915700002, -8.568744378999952, 0.0 ], [ 119.170579066000073, -8.56874395899996, 0.0 ], [ 119.170577987000115, -8.568738954999958, 0.0 ], [ 119.170577373000015, -8.568733272999964, 0.0 ], [ 119.170561342000042, -8.568586051999944, 0.0 ], [ 119.170540414000016, -8.568393872999934, 0.0 ], [ 119.170519611000032, -8.568346271999928, 0.0 ], [ 119.170477893000111, -8.568250807999959, 0.0 ], [ 119.170467375000044, -8.567989779999948, 0.0 ], [ 119.170339462000015, -8.567976360999978, 0.0 ], [ 119.170097682, -8.567921167999941, 0.0 ], [ 119.169756879000033, -8.567937220999966, 0.0 ], [ 119.1695868380001, -8.568008865999957, 0.0 ], [ 119.1694742520001, -8.568193291999933, 0.0 ], [ 119.169447849000107, -8.568546889999936, 0.0 ], [ 119.169463015000019, -8.568716459999962, 0.0 ], [ 119.169337748000089, -8.569169579999937, 0.0 ], [ 119.169395043, -8.569254085999944, 0.0 ], [ 119.169438857000046, -8.569465909999963, 0.0 ], [ 119.169297622000045, -8.569608082999935, 0.0 ], [ 119.169098132000045, -8.569496099999981, 0.0 ], [ 119.169125657000109, -8.569340426999929, 0.0 ], [ 119.168783250000047, -8.569073728999967, 0.0 ], [ 119.168494771000042, -8.568297758999961, 0.0 ], [ 119.168364616000076, -8.567888487999937, 0.0 ], [ 119.168132713000091, -8.567069785999934, 0.0 ], [ 119.168102464000071, -8.566744781999944, 0.0 ], [ 119.167988996000076, -8.566773694999938, 0.0 ], [ 119.167847202000075, -8.566816904999939, 0.0 ], [ 119.167633669000111, -8.566733274999933, 0.0 ], [ 119.167592181000032, -8.566931439999962, 0.0 ], [ 119.167607505000092, -8.567129285999954, 0.0 ], [ 119.167637994000074, -8.567496702999961, 0.0 ], [ 119.167682527000011, -8.567835765999973, 0.0 ], [ 119.167684370000075, -8.56816092899993, 0.0 ], [ 119.167672248000031, -8.568528584999967, 0.0 ], [ 119.167659646000061, -8.56881141599996, 0.0 ], [ 119.167575387000056, -8.568981544999929, 0.0 ], [ 119.167505170000027, -8.569123318999971, 0.0 ], [ 119.167363375000036, -8.569166528999972, 0.0 ], [ 119.167207056000052, -8.56915326799998, 0.0 ], [ 119.167021849000093, -8.569055341999956, 0.0 ], [ 119.166879253000047, -8.568957175999969, 0.0 ], [ 119.166821638000101, -8.568816118999962, 0.0 ], [ 119.166764582000042, -8.568774024999925, 0.0 ], [ 119.166622066000059, -8.568689996999979, 0.0 ], [ 119.166536044000054, -8.568549098999938, 0.0 ], [ 119.166393048000032, -8.568380244999958, 0.0 ], [ 119.166091332000065, -8.567774002999954, 0.0 ], [ 119.165890482, -8.567421678999949, 0.0 ], [ 119.165578245, -8.567465843999969, 0.0 ], [ 119.165507547000061, -8.567522792999966, 0.0 ], [ 119.165494625000065, -8.567749073999948, 0.0 ], [ 119.16558120500008, -8.56798893499996, 0.0 ], [ 119.165610573000095, -8.568158425999968, 0.0 ], [ 119.165670348000049, -8.568681196999933, 0.0 ], [ 119.165713919000041, -8.568850608999981, 0.0 ], [ 119.165842632000022, -8.569005405999974, 0.0 ], [ 119.166030561000071, -8.569584009999971, 0.0 ], [ 119.166159193000112, -8.569724668999982, 0.0 ], [ 119.166288867000048, -8.57004911599995, 0.0 ], [ 119.166502562, -8.570161020999933, 0.0 ], [ 119.166729979000024, -8.570188020999979, 0.0 ], [ 119.166815681000116, -8.570272367999962, 0.0 ], [ 119.166830446000063, -8.570371250999926, 0.0 ], [ 119.166760629, -8.570583712999962, 0.0 ], [ 119.166605510000068, -8.570782515999952, 0.0 ], [ 119.16650672600008, -8.570896174999973, 0.0 ], [ 119.166052289000049, -8.570912862999933, 0.0 ], [ 119.165910973000109, -8.571040897999978, 0.0 ], [ 119.165556842000115, -8.571212540999966, 0.0 ], [ 119.165202163000117, -8.571274764999941, 0.0 ], [ 119.16511949300002, -8.571280512999977, 0.0 ], [ 119.165117161000012, -8.571280595999951, 0.0 ], [ 119.165102166000111, -8.571186814999976, 0.0 ], [ 119.164959330000102, -8.571046235999972, 0.0 ], [ 119.164757037000072, -8.570439434999969, 0.0 ], [ 119.164642049, -8.570199732999981, 0.0 ], [ 119.164555146000112, -8.56990332099997, 0.0 ], [ 119.16442259400003, -8.569069919999947, 0.0 ], [ 119.164251272000115, -8.568915361999927, 0.0 ], [ 119.164052181000102, -8.568874063999942, 0.0 ], [ 119.163896102000081, -8.568903213999931, 0.0 ], [ 119.163825803, -8.56903085099998, 0.0 ], [ 119.163841446000106, -8.569285247999971, 0.0 ], [ 119.163865068000064, -8.569527802999971, 0.0 ], [ 119.163774355000101, -8.569672584999978, 0.0 ], [ 119.163773866000042, -8.569673364999971, 0.0 ], [ 119.163773396000011, -8.569674111999973, 0.0 ], [ 119.163680031000013, -8.569823127999939, 0.0 ], [ 119.163678793000031, -8.56982319399998, 0.0 ], [ 119.163375846, -8.569839240999954, 0.0 ], [ 119.163148747000037, -8.569868788999941, 0.0 ], [ 119.163093053000011, -8.570067033999976, 0.0 ], [ 119.163136702000088, -8.57025058399995, 0.0 ], [ 119.163269025000091, -8.570372277999979, 0.0 ], [ 119.163269043000014, -8.570372539999937, 0.0 ], [ 119.16326906900008, -8.570372986999928, 0.0 ], [ 119.163271866000059, -8.570414304999929, 0.0 ], [ 119.163272110000094, -8.57041447499995, 0.0 ], [ 119.163527636000026, -8.570592046999934, 0.0 ], [ 119.163677816000018, -8.570764471999951, 0.0 ], [ 119.163803273000099, -8.570961787999977, 0.0 ], [ 119.16387885600011, -8.571134628999971, 0.0 ], [ 119.163873452000075, -8.571198958999958, 0.0 ], [ 119.163876425000012, -8.571407832999967, 0.0 ], [ 119.1638776960001, -8.571480864999955, 0.0 ], [ 119.163852123000083, -8.571589049999943, 0.0 ], [ 119.163832808000052, -8.571670772999937, 0.0 ], [ 119.163798030000066, -8.571723236999958, 0.0 ], [ 119.163718588000052, -8.571843074999947, 0.0 ], [ 119.163684093000029, -8.571863307999934, 0.0 ], [ 119.163641310000116, -8.571888400999967, 0.0 ], [ 119.163593901000013, -8.571916209999927, 0.0 ], [ 119.163564491000102, -8.571933461999947, 0.0 ], [ 119.163438932000076, -8.57200710199993, 0.0 ], [ 119.16321797, -8.572095904999969, 0.0 ], [ 119.163185065000107, -8.572109130999934, 0.0 ], [ 119.162961610000025, -8.572163151999973, 0.0 ], [ 119.162856537000039, -8.572188554999968, 0.0 ], [ 119.1628560260001, -8.572188677999975, 0.0 ], [ 119.162749311000084, -8.57220788099994, 0.0 ], [ 119.162636713000097, -8.572228142999961, 0.0 ], [ 119.162636408000026, -8.572228197999948, 0.0 ], [ 119.162636123000084, -8.572228365999933, 0.0 ], [ 119.162600363000024, -8.572249466999949, 0.0 ], [ 119.162483105000092, -8.572318656999926, 0.0 ], [ 119.162482778000026, -8.572318849999931, 0.0 ], [ 119.162482386000079, -8.572319080999932, 0.0 ], [ 119.162468999000112, -8.572326979999957, 0.0 ], [ 119.16246847900004, -8.572327295999969, 0.0 ], [ 119.162434207000047, -8.572455159999947, 0.0 ], [ 119.162427151000088, -8.572481486999948, 0.0 ], [ 119.162336928000059, -8.572818113999972, 0.0 ], [ 119.161772355000039, -8.573415874999966, 0.0 ], [ 119.161750035000068, -8.57344797099995, 0.0 ], [ 119.161804004000032, -8.573621481999965, 0.0 ], [ 119.162251057000049, -8.573519967999971, 0.0 ], [ 119.162722418000044, -8.573319308999942, 0.0 ], [ 119.163044570000011, -8.57311948499995, 0.0 ], [ 119.163466197000048, -8.572919103999936, 0.0 ], [ 119.163614978000055, -8.572844013999941, 0.0 ], [ 119.163801198000101, -8.572866446999967, 0.0 ], [ 119.163801506000027, -8.572866266999938, 0.0 ], [ 119.163888101000111, -8.572810103999927, 0.0 ], [ 119.163971967000066, -8.572755421999943, 0.0 ], [ 119.163972634000061, -8.57275526899997, 0.0 ], [ 119.16406233500004, -8.572734695999941, 0.0 ], [ 119.164071940000099, -8.572732470999938, 0.0 ], [ 119.164160938, -8.57264293399993, 0.0 ], [ 119.164409471000113, -8.572616788999937, 0.0 ], [ 119.164683711000066, -8.572739011999943, 0.0 ], [ 119.164689167, -8.572788344999935, 0.0 ], [ 119.164727840000069, -8.57281577599997, 0.0 ], [ 119.164728073000106, -8.572816210999974, 0.0 ], [ 119.164752803000056, -8.572862316999931, 0.0 ], [ 119.164760471000022, -8.572876612999949, 0.0 ], [ 119.164933926000117, -8.57300988399993, 0.0 ], [ 119.165109117000043, -8.573206918999972, 0.0 ], [ 119.165264714000045, -8.573272340999949, 0.0 ], [ 119.16531189300008, -8.573193222999976, 0.0 ], [ 119.165312079000046, -8.573192909999932, 0.0 ], [ 119.165456832000018, -8.572950165999941, 0.0 ], [ 119.165572974000042, -8.572803010999962, 0.0 ], [ 119.165679222000108, -8.572746542999937, 0.0 ], [ 119.165679668000053, -8.572746305999942, 0.0 ], [ 119.165702898000063, -8.572733956999969, 0.0 ], [ 119.165808219000041, -8.57279839499995, 0.0 ], [ 119.166067607000059, -8.572957085999974, 0.0 ], [ 119.166201595000075, -8.572903761999953, 0.0 ], [ 119.16637524500004, -8.572828530999971, 0.0 ], [ 119.166474292000089, -8.572753717999944, 0.0 ], [ 119.166689432000112, -8.572751662999963, 0.0 ], [ 119.16669116300011, -8.572751645999972, 0.0 ], [ 119.166839484000093, -8.572620722999943, 0.0 ], [ 119.166841429000101, -8.572619005999968, 0.0 ], [ 119.166841995000027, -8.572616785999969, 0.0 ], [ 119.166870765000112, -8.572503970999946, 0.0 ], [ 119.166994119000037, -8.572330012999942, 0.0 ], [ 119.167192915000101, -8.572304143999929, 0.0 ], [ 119.167323985000053, -8.572390113999973, 0.0 ], [ 119.167421217000083, -8.572381963999931, 0.0 ], [ 119.167699775000074, -8.572354731999951, 0.0 ], [ 119.167700375000095, -8.57235467299995, 0.0 ], [ 119.167701123000029, -8.572354385999972, 0.0 ], [ 119.167794068000035, -8.572318733999964, 0.0 ], [ 119.167908472000022, -8.572274848999939, 0.0 ], [ 119.167938229000015, -8.572176198999955, 0.0 ], [ 119.168086592, -8.572026851999965, 0.0 ], [ 119.168359569000017, -8.571926309999981, 0.0 ], [ 119.168583373000047, -8.571925051999926, 0.0 ], [ 119.168808020000029, -8.57207230399996, 0.0 ], [ 119.168916779000028, -8.572341994999931, 0.0 ], [ 119.168983401000105, -8.572431784999935, 0.0 ], [ 119.169058375000077, -8.572532832999968, 0.0 ], [ 119.16917890000002, -8.572831476999966, 0.0 ], [ 119.169181870000102, -8.572838847999947, 0.0 ], [ 119.169184775000076, -8.572849080999958, 0.0 ], [ 119.169264382000051, -8.573130807999974, 0.0 ], [ 119.169236457000011, -8.573367682999958, 0.0 ], [ 119.169263351000041, -8.573431114999948, 0.0 ], [ 119.169192703000022, -8.573747631999936, 0.0 ], [ 119.169190845000116, -8.573755956999946, 0.0 ], [ 119.169160976000057, -8.574007995999978, 0.0 ], [ 119.169135913000105, -8.574226124999939, 0.0 ], [ 119.169119411000111, -8.574369733999958, 0.0 ], [ 119.168980209000097, -8.574642758999971, 0.0 ], [ 119.168891440000039, -8.574816867999971, 0.0 ], [ 119.168821122000054, -8.575059996999926, 0.0 ], [ 119.168791346000035, -8.575162943999942, 0.0 ], [ 119.168603594000047, -8.575451593999958, 0.0 ], [ 119.168541463000111, -8.575547114999949, 0.0 ], [ 119.168387508000023, -8.575811883999961, 0.0 ], [ 119.168374565000022, -8.575834138999937, 0.0 ], [ 119.168174896000096, -8.576061640999967, 0.0 ], [ 119.168141523000031, -8.576086726999961, 0.0 ], [ 119.168141171000116, -8.57608698599995, 0.0 ], [ 119.168058650000035, -8.576149, 0.0 ], [ 119.167992408000032, -8.576160311999956, 0.0 ], [ 119.167991706000066, -8.576160432999927, 0.0 ], [ 119.167991234000056, -8.57616051399998, 0.0 ], [ 119.167855674000066, -8.576183673999935, 0.0 ], [ 119.167794457000014, -8.576172564999979, 0.0 ], [ 119.16775950400006, -8.57616582199995, 0.0 ], [ 119.167639230000077, -8.576130252999974, 0.0 ], [ 119.167548856000053, -8.576082928999938, 0.0 ], [ 119.167440428000077, -8.576029726999934, 0.0 ], [ 119.167272204000028, -8.576024692999965, 0.0 ], [ 119.167112350000025, -8.576035029999957, 0.0 ], [ 119.167108052000117, -8.576034946999926, 0.0 ], [ 119.167040080000106, -8.576033631999962, 0.0 ], [ 119.167022372000019, -8.576033289999941, 0.0 ], [ 119.166679198000111, -8.576077253999927, 0.0 ], [ 119.166495145000113, -8.576164123999945, 0.0 ], [ 119.166319535000071, -8.576327708999941, 0.0 ], [ 119.166267704, -8.576375990999964, 0.0 ], [ 119.166124170000103, -8.576573870999937, 0.0 ], [ 119.166078673000015, -8.576636595999958, 0.0 ], [ 119.165994367000053, -8.576752817999932, 0.0 ], [ 119.165863496000043, -8.577039868999975, 0.0 ], [ 119.165795163000098, -8.577185307999969, 0.0 ], [ 119.165774087000045, -8.577209821999929, 0.0 ], [ 119.16573603400002, -8.577254100999937, 0.0 ], [ 119.16570871600004, -8.577285868999979, 0.0 ], [ 119.165367082000103, -8.577434538999967, 0.0 ], [ 119.165366591000065, -8.577434752999977, 0.0 ], [ 119.165238220000106, -8.577468929999952, 0.0 ], [ 119.164985819000094, -8.577471892999938, 0.0 ], [ 119.164864811000029, -8.577513358999965, 0.0 ], [ 119.164786104000086, -8.577610482999944, 0.0 ], [ 119.164786106000065, -8.577610898999978, 0.0 ], [ 119.16478676600002, -8.577763137999966, 0.0 ], [ 119.164614375000042, -8.578061133999938, 0.0 ], [ 119.164512459000093, -8.578233214999955, 0.0 ], [ 119.164511325000035, -8.578235129999939, 0.0 ], [ 119.164494000000104, -8.578286155999933, 0.0 ], [ 119.164434682000092, -8.578460855999936, 0.0 ], [ 119.164314119000096, -8.578685874999962, 0.0 ], [ 119.164085201000034, -8.578906017999941, 0.0 ], [ 119.164084899000045, -8.578906027999949, 0.0 ], [ 119.16378471400003, -8.578915773999938, 0.0 ], [ 119.163646527000083, -8.578810035999936, 0.0 ], [ 119.163447101000088, -8.578689422999958, 0.0 ], [ 119.163155952000011, -8.578569324999933, 0.0 ], [ 119.162910753, -8.578464184999973, 0.0 ], [ 119.162604921000025, -8.578450682999971, 0.0 ], [ 119.162299431000065, -8.578498044999947, 0.0 ], [ 119.16205560800006, -8.578636359999962, 0.0 ], [ 119.161689486000114, -8.578775358999962, 0.0 ], [ 119.161140089000014, -8.578945817999966, 0.0 ], [ 119.160821990000045, -8.579181842999958, 0.0 ], [ 119.160732806000055, -8.579244040999981, 0.0 ], [ 119.160681344000068, -8.579279929999927, 0.0 ], [ 119.160527042000012, -8.579428591999942, 0.0 ], [ 119.160526699000116, -8.579428922999966, 0.0 ], [ 119.160469519000117, -8.579484011999966, 0.0 ], [ 119.160326135000105, -8.579541365999944, 0.0 ], [ 119.160122428000022, -8.579695213999969, 0.0 ], [ 119.159948911000015, -8.579795195999964, 0.0 ], [ 119.159899457000051, -8.579844975999947, 0.0 ], [ 119.16012382800011, -8.579942729999971, 0.0 ], [ 119.160273313000062, -8.579991395999969, 0.0 ], [ 119.160498103, -8.580163402999972, 0.0 ], [ 119.160597994000113, -8.580237099999977, 0.0 ], [ 119.160846113000048, -8.580136701999947, 0.0 ], [ 119.16114424500006, -8.580085525999948, 0.0 ], [ 119.161491696000098, -8.579959817999963, 0.0 ], [ 119.161715366000067, -8.579933810999933, 0.0 ], [ 119.162038505000055, -8.579907247999927, 0.0 ], [ 119.1621242330001, -8.579963721999945, 0.0 ], [ 119.162278128000025, -8.579952641999967, 0.0 ], [ 119.16241328600006, -8.579979971999933, 0.0 ], [ 119.162527127000089, -8.580063120999966, 0.0 ], [ 119.162591026000086, -8.580109791999973, 0.0 ], [ 119.162595694000061, -8.580114517999959, 0.0 ], [ 119.162829710000096, -8.580351471999961, 0.0 ], [ 119.162967898000034, -8.580457211999942, 0.0 ], [ 119.163003272000083, -8.580640469999935, 0.0 ], [ 119.163114738000104, -8.580799063999962, 0.0 ], [ 119.163346194000042, -8.581021657999941, 0.0 ], [ 119.16334649700002, -8.581021947999943, 0.0 ], [ 119.163422314000059, -8.581094861999929, 0.0 ], [ 119.163423433000048, -8.581095203999951, 0.0 ], [ 119.163858961000074, -8.581228248999935, 0.0 ], [ 119.163913555000022, -8.581384868999976, 0.0 ], [ 119.16393856500008, -8.581408211999928, 0.0 ], [ 119.163942536000036, -8.581411916999969, 0.0 ], [ 119.163942782000049, -8.581412145999934, 0.0 ], [ 119.164339500000096, -8.581781977999981, 0.0 ], [ 119.164393731000018, -8.581828593999944, 0.0 ], [ 119.164420970000037, -8.581851839999956, 0.0 ], [ 119.164567, -8.581976463999979, 0.0 ], [ 119.164817884000058, -8.582087534999971, 0.0 ], [ 119.164818437, -8.582087770999976, 0.0 ], [ 119.16489006300003, -8.582083154999964, 0.0 ], [ 119.164963965000084, -8.582078382999953, 0.0 ], [ 119.164965494000057, -8.582078283999977, 0.0 ], [ 119.165000476000046, -8.58207602799996, 0.0 ], [ 119.16508568800009, -8.582057901999974, 0.0 ], [ 119.165086305000045, -8.582057770999938, 0.0 ], [ 119.165087205000077, -8.582057579999969, 0.0 ], [ 119.165161064000017, -8.582041869999955, 0.0 ], [ 119.165226411000049, -8.582077870999967, 0.0 ], [ 119.165328488000114, -8.582134107999934, 0.0 ], [ 119.165355170000112, -8.582154860999935, 0.0 ], [ 119.165504449000082, -8.582270902999937, 0.0 ], [ 119.165549304000024, -8.58229169599997, 0.0 ], [ 119.165666348000059, -8.582345966999981, 0.0 ], [ 119.165748678000114, -8.582350295999959, 0.0 ], [ 119.165823960000012, -8.582354252999949, 0.0 ], [ 119.1660126270001, -8.582327094999926, 0.0 ], [ 119.166013827000029, -8.582326921999936, 0.0 ], [ 119.166081826000095, -8.582342584999935, 0.0 ], [ 119.166159360000051, -8.582360447999974, 0.0 ], [ 119.166202291000104, -8.582370337999976, 0.0 ], [ 119.16620303500008, -8.582370509999976, 0.0 ], [ 119.166203854000059, -8.582370698999966, 0.0 ], [ 119.16623628900004, -8.582378171999949, 0.0 ], [ 119.166458565000084, -8.58250658999998, 0.0 ], [ 119.167198607000046, -8.582932751999977, 0.0 ], [ 119.167645488000062, -8.583063376999974, 0.0 ], [ 119.168090208000081, -8.583304336999959, 0.0 ], [ 119.168458487000066, -8.583545727999933, 0.0 ], [ 119.169072320000055, -8.583953115999975, 0.0 ], [ 119.169363648000058, -8.584103639999967, 0.0 ], [ 119.169718886000055, -8.584284529999934, 0.0 ], [ 119.169719506000092, -8.584284845999946, 0.0 ], [ 119.169883775000017, -8.584330644999966, 0.0 ], [ 119.169885528, -8.584331134999957, 0.0 ], [ 119.169983960000081, -8.584358578999968, 0.0 ], [ 119.170141140000055, -8.584381011999938, 0.0 ], [ 119.17043586200009, -8.584423073999972, 0.0 ], [ 119.170730154000012, -8.584465079999973, 0.0 ], [ 119.171515722000095, -8.584589003999952, 0.0 ], [ 119.171612481000011, -8.584618942999953, 0.0 ], [ 119.171859287000075, -8.584695304999968, 0.0 ], [ 119.172113381000031, -8.584773922999943, 0.0 ], [ 119.172446606000108, -8.584877024999969, 0.0 ], [ 119.172818112000073, -8.585082591999935, 0.0 ], [ 119.172819385000025, -8.585083296999926, 0.0 ], [ 119.173666691000108, -8.585552142999973, 0.0 ], [ 119.173805425000069, -8.585628909999969, 0.0 ], [ 119.173836880000067, -8.585646314999963, 0.0 ], [ 119.17413341200006, -8.58579309299995, 0.0 ], [ 119.174134671000047, -8.585793716999945, 0.0 ], [ 119.174315191, -8.58588306799993, 0.0 ], [ 119.174316099000066, -8.585883703999968, 0.0 ], [ 119.174664810000081, -8.586127967999971, 0.0 ], [ 119.175170338000044, -8.586307709999971, 0.0 ], [ 119.175721556000099, -8.586456761999955, 0.0 ], [ 119.175981617000048, -8.586485725999978, 0.0 ], [ 119.176088803000084, -8.58651555299997, 0.0 ], [ 119.176287498000079, -8.58651071099996, 0.0 ], [ 119.176293889000021, -8.586510554999961, 0.0 ], [ 119.176486634000071, -8.586561652999933, 0.0 ], [ 119.176513647000093, -8.586566244999972, 0.0 ], [ 119.176515231000053, -8.586566516999937, 0.0 ], [ 119.176728484000023, -8.586583884999925, 0.0 ], [ 119.176728776000118, -8.586583908999955, 0.0 ], [ 119.177107871000089, -8.58661478199997, 0.0 ], [ 119.177363204000017, -8.586616320999951, 0.0 ], [ 119.177436424, -8.586616762999938, 0.0 ], [ 119.177508274000047, -8.586595626999951, 0.0 ], [ 119.177511142000071, -8.586594781999963, 0.0 ], [ 119.177511523000021, -8.586594668999965, 0.0 ], [ 119.177665457000103, -8.586549383999966, 0.0 ], [ 119.177748330000099, -8.586525003999952, 0.0 ], [ 119.178076006000083, -8.586473894999926, 0.0 ], [ 119.178403902000014, -8.586049026999945, 0.0 ], [ 119.178582954000035, -8.585958105999964, 0.0 ], [ 119.178583383000046, -8.585957888999928, 0.0 ], [ 119.178620173000013, -8.585939209999935, 0.0 ], [ 119.178620592000016, -8.585939199999927, 0.0 ], [ 119.178758105000043, -8.585936032999939, 0.0 ], [ 119.178759372000059, -8.585936003999961, 0.0 ], [ 119.178760429000022, -8.585935978999942, 0.0 ], [ 119.17876069600004, -8.585935972999948, 0.0 ], [ 119.178761206000104, -8.585935960999961, 0.0 ], [ 119.17876152000008, -8.585935954999968, 0.0 ], [ 119.178767938000078, -8.585935814999971, 0.0 ], [ 119.178832675000081, -8.585934315999964, 0.0 ], [ 119.178895011, -8.585932881999952, 0.0 ], [ 119.178895755000099, -8.585933031999957, 0.0 ], [ 119.178908680000063, -8.585935630999927, 0.0 ], [ 119.179116253000075, -8.585977381999953, 0.0 ], [ 119.17921521400001, -8.585997284999962, 0.0 ], [ 119.179585568000107, -8.586075674999961, 0.0 ], [ 119.179585955000107, -8.586075756999946, 0.0 ], [ 119.179694364000056, -8.586098703999937, 0.0 ], [ 119.179984416000025, -8.586160097999937, 0.0 ], [ 119.180105560000015, -8.586185738999973, 0.0 ], [ 119.180304114000023, -8.586194967999973, 0.0 ], [ 119.180304796000087, -8.586194976999934, 0.0 ], [ 119.180620581000085, -8.586102697999934, 0.0 ], [ 119.180621237000082, -8.586102506999964, 0.0 ], [ 119.180621570000085, -8.586102408999977, 0.0 ], [ 119.180621891000101, -8.586102315999938, 0.0 ], [ 119.180622231000029, -8.586102215999972, 0.0 ], [ 119.180622557000106, -8.586102120999954, 0.0 ], [ 119.18063471500011, -8.586098575999927, 0.0 ], [ 119.180824011000027, -8.585989472999927, 0.0 ], [ 119.181096707000052, -8.585839418999967, 0.0 ], [ 119.181394840000053, -8.585788227999956, 0.0 ], [ 119.181489666000061, -8.585806083999955, 0.0 ], [ 119.181528106000087, -8.585790802999952, 0.0 ], [ 119.18188680600008, -8.585586485999954, 0.0 ], [ 119.181887581000069, -8.585586043999967, 0.0 ], [ 119.182187956, -8.585414949999972, 0.0 ], [ 119.182332518000067, -8.585329935999937, 0.0 ], [ 119.182337096000083, -8.585327243999927, 0.0 ], [ 119.182337421000057, -8.585326725999948, 0.0 ], [ 119.182361854000078, -8.585287713999946, 0.0 ], [ 119.182610107000073, -8.585212052999964, 0.0 ], [ 119.182834343000081, -8.585285037999938, 0.0 ], [ 119.183029088000012, -8.585457253999948, 0.0 ], [ 119.183030784000039, -8.585458753999944, 0.0 ], [ 119.183170250000103, -8.585568341999931, 0.0 ], [ 119.183182650000049, -8.585578084999952, 0.0 ], [ 119.183347798000113, -8.585707851999928, 0.0 ], [ 119.183398255000043, -8.585792156999958, 0.0 ], [ 119.183426944000075, -8.585840092999945, 0.0 ], [ 119.18344004000005, -8.585947502999943, 0.0 ], [ 119.183440088000111, -8.585947910999948, 0.0 ], [ 119.183455220000042, -8.586071982999954, 0.0 ], [ 119.183448404000046, -8.586399019999931, 0.0 ], [ 119.183485968000014, -8.58660503599998, 0.0 ], [ 119.183597336000048, -8.586780743999952, 0.0 ], [ 119.183611750000068, -8.586803392999968, 0.0 ], [ 119.183762944000023, -8.586764892999952, 0.0 ], [ 119.183913426000117, -8.586986807999949, 0.0 ], [ 119.184113642000057, -8.587208440999973, 0.0 ], [ 119.184288425000091, -8.587331209999945, 0.0 ], [ 119.184343538, -8.587430427999948, 0.0 ], [ 119.184439192000013, -8.587602624999931, 0.0 ], [ 119.184420621000072, -8.587773802999948, 0.0 ], [ 119.18446955200011, -8.587906921999945, 0.0 ], [ 119.184465275000093, -8.58818731599996, 0.0 ], [ 119.184464560000038, -8.588234158999967, 0.0 ], [ 119.184464555000091, -8.588234438999962, 0.0 ], [ 119.184463750000077, -8.588287197999932, 0.0 ], [ 119.184388112000079, -8.588386739999976, 0.0 ], [ 119.18429177400003, -8.58846041299995, 0.0 ], [ 119.184291180000059, -8.588460864999945, 0.0 ], [ 119.184149367000032, -8.588569317999941, 0.0 ], [ 119.184105318000093, -8.588627365999969, 0.0 ], [ 119.184027009000033, -8.58873056799996, 0.0 ], [ 119.183983430000012, -8.588787998999976, 0.0 ], [ 119.183824333000075, -8.589159989999928, 0.0 ], [ 119.18378301700011, -8.58925962099994, 0.0 ], [ 119.183718316000068, -8.589415653999936, 0.0 ], [ 119.183718201000033, -8.589415926999948, 0.0 ], [ 119.183684662000019, -8.589496809999957, 0.0 ], [ 119.183604942000102, -8.589593658999945, 0.0 ], [ 119.183605294000017, -8.589637009999933, 0.0 ], [ 119.183160501000089, -8.590134569999975, 0.0 ], [ 119.183026387000041, -8.590259942999978, 0.0 ], [ 119.182814188000066, -8.590458307999938, 0.0 ], [ 119.182616234000079, -8.590632693999964, 0.0 ], [ 119.182448621000049, -8.59059943699998, 0.0 ], [ 119.182401798000114, -8.59064114399996, 0.0 ], [ 119.182400875000098, -8.590641966999954, 0.0 ], [ 119.182400618000088, -8.59064219499993, 0.0 ], [ 119.182295894000049, -8.590735721999977, 0.0 ], [ 119.182097684000041, -8.590989061999949, 0.0 ], [ 119.181900825000071, -8.591231637999954, 0.0 ], [ 119.181899799, -8.591232905999959, 0.0 ], [ 119.181741337000062, -8.591428170999961, 0.0 ], [ 119.181504657000119, -8.591719817999945, 0.0 ], [ 119.181350046000034, -8.591863635999971, 0.0 ], [ 119.181243488000064, -8.59196275599993, 0.0 ], [ 119.181175635000045, -8.592025871999965, 0.0 ], [ 119.180923739000036, -8.592258749999928, 0.0 ], [ 119.180686273000106, -8.592570231999957, 0.0 ], [ 119.180685734, -8.592570938999927, 0.0 ], [ 119.180671774000075, -8.592589282999938, 0.0 ], [ 119.18067050500008, -8.592591415999948, 0.0 ], [ 119.18032667500006, -8.593172054999968, 0.0 ], [ 119.180275720000054, -8.593345884999962, 0.0 ], [ 119.18027251500007, -8.593351732999963, 0.0 ], [ 119.179953183000066, -8.593934446999981, 0.0 ], [ 119.179834011000025, -8.59448290499995, 0.0 ], [ 119.179728910000108, -8.594818256999929, 0.0 ], [ 119.179714839000098, -8.595031363999965, 0.0 ], [ 119.179679447000012, -8.595750753999937, 0.0 ], [ 119.179678935000084, -8.595761166999978, 0.0 ], [ 119.179668857000024, -8.595972346999929, 0.0 ], [ 119.179668833000051, -8.595972845999938, 0.0 ], [ 119.179657994000081, -8.596199976999969, 0.0 ], [ 119.179657507000115, -8.596860627999945, 0.0 ], [ 119.17965748000006, -8.596897568999964, 0.0 ], [ 119.179658372000063, -8.597244325999952, 0.0 ], [ 119.179658502000052, -8.597294905999945, 0.0 ], [ 119.179659955000034, -8.597305378999977, 0.0 ], [ 119.179730754000047, -8.597815841999932, 0.0 ], [ 119.179655500000081, -8.598131079999973, 0.0 ], [ 119.179653539000014, -8.598215115999949, 0.0 ], [ 119.179649171000051, -8.598402023999938, 0.0 ], [ 119.179686239000034, -8.598594860999981, 0.0 ], [ 119.17970166300006, -8.598641303999955, 0.0 ], [ 119.179711194000106, -8.59866999299993, 0.0 ], [ 119.179752047000079, -8.598910431999968, 0.0 ], [ 119.179756065000106, -8.598934074999931, 0.0 ], [ 119.179762295000046, -8.598954327999934, 0.0 ], [ 119.179833244000065, -8.599185012999953, 0.0 ], [ 119.179943447000028, -8.599398389999976, 0.0 ], [ 119.179992328000026, -8.599493034999966, 0.0 ], [ 119.180128332000095, -8.599699516999976, 0.0 ], [ 119.180289103000064, -8.599943596999935, 0.0 ], [ 119.180464235000045, -8.600137856999936, 0.0 ], [ 119.180610333000118, -8.600299912999958, 0.0 ], [ 119.180759492000107, -8.600397033999968, 0.0 ], [ 119.180767013000036, -8.600402758999962, 0.0 ], [ 119.180809314000044, -8.600434952999933, 0.0 ], [ 119.180866142000013, -8.600467797999954, 0.0 ], [ 119.180868336000117, -8.600469072999942, 0.0 ], [ 119.180906400000026, -8.600494976999926, 0.0 ], [ 119.181048150000038, -8.600591443999974, 0.0 ], [ 119.181177131000027, -8.60067922199994, 0.0 ], [ 119.181267108000043, -8.600773993999951, 0.0 ], [ 119.181334211000035, -8.600844674999962, 0.0 ], [ 119.181448544000091, -8.601003695999964, 0.0 ], [ 119.181510472000014, -8.601089831999957, 0.0 ], [ 119.181593928000098, -8.60120590899993, 0.0 ], [ 119.181808224000065, -8.601473899999974, 0.0 ], [ 119.182395759000087, -8.602107244999956, 0.0 ], [ 119.182546780000052, -8.602270038999961, 0.0 ], [ 119.182747343000074, -8.602524489999951, 0.0 ], [ 119.18280844800006, -8.602602014999945, 0.0 ], [ 119.183087826000019, -8.60292816499998, 0.0 ], [ 119.183091283000067, -8.602931162999937, 0.0 ], [ 119.18393801000002, -8.60366543799995, 0.0 ], [ 119.184133972000041, -8.603967010999952, 0.0 ], [ 119.184136722000062, -8.603971242999933, 0.0 ], [ 119.184296993000089, -8.604048336999938, 0.0 ], [ 119.184666995000043, -8.604226315999938, 0.0 ], [ 119.184749201000045, -8.604265858999952, 0.0 ], [ 119.184791301000018, -8.60428610799994, 0.0 ], [ 119.185256475000074, -8.604464796999935, 0.0 ], [ 119.185296796000102, -8.60446701799998, 0.0 ], [ 119.185530829000072, -8.604479904999948, 0.0 ], [ 119.186336318000031, -8.604439127999967, 0.0 ], [ 119.18641780400003, -8.604435003999981, 0.0 ], [ 119.186581913000055, -8.604427228999953, 0.0 ], [ 119.186964470000021, -8.604409103999956, 0.0 ], [ 119.187460385, -8.604411458999948, 0.0 ], [ 119.187462417, -8.604411421999941, 0.0 ], [ 119.187612278000074, -8.604408743999954, 0.0 ], [ 119.187728198000059, -8.60441272099996, 0.0 ], [ 119.187728503000017, -8.604412727999943, 0.0 ], [ 119.187800395000068, -8.604416263999951, 0.0 ], [ 119.187811333000013, -8.604418001999932, 0.0 ], [ 119.187869313000078, -8.604427195999961, 0.0 ], [ 119.188075604, -8.604481790999955, 0.0 ], [ 119.188123704000077, -8.604494553999928, 0.0 ], [ 119.188275479000026, -8.604525293999927, 0.0 ], [ 119.188612427000066, -8.604585842999938, 0.0 ], [ 119.189336187000094, -8.604675142999952, 0.0 ], [ 119.18941566500007, -8.604684979999945, 0.0 ], [ 119.189440287000025, -8.604691847999959, 0.0 ], [ 119.189835319000053, -8.604802067999969, 0.0 ], [ 119.19016281200004, -8.604967038999973, 0.0 ], [ 119.190662692000046, -8.605226910999932, 0.0 ], [ 119.190949738000086, -8.605376135999961, 0.0 ], [ 119.191184234000048, -8.605466479999961, 0.0 ], [ 119.191313348000108, -8.605516222999938, 0.0 ], [ 119.191321670000093, -8.60559679499994, 0.0 ], [ 119.191273423000098, -8.606121015999975, 0.0 ], [ 119.191385524000111, -8.606300292999947, 0.0 ], [ 119.191552325000089, -8.606728673999953, 0.0 ], [ 119.19158746700009, -8.606818928999928, 0.0 ], [ 119.191691645000105, -8.607635143999971, 0.0 ], [ 119.191713312000047, -8.607819611999957, 0.0 ], [ 119.191734932000031, -8.608003638999946, 0.0 ], [ 119.191764182000043, -8.60825265099993, 0.0 ], [ 119.191770097000017, -8.608302994999974, 0.0 ], [ 119.191771665000033, -8.608575254999948, 0.0 ], [ 119.191885288000094, -8.608973486999957, 0.0 ], [ 119.191998052000031, -8.609019497999952, 0.0 ], [ 119.192023635000055, -8.609143108999945, 0.0 ], [ 119.192074511000101, -8.609340833999966, 0.0 ], [ 119.192055425000035, -8.609377632999951, 0.0 ], [ 119.192165805000059, -8.609651241999927, 0.0 ], [ 119.192200710000066, -8.609661885999969, 0.0 ], [ 119.192350924000039, -8.60983429199996, 0.0 ], [ 119.192476267000075, -8.610006838999936, 0.0 ], [ 119.192452252000066, -8.610155488999965, 0.0 ], [ 119.192303036000112, -8.610156339999946, 0.0 ], [ 119.192209984000101, -8.610062030999927, 0.0 ], [ 119.192209515000059, -8.610061554999959, 0.0 ], [ 119.192208827000059, -8.610061242999961, 0.0 ], [ 119.192062101000033, -8.609994766999932, 0.0 ], [ 119.191924429000096, -8.610178433999977, 0.0 ], [ 119.191924018, -8.610178981999979, 0.0 ], [ 119.191895600000066, -8.610340622999956, 0.0 ], [ 119.191981163000037, -8.610405692999962, 0.0 ], [ 119.192056482000112, -8.610529020999934, 0.0 ], [ 119.19195757500006, -8.610628592999944, 0.0 ], [ 119.191829964000021, -8.610714465999934, 0.0 ], [ 119.191818638000086, -8.610778391999929, 0.0 ], [ 119.191818245000036, -8.610778823999965, 0.0 ], [ 119.191817504000028, -8.610779639999976, 0.0 ], [ 119.191816018000054, -8.610781276999944, 0.0 ], [ 119.191687774000115, -8.610922932999927, 0.0 ], [ 119.191451030000053, -8.611099113999956, 0.0 ], [ 119.191425140000092, -8.611111276999964, 0.0 ], [ 119.191225060000079, -8.611205275999964, 0.0 ], [ 119.191184978000024, -8.611224106999941, 0.0 ], [ 119.191134421000015, -8.611227339999971, 0.0 ], [ 119.191133832000105, -8.611227377999967, 0.0 ], [ 119.191081414000109, -8.611230731999967, 0.0 ], [ 119.19103691600003, -8.61123368799997, 0.0 ], [ 119.191016674000025, -8.611351759999934, 0.0 ], [ 119.190818005000096, -8.611402394999971, 0.0 ], [ 119.190643492000049, -8.611329135999938, 0.0 ], [ 119.190542734000019, -8.611106943999971, 0.0 ], [ 119.19055236500003, -8.611067178999974, 0.0 ], [ 119.190552480000065, -8.611066702999949, 0.0 ], [ 119.190329252000083, -8.610950758999934, 0.0 ], [ 119.190092121000021, -8.610790811999948, 0.0 ], [ 119.19009161800011, -8.610790471999962, 0.0 ], [ 119.189927573000091, -8.610679824999977, 0.0 ], [ 119.189547067000035, -8.610295372999929, 0.0 ], [ 119.189546864000022, -8.610295167999936, 0.0 ], [ 119.189544820000037, -8.610293102999947, 0.0 ], [ 119.189506251000012, -8.610254133999945, 0.0 ], [ 119.189398865000044, -8.610061830999939, 0.0 ], [ 119.189324348000014, -8.609783321999942, 0.0 ], [ 119.189315401000044, -8.609749879999981, 0.0 ], [ 119.18941363700003, -8.609386001999951, 0.0 ], [ 119.189256104000037, -8.608989759999929, 0.0 ], [ 119.189255373000037, -8.608987921999926, 0.0 ], [ 119.189154175000112, -8.608755930999962, 0.0 ], [ 119.189069123000081, -8.60856094899998, 0.0 ], [ 119.189034770000035, -8.608482195999954, 0.0 ], [ 119.188812181000117, -8.608025606999945, 0.0 ], [ 119.188812007000024, -8.608025251999948, 0.0 ], [ 119.188811753000095, -8.608024731999933, 0.0 ], [ 119.188628067000082, -8.607647947999965, 0.0 ], [ 119.188552384000104, -8.60755953499995, 0.0 ], [ 119.188551928000038, -8.607559, 0.0 ], [ 119.18844754600002, -8.607437061999974, 0.0 ], [ 119.188419817000067, -8.607421942999963, 0.0 ], [ 119.18827120900005, -8.607340888999943, 0.0 ], [ 119.18813238000007, -8.607247822999966, 0.0 ], [ 119.187917906000052, -8.607172962999925, 0.0 ], [ 119.187611617000016, -8.607083408999927, 0.0 ], [ 119.187443971000107, -8.607175659999939, 0.0 ], [ 119.187352853000107, -8.607282690999966, 0.0 ], [ 119.187340483000071, -8.607384512999943, 0.0 ], [ 119.187263177000091, -8.607397996999964, 0.0 ], [ 119.187077927000018, -8.607329902999936, 0.0 ], [ 119.186971347000053, -8.607406590999972, 0.0 ], [ 119.186897274000103, -8.607489450999935, 0.0 ], [ 119.186834628000042, -8.607559529999946, 0.0 ], [ 119.186681656000019, -8.607545183999946, 0.0 ], [ 119.18655745, -8.607533534999959, 0.0 ], [ 119.186528803000101, -8.607532969999966, 0.0 ], [ 119.186366156000076, -8.607543906999979, 0.0 ], [ 119.186365097000021, -8.607543977999967, 0.0 ], [ 119.186364639000089, -8.607543760999931, 0.0 ], [ 119.186084628000117, -8.60741163299997, 0.0 ], [ 119.185941109000055, -8.607500671999958, 0.0 ], [ 119.185866633000046, -8.607493191999936, 0.0 ], [ 119.185744107000119, -8.607566903999953, 0.0 ], [ 119.185713950000036, -8.607588713999974, 0.0 ], [ 119.185748348000061, -8.60774323499993, 0.0 ], [ 119.18549856300001, -8.60774491899997, 0.0 ], [ 119.18549800400001, -8.607744922999927, 0.0 ], [ 119.18547078600011, -8.607764611999926, 0.0 ], [ 119.185238871000024, -8.60785113299994, 0.0 ], [ 119.185237329000074, -8.607851707999941, 0.0 ], [ 119.185057310000047, -8.607918867999956, 0.0 ], [ 119.184727768000016, -8.608112431999928, 0.0 ], [ 119.184632359000034, -8.608294120999972, 0.0 ], [ 119.18440952900005, -8.608468648999974, 0.0 ], [ 119.183938292000107, -8.608694093999929, 0.0 ], [ 119.183640427000114, -8.608794792999959, 0.0 ], [ 119.183505178000019, -8.608688352999934, 0.0 ], [ 119.183504694000021, -8.608688193999967, 0.0 ], [ 119.183424240000022, -8.608661693999977, 0.0 ], [ 119.183409821000055, -8.60865694499995, 0.0 ], [ 119.183233580000092, -8.60849243499996, 0.0 ], [ 119.182943622000039, -8.608160985999973, 0.0 ], [ 119.182895490000078, -8.608095111999944, 0.0 ], [ 119.182794410000042, -8.607957148999958, 0.0 ], [ 119.182739517000073, -8.607882226999948, 0.0 ], [ 119.182358333000025, -8.607903057999977, 0.0 ], [ 119.182346926000037, -8.60790368399995, 0.0 ], [ 119.182268702000101, -8.607908054999939, 0.0 ], [ 119.18226762300003, -8.60790811499993, 0.0 ], [ 119.182267317000083, -8.607908186999964, 0.0 ], [ 119.181936127000085, -8.60798596099994, 0.0 ], [ 119.181857648000118, -8.608004385999948, 0.0 ], [ 119.181754974000114, -8.608028499999932, 0.0 ], [ 119.181753916000048, -8.608028775999969, 0.0 ], [ 119.181258325000044, -8.608275935999927, 0.0 ], [ 119.181014234000031, -8.608368618999975, 0.0 ], [ 119.180996148000077, -8.608306949999928, 0.0 ], [ 119.180951862000029, -8.608155944999965, 0.0 ], [ 119.180813656000055, -8.608050215999981, 0.0 ], [ 119.180504419000044, -8.60802326299995, 0.0 ], [ 119.180499817000054, -8.608022861999927, 0.0 ], [ 119.180366215000049, -8.608045288999961, 0.0 ], [ 119.180328197000108, -8.608051670999942, 0.0 ], [ 119.180022277000035, -8.608095481999953, 0.0 ], [ 119.180021614000111, -8.608095576999972, 0.0 ], [ 119.180020689000116, -8.608095877999972, 0.0 ], [ 119.179988719000107, -8.608106269999951, 0.0 ], [ 119.179911818000051, -8.608131270999934, 0.0 ], [ 119.179839694000066, -8.608154715999945, 0.0 ], [ 119.17982926000002, -8.608158110999966, 0.0 ], [ 119.179828934000057, -8.608158216999925, 0.0 ], [ 119.179828631000078, -8.608158315999958, 0.0 ], [ 119.179626724000059, -8.608223954999971, 0.0 ], [ 119.179495488000043, -8.608283665999977, 0.0 ], [ 119.179491642000016, -8.608285413999965, 0.0 ], [ 119.178579639000077, -8.608700363999958, 0.0 ], [ 119.178441080000084, -8.60875224199998, 0.0 ], [ 119.178188935000094, -8.608917204999955, 0.0 ], [ 119.177898891000041, -8.608994928999948, 0.0 ], [ 119.177776497000082, -8.608980407999979, 0.0 ], [ 119.177444174000016, -8.60897192799996, 0.0 ], [ 119.177443843000106, -8.608971919999931, 0.0 ], [ 119.177417325000079, -8.60897620999998, 0.0 ], [ 119.177367335000099, -8.608984418999967, 0.0 ], [ 119.176908528000013, -8.609059764999927, 0.0 ], [ 119.176850177, -8.609069491999946, 0.0 ], [ 119.17680305600004, -8.609130596999933, 0.0 ], [ 119.17663024400008, -8.60935434299995, 0.0 ], [ 119.176407410000024, -8.609528868999973, 0.0 ], [ 119.176059805000023, -8.609629846999951, 0.0 ], [ 119.175811673000112, -8.609730258999946, 0.0 ], [ 119.17551366500004, -8.609806201999959, 0.0 ], [ 119.175388752000117, -8.609707900999979, 0.0 ], [ 119.175257558000112, -8.609633751999979, 0.0 ], [ 119.175315913000077, -8.609632254999951, 0.0 ], [ 119.175313591000076, -8.609631046999937, 0.0 ], [ 119.174797341000044, -8.609362463999958, 0.0 ], [ 119.174536027000045, -8.609278022999945, 0.0 ], [ 119.1745310230001, -8.609276405999935, 0.0 ], [ 119.174415130000057, -8.609364626999934, 0.0 ], [ 119.17432348300008, -8.609380360999978, 0.0 ], [ 119.174177535000013, -8.609340848999977, 0.0 ], [ 119.174173815000017, -8.609341983999968, 0.0 ], [ 119.173788823000109, -8.609459465999976, 0.0 ], [ 119.173585484000114, -8.609660103999943, 0.0 ], [ 119.17325431900008, -8.61001231399996, 0.0 ], [ 119.173253061000082, -8.610013651999964, 0.0 ], [ 119.173248152000042, -8.610018871999955, 0.0 ], [ 119.172839893000059, -8.610499508999965, 0.0 ], [ 119.172788751000098, -8.61055971299993, 0.0 ], [ 119.172718904000021, -8.610657800999945, 0.0 ], [ 119.172574784000062, -8.610860206999973, 0.0 ], [ 119.172462766000081, -8.611234325999931, 0.0 ], [ 119.172414298000035, -8.611457367999947, 0.0 ], [ 119.172590505000016, -8.611827653999967, 0.0 ], [ 119.172566491000111, -8.612224357999935, 0.0 ], [ 119.172742972000037, -8.612396088999958, 0.0 ], [ 119.172868875000063, -8.612667649999935, 0.0 ], [ 119.173095670000066, -8.613186161999977, 0.0 ], [ 119.173172117000036, -8.613507505999962, 0.0 ], [ 119.173186336000072, -8.613562926999975, 0.0 ], [ 119.173316083000032, -8.613610006999977, 0.0 ], [ 119.173316422000084, -8.613610114999972, 0.0 ], [ 119.17350632900002, -8.613604248999934, 0.0 ], [ 119.173635205000096, -8.613595672999963, 0.0 ], [ 119.17391654000005, -8.613576947999945, 0.0 ], [ 119.174204056, -8.613557809999975, 0.0 ], [ 119.174204457000087, -8.613557783999966, 0.0 ], [ 119.174205077000011, -8.613557742999944, 0.0 ], [ 119.174231733000056, -8.613555967999957, 0.0 ], [ 119.174268365000103, -8.613571904999958, 0.0 ], [ 119.174312048000047, -8.613590913999928, 0.0 ], [ 119.174314908000042, -8.61359215899995, 0.0 ], [ 119.17435105200002, -8.613607887999933, 0.0 ], [ 119.174424633000058, -8.613639899999953, 0.0 ], [ 119.174519552000106, -8.613733078999928, 0.0 ], [ 119.1745539530001, -8.61376685099998, 0.0 ], [ 119.174552925000057, -8.613814141999967, 0.0 ], [ 119.174551470000097, -8.613881053999933, 0.0 ], [ 119.174505391000025, -8.613973021999925, 0.0 ], [ 119.174486966000018, -8.614009795999948, 0.0 ], [ 119.174486122000076, -8.614010073999964, 0.0 ], [ 119.174400903000105, -8.614038165999943, 0.0 ], [ 119.174399036000068, -8.614038731999926, 0.0 ], [ 119.174224857000013, -8.614025143999982, 0.0 ], [ 119.174223946000097, -8.614025074999972, 0.0 ], [ 119.174223663000021, -8.614025066999943, 0.0 ], [ 119.174165397000024, -8.614023309999936, 0.0 ], [ 119.174132610000015, -8.614022337999927, 0.0 ], [ 119.174132218000068, -8.61402232599994, 0.0 ], [ 119.174129572000083, -8.61402224699998, 0.0 ], [ 119.174121924000019, -8.614022017999957, 0.0 ], [ 119.173944408000011, -8.614016699999979, 0.0 ], [ 119.173784589000093, -8.614011853999955, 0.0 ], [ 119.173751324000023, -8.614010914999938, 0.0 ], [ 119.173750399000028, -8.614010888999928, 0.0 ], [ 119.173749890000067, -8.614011006999931, 0.0 ], [ 119.173667308000063, -8.614030256999968, 0.0 ], [ 119.173659368000017, -8.614031861999933, 0.0 ], [ 119.173607425000114, -8.614042363999943, 0.0 ], [ 119.1734665460001, -8.614076764999936, 0.0 ], [ 119.173440069000094, -8.614095314999929, 0.0 ], [ 119.17343553, -8.614098494999951, 0.0 ], [ 119.17324763900001, -8.614220280999973, 0.0 ], [ 119.173235677000093, -8.61425808499996, 0.0 ], [ 119.173235599, -8.614258341999971, 0.0 ], [ 119.173218887000075, -8.614311114999964, 0.0 ], [ 119.173231301000101, -8.614369053999951, 0.0 ], [ 119.173252967000053, -8.614470177999976, 0.0 ], [ 119.173271597000053, -8.614557124999976, 0.0 ], [ 119.173387310000066, -8.614789017999954, 0.0 ], [ 119.173488574000089, -8.614859435999961, 0.0 ], [ 119.173529795000036, -8.614888099999973, 0.0 ], [ 119.173607354000069, -8.614915373999963, 0.0 ], [ 119.173608086000058, -8.614915630999974, 0.0 ], [ 119.173709878000068, -8.614951430999952, 0.0 ], [ 119.173760252000079, -8.614969144999975, 0.0 ], [ 119.17392756400011, -8.614996700999939, 0.0 ], [ 119.174135670000055, -8.615030974999968, 0.0 ], [ 119.174136156000031, -8.615031054999974, 0.0 ], [ 119.174370882000062, -8.615069713999958, 0.0 ], [ 119.174593500000015, -8.615085272999977, 0.0 ], [ 119.174594656000068, -8.615085352999927, 0.0 ], [ 119.174594985000113, -8.615085375999968, 0.0 ], [ 119.174662581, -8.615090099999975, 0.0 ], [ 119.174705737000068, -8.615093115999969, 0.0 ], [ 119.174870226000053, -8.615079741999978, 0.0 ], [ 119.174908434000031, -8.615076647999956, 0.0 ], [ 119.175041363000105, -8.615065837999964, 0.0 ], [ 119.175138578000087, -8.615057930999967, 0.0 ], [ 119.175359024000045, -8.615040002999933, 0.0 ], [ 119.175360332000082, -8.615039888999945, 0.0 ], [ 119.175628958000061, -8.614925161999963, 0.0 ], [ 119.175641042000052, -8.614919996999959, 0.0 ], [ 119.175763760000109, -8.614867583999967, 0.0 ], [ 119.17630204000011, -8.614637680999977, 0.0 ], [ 119.176303484000073, -8.614638200999934, 0.0 ], [ 119.176326838000023, -8.614646610999955, 0.0 ], [ 119.176363034000019, -8.614659659999973, 0.0 ], [ 119.176390211000012, -8.614669455999945, 0.0 ], [ 119.17639965, -8.614672892999977, 0.0 ], [ 119.176406556000074, -8.614684717999978, 0.0 ], [ 119.176443496000047, -8.614747998999974, 0.0 ], [ 119.176458436000075, -8.614931120999927, 0.0 ], [ 119.176468944000021, -8.615059914999961, 0.0 ], [ 119.176483646000065, -8.61508873899993, 0.0 ], [ 119.176534058000016, -8.615187595999942, 0.0 ], [ 119.176561279000111, -8.615240975999939, 0.0 ], [ 119.176604126000029, -8.615324993999934, 0.0 ], [ 119.176740769000048, -8.615463155999976, 0.0 ], [ 119.176808751000067, -8.615489744999934, 0.0 ], [ 119.176809561000027, -8.615490058999967, 0.0 ], [ 119.176857931000086, -8.615508979999959, 0.0 ], [ 119.176858872000025, -8.615508939999927, 0.0 ], [ 119.176913755000101, -8.615504825999949, 0.0 ], [ 119.17703373300003, -8.61549583599998, 0.0 ], [ 119.177140719000022, -8.615492700999937, 0.0 ], [ 119.177259678000041, -8.615489214999968, 0.0 ], [ 119.177260057000012, -8.615489203999971, 0.0 ], [ 119.177260357000023, -8.615493627999967, 0.0 ], [ 119.177261346000023, -8.615514437999934, 0.0 ], [ 119.177262666000047, -8.615542221999931, 0.0 ], [ 119.177201672000024, -8.615720846999977, 0.0 ], [ 119.177203034000058, -8.615720944999964, 0.0 ], [ 119.177264673000082, -8.61572409799993, 0.0 ], [ 119.177326697000012, -8.615875908999953, 0.0 ], [ 119.177341403000014, -8.616100935999953, 0.0 ], [ 119.177341444000035, -8.616101555999933, 0.0 ], [ 119.177341763000072, -8.616101687999958, 0.0 ], [ 119.177419910000026, -8.616134057999943, 0.0 ], [ 119.177465011000095, -8.616356501999974, 0.0 ], [ 119.177582056, -8.616467256999954, 0.0 ], [ 119.177583347000109, -8.616468477999945, 0.0 ], [ 119.177597523000031, -8.616481891999968, 0.0 ], [ 119.177597976000015, -8.616482030999975, 0.0 ], [ 119.177803210000093, -8.616540863999944, 0.0 ], [ 119.177803595000114, -8.616540936999968, 0.0 ], [ 119.17791386500005, -8.616524044999949, 0.0 ], [ 119.177915709000104, -8.616523761999929, 0.0 ], [ 119.177978756000016, -8.616514104999965, 0.0 ], [ 119.178052194000088, -8.61651158199993, 0.0 ], [ 119.178053926000075, -8.616511521999939, 0.0 ], [ 119.178191547000097, -8.616506791999939, 0.0 ], [ 119.178233793000118, -8.616529025999967, 0.0 ], [ 119.178234189000023, -8.616529232999937, 0.0 ], [ 119.178234416, -8.61652935099994, 0.0 ], [ 119.178292666000061, -8.616560000999925, 0.0 ], [ 119.178330659000039, -8.616615305999971, 0.0 ], [ 119.178351674000055, -8.616645898999934, 0.0 ], [ 119.17840439500003, -8.616733771999975, 0.0 ], [ 119.178429742000048, -8.616755500999943, 0.0 ], [ 119.178567517000033, -8.616873637999959, 0.0 ], [ 119.178567942000086, -8.616874000999928, 0.0 ], [ 119.178620170000045, -8.616918780999981, 0.0 ], [ 119.17867185800003, -8.616987614999971, 0.0 ], [ 119.178718780000054, -8.617050097999936, 0.0 ], [ 119.178718560000107, -8.617072225999948, 0.0 ], [ 119.178718555000046, -8.617072637999968, 0.0 ], [ 119.178718020000019, -8.617126993999932, 0.0 ], [ 119.178717763, -8.61715307399993, 0.0 ], [ 119.178642149000098, -8.617249246999961, 0.0 ], [ 119.178496161000112, -8.617326381999931, 0.0 ], [ 119.178334370000016, -8.617367505999937, 0.0 ], [ 119.178290929000013, -8.617378547999976, 0.0 ], [ 119.178290291000053, -8.617378491999943, 0.0 ], [ 119.178105690000052, -8.617362338999953, 0.0 ], [ 119.178098466000051, -8.61736170599994, 0.0 ], [ 119.178093937000085, -8.617361309999978, 0.0 ], [ 119.178093395000019, -8.617361387999949, 0.0 ], [ 119.178063272000031, -8.617365697999958, 0.0 ], [ 119.1780357, -8.617370365999932, 0.0 ], [ 119.17797827600009, -8.617380084999979, 0.0 ], [ 119.17780983800003, -8.617577770999958, 0.0 ], [ 119.17778127400004, -8.61769656599995, 0.0 ], [ 119.177781038000035, -8.617697557999975, 0.0 ], [ 119.17778093700008, -8.617697977999967, 0.0 ], [ 119.17777275200001, -8.617732021999927, 0.0 ], [ 119.177762674000064, -8.617908891999946, 0.0 ], [ 119.177762538000025, -8.617911280999976, 0.0 ], [ 119.177762494000035, -8.617912039999965, 0.0 ], [ 119.17775714600009, -8.618005880999931, 0.0 ], [ 119.177779448000024, -8.618039006999936, 0.0 ], [ 119.17782648900004, -8.61810887799993, 0.0 ], [ 119.177894792000075, -8.618264050999926, 0.0 ], [ 119.177843811000116, -8.618278835999945, 0.0 ], [ 119.177837429000078, -8.618280685999935, 0.0 ], [ 119.17783706900002, -8.618280789999972, 0.0 ], [ 119.177836793000097, -8.618280868999932, 0.0 ], [ 119.177795197000023, -8.618292910999969, 0.0 ], [ 119.177659341000094, -8.618277049999961, 0.0 ], [ 119.17765719800002, -8.618276798999943, 0.0 ], [ 119.177646771000013, -8.618275580999978, 0.0 ], [ 119.177636343000017, -8.618274362999955, 0.0 ], [ 119.177615736, -8.618271961999938, 0.0 ], [ 119.177612967000073, -8.618271638999943, 0.0 ], [ 119.177612698000075, -8.61827160699994, 0.0 ], [ 119.177581899000074, -8.618268012999977, 0.0 ], [ 119.177421799000058, -8.618186022999964, 0.0 ], [ 119.177347154000017, -8.618076171999974, 0.0 ], [ 119.177307957000039, -8.618043414999931, 0.0 ], [ 119.17727991400011, -8.618019971999956, 0.0 ], [ 119.177254879000088, -8.617999039999972, 0.0 ], [ 119.177217151000036, -8.617996783999956, 0.0 ], [ 119.177216868000073, -8.617996766999966, 0.0 ], [ 119.177216397000052, -8.617996738999977, 0.0 ], [ 119.177216045000023, -8.617996718999962, 0.0 ], [ 119.177151049000031, -8.617992829999935, 0.0 ], [ 119.177149213, -8.61799289399994, 0.0 ], [ 119.177098638000075, -8.617994666999948, 0.0 ], [ 119.176910894000116, -8.618023754999967, 0.0 ], [ 119.176773553000089, -8.618070183999976, 0.0 ], [ 119.176545100000112, -8.617836982999961, 0.0 ], [ 119.176303842000038, -8.617702936999933, 0.0 ], [ 119.176118975, -8.617600227999958, 0.0 ], [ 119.17589957000007, -8.61763386399997, 0.0 ], [ 119.175704343, -8.617553116999943, 0.0 ], [ 119.175399146000018, -8.617537809999931, 0.0 ], [ 119.175397898000028, -8.617537746999972, 0.0 ], [ 119.17539724400001, -8.617538051999929, 0.0 ], [ 119.175355794000097, -8.617557433999934, 0.0 ], [ 119.175316606000024, -8.617575754999962, 0.0 ], [ 119.175276840000038, -8.617594345999976, 0.0 ], [ 119.175230965000083, -8.617700272999969, 0.0 ], [ 119.175253633000011, -8.618306793999977, 0.0 ], [ 119.175254955000014, -8.618341701999952, 0.0 ], [ 119.175329573000113, -8.618408024999951, 0.0 ], [ 119.175332413000092, -8.618410544999961, 0.0 ], [ 119.175332643000047, -8.618410747999974, 0.0 ], [ 119.175332953000066, -8.618411022999965, 0.0 ], [ 119.175333710000018, -8.618411694999963, 0.0 ], [ 119.175376962000087, -8.61845010299993, 0.0 ], [ 119.175388263000059, -8.61845490099995, 0.0 ], [ 119.175512626000113, -8.618507698999963, 0.0 ], [ 119.175666144000047, -8.618538002999969, 0.0 ], [ 119.175666405000015, -8.618538053999941, 0.0 ], [ 119.175752387000102, -8.618555025999967, 0.0 ], [ 119.175942426, -8.618589932999953, 0.0 ], [ 119.175989025000035, -8.618598491999933, 0.0 ], [ 119.175993455000025, -8.618599305999965, 0.0 ], [ 119.175993822, -8.618599373999928, 0.0 ], [ 119.176116468000032, -8.618621902999962, 0.0 ], [ 119.17649089400004, -8.61880888099995, 0.0 ], [ 119.176817924000034, -8.618968023999969, 0.0 ], [ 119.176884801000028, -8.619016863999946, 0.0 ], [ 119.17688527100006, -8.619017204999977, 0.0 ], [ 119.177019084000108, -8.619114925999952, 0.0 ], [ 119.177047179000056, -8.619152609999958, 0.0 ], [ 119.177132257000039, -8.619266768999978, 0.0 ], [ 119.177139153000098, -8.619276019999973, 0.0 ], [ 119.177144268, -8.61929011999996, 0.0 ], [ 119.177155457000026, -8.619320958999936, 0.0 ], [ 119.17721017100007, -8.619471773999976, 0.0 ], [ 119.177269994000085, -8.619715833999976, 0.0 ], [ 119.177346252, -8.619802022999977, 0.0 ], [ 119.17739051500007, -8.619852049999963, 0.0 ], [ 119.177626804000056, -8.619980916999964, 0.0 ], [ 119.177825495000093, -8.620025923999947, 0.0 ], [ 119.17782580800008, -8.620025993999946, 0.0 ], [ 119.177826256000117, -8.620026094999957, 0.0 ], [ 119.177826634000098, -8.620026180999957, 0.0 ], [ 119.177827124000032, -8.620026292999967, 0.0 ], [ 119.177887112, -8.620039881999958, 0.0 ], [ 119.177887543000111, -8.620039935999955, 0.0 ], [ 119.177920454000059, -8.620027353999944, 0.0 ], [ 119.177989826000044, -8.620000829999981, 0.0 ], [ 119.177990443000112, -8.620000592999929, 0.0 ], [ 119.177991769000073, -8.620000085999948, 0.0 ], [ 119.178070035000019, -8.619970162999948, 0.0 ], [ 119.178096629000038, -8.619945012999949, 0.0 ], [ 119.178097176000051, -8.619944497999938, 0.0 ], [ 119.178097707, -8.61994399699995, 0.0 ], [ 119.178231647000075, -8.619817353999963, 0.0 ], [ 119.178272550000088, -8.619738914999971, 0.0 ], [ 119.1782823960001, -8.619720029999939, 0.0 ], [ 119.178313592000109, -8.619660196999973, 0.0 ], [ 119.178365720000102, -8.619569699999943, 0.0 ], [ 119.178365865000046, -8.619569448999925, 0.0 ], [ 119.178406397000117, -8.619499089999977, 0.0 ], [ 119.178407634000109, -8.619498809999925, 0.0 ], [ 119.178500573000065, -8.619477805999963, 0.0 ], [ 119.1785033540001, -8.619479904999935, 0.0 ], [ 119.178600223000103, -8.619554298999958, 0.0 ], [ 119.178671405000046, -8.619608941999957, 0.0 ], [ 119.178705426000079, -8.61970615599995, 0.0 ], [ 119.178727090000052, -8.61976806399997, 0.0 ], [ 119.178811548000112, -8.619817877999935, 0.0 ], [ 119.178910656000085, -8.619892075999928, 0.0 ], [ 119.179041581000092, -8.620129425999949, 0.0 ], [ 119.179200100000116, -8.620416804999934, 0.0 ], [ 119.179302792000044, -8.620503388999964, 0.0 ], [ 119.179489575000048, -8.620660871999974, 0.0 ], [ 119.179489974000035, -8.620661005999978, 0.0 ], [ 119.17952592600011, -8.620673094999972, 0.0 ], [ 119.179526493000026, -8.620673286999931, 0.0 ], [ 119.179938152000091, -8.620811716999981, 0.0 ], [ 119.180344809000076, -8.620871776999934, 0.0 ], [ 119.180465670000103, -8.620848739999929, 0.0 ], [ 119.180595695000079, -8.620823955999981, 0.0 ], [ 119.18061724100005, -8.620802795999964, 0.0 ], [ 119.180701122000073, -8.620720418999952, 0.0 ], [ 119.180738660000088, -8.620593023999959, 0.0 ], [ 119.180740343000025, -8.620251658999962, 0.0 ], [ 119.180740347000096, -8.620250885999951, 0.0 ], [ 119.18074067200007, -8.620184955999946, 0.0 ], [ 119.180747966000013, -8.620091245999959, 0.0 ], [ 119.180755300000101, -8.61999700399997, 0.0 ], [ 119.180765549000057, -8.619981994999932, 0.0 ], [ 119.180818305000116, -8.619904743999939, 0.0 ], [ 119.180861659000016, -8.619899951999969, 0.0 ], [ 119.180879391000076, -8.619897990999959, 0.0 ], [ 119.180880003000084, -8.619897918999925, 0.0 ], [ 119.180905187, -8.619895138999937, 0.0 ], [ 119.180906600000071, -8.619894982999938, 0.0 ], [ 119.181044239000016, -8.620004869999946, 0.0 ], [ 119.181044880000059, -8.620005233999962, 0.0 ], [ 119.181098141, -8.619973552999966, 0.0 ], [ 119.181098390000102, -8.619973296999945, 0.0 ], [ 119.18116515600002, -8.619903743999942, 0.0 ], [ 119.181172886000013, -8.619895691999943, 0.0 ], [ 119.181205888000022, -8.619861312999944, 0.0 ], [ 119.181227422, -8.619855874999928, 0.0 ], [ 119.181314598000085, -8.619833858999925, 0.0 ], [ 119.181338072000017, -8.619827930999975, 0.0 ], [ 119.18139644900009, -8.619840800999953, 0.0 ], [ 119.181456256000047, -8.619853983999974, 0.0 ], [ 119.18143446800002, -8.619900073999929, 0.0 ], [ 119.181412888000068, -8.619945735999977, 0.0 ], [ 119.181369720000021, -8.620001198999944, 0.0 ], [ 119.181334218000075, -8.620046805999948, 0.0 ], [ 119.181398534000095, -8.620061677999956, 0.0 ], [ 119.181399462000059, -8.620061890999978, 0.0 ], [ 119.181418688, -8.620066346999977, 0.0 ], [ 119.181559859000117, -8.620082532999959, 0.0 ], [ 119.181560239000078, -8.620082577999938, 0.0 ], [ 119.181560531000059, -8.620082611999976, 0.0 ], [ 119.181579660000011, -8.620084830999929, 0.0 ], [ 119.181580217000032, -8.620084894999934, 0.0 ], [ 119.181610877000026, -8.620123476999936, 0.0 ], [ 119.181654930000036, -8.620179101999952, 0.0 ], [ 119.181701319000013, -8.620291840999926, 0.0 ], [ 119.181784152000091, -8.620334951999951, 0.0 ], [ 119.181784869000012, -8.620335265999927, 0.0 ], [ 119.181816418000039, -8.620329270999946, 0.0 ], [ 119.181836074000103, -8.620325536999928, 0.0 ], [ 119.181873233000033, -8.620318476999955, 0.0 ], [ 119.181948571000021, -8.620310417999974, 0.0 ], [ 119.181950790000087, -8.620310168999936, 0.0 ], [ 119.181988194000041, -8.620306179999943, 0.0 ], [ 119.181989774000044, -8.620306010999968, 0.0 ], [ 119.182010887000047, -8.620324919999973, 0.0 ], [ 119.18203080100011, -8.620342787999959, 0.0 ], [ 119.182037684000079, -8.620348959999944, 0.0 ], [ 119.182033641000089, -8.620374948999938, 0.0 ], [ 119.182033562000015, -8.620375455999977, 0.0 ], [ 119.182021051000106, -8.620455866999976, 0.0 ], [ 119.182033871000044, -8.620481828999971, 0.0 ], [ 119.182054325000081, -8.620523245999948, 0.0 ], [ 119.182117119000054, -8.620619808999948, 0.0 ], [ 119.182143652000036, -8.620660596999926, 0.0 ], [ 119.182143150000115, -8.620663055999955, 0.0 ], [ 119.182139984000059, -8.620678579999947, 0.0 ], [ 119.182136319000051, -8.620696549999934, 0.0 ], [ 119.182043205000014, -8.621004762999974, 0.0 ], [ 119.182029856000099, -8.621048946999963, 0.0 ], [ 119.182036529000015, -8.621072158999937, 0.0 ], [ 119.182036636000021, -8.62107253299996, 0.0 ], [ 119.182074758000113, -8.621205144999976, 0.0 ], [ 119.182137782000041, -8.621243572999958, 0.0 ], [ 119.182197277000114, -8.621279849999951, 0.0 ], [ 119.182216889000074, -8.621276330999933, 0.0 ], [ 119.182226777000096, -8.621274558999971, 0.0 ], [ 119.182273426000052, -8.621266193999929, 0.0 ], [ 119.182341757000017, -8.621164135999948, 0.0 ], [ 119.182351953000079, -8.621154881999928, 0.0 ], [ 119.182421788000056, -8.621091498999931, 0.0 ], [ 119.182422068000051, -8.621091244999946, 0.0 ], [ 119.182446279000033, -8.621109624999974, 0.0 ], [ 119.182452536000028, -8.621114374999934, 0.0 ], [ 119.182511684000019, -8.621159277999936, 0.0 ], [ 119.182549274000053, -8.621268111999939, 0.0 ], [ 119.182633598000052, -8.621561598999961, 0.0 ], [ 119.182633669000097, -8.621561848999931, 0.0 ], [ 119.182640026000058, -8.621583973999975, 0.0 ], [ 119.182647072, -8.621595217999982, 0.0 ], [ 119.182802137000067, -8.621842689999937, 0.0 ], [ 119.182876237000073, -8.621982793999962, 0.0 ], [ 119.182943608000073, -8.622110174999932, 0.0 ], [ 119.183009784000092, -8.622412557999951, 0.0 ], [ 119.18301554300001, -8.622438875999933, 0.0 ], [ 119.183045075000109, -8.62257683699994, 0.0 ], [ 119.183033022000018, -8.622836680999967, 0.0 ], [ 119.183031102000086, -8.622878026999956, 0.0 ], [ 119.182970044000058, -8.622964923999973, 0.0 ], [ 119.182914192000112, -8.622997679999969, 0.0 ], [ 119.182913872000086, -8.622997864999945, 0.0 ], [ 119.182851847000052, -8.623034250999979, 0.0 ], [ 119.18277631, -8.623032070999955, 0.0 ], [ 119.182775974000037, -8.623032061999936, 0.0 ], [ 119.182775508000077, -8.62303204799997, 0.0 ], [ 119.18277334000004, -8.623031988999969, 0.0 ], [ 119.182771897000066, -8.623031949999927, 0.0 ], [ 119.182764825000049, -8.623031736999963, 0.0 ], [ 119.182763013000113, -8.623031682999965, 0.0 ], [ 119.182760465000115, -8.623031609999941, 0.0 ], [ 119.18275926900003, -8.62303157599996, 0.0 ], [ 119.182756004000112, -8.623031481999931, 0.0 ], [ 119.182733859000109, -8.623030847999928, 0.0 ], [ 119.182732792000024, -8.623030816999972, 0.0 ], [ 119.182680101000074, -8.622976165999944, 0.0 ], [ 119.182684916000085, -8.622886900999958, 0.0 ], [ 119.182686419000106, -8.622859001999927, 0.0 ], [ 119.182675105000044, -8.622761643999979, 0.0 ], [ 119.182670309000059, -8.622720397999956, 0.0 ], [ 119.182670028000075, -8.622720069999957, 0.0 ], [ 119.182667947000027, -8.62271792599995, 0.0 ], [ 119.182572729000071, -8.622619800999928, 0.0 ], [ 119.182369209000058, -8.622486833999972, 0.0 ], [ 119.182236860000103, -8.622479208999948, 0.0 ], [ 119.182078496000031, -8.622475979999933, 0.0 ], [ 119.182001725000077, -8.622474413999953, 0.0 ], [ 119.18188164500009, -8.622471965999978, 0.0 ], [ 119.18185513100002, -8.622471424999958, 0.0 ], [ 119.181779580000011, -8.622418133999929, 0.0 ], [ 119.181700821000049, -8.622362579999958, 0.0 ], [ 119.181443109000043, -8.622195510999973, 0.0 ], [ 119.181419110000093, -8.62218001399998, 0.0 ], [ 119.181416425000066, -8.622180450999963, 0.0 ], [ 119.181362271000012, -8.622189499999934, 0.0 ], [ 119.181249994000041, -8.622208653999962, 0.0 ], [ 119.181149519000087, -8.622280916999955, 0.0 ], [ 119.181142482000041, -8.622285977999979, 0.0 ], [ 119.181092654000054, -8.62232204999998, 0.0 ], [ 119.180842182000106, -8.622524971999951, 0.0 ], [ 119.180760698000086, -8.622590985999977, 0.0 ], [ 119.180637557000068, -8.622690749999947, 0.0 ], [ 119.180635002000031, -8.622692819999941, 0.0 ], [ 119.18020514300008, -8.623041072999968, 0.0 ], [ 119.180047295, -8.623199184999976, 0.0 ], [ 119.180046589000085, -8.623199894999971, 0.0 ], [ 119.179886922000037, -8.623359831999949, 0.0 ], [ 119.17980456600003, -8.623380036999947, 0.0 ], [ 119.179795463000119, -8.623382272999947, 0.0 ], [ 119.17979356100011, -8.623382738999965, 0.0 ], [ 119.179755583000087, -8.623392056999933, 0.0 ], [ 119.179755250000085, -8.623391964999939, 0.0 ], [ 119.179616890000034, -8.623353958999928, 0.0 ], [ 119.179532396000013, -8.623290332999943, 0.0 ], [ 119.179482749000044, -8.623252949999937, 0.0 ], [ 119.179440971000076, -8.623188262999975, 0.0 ], [ 119.179388478000078, -8.623106983999946, 0.0 ], [ 119.179312855000035, -8.622936170999935, 0.0 ], [ 119.179312091000043, -8.622936089999939, 0.0 ], [ 119.17928672100004, -8.622934961999931, 0.0 ], [ 119.179286299000069, -8.622934942999962, 0.0 ], [ 119.179214737000052, -8.622931759999972, 0.0 ], [ 119.179150826000068, -8.622969939999962, 0.0 ], [ 119.179149895000023, -8.622970492999968, 0.0 ], [ 119.179145414000118, -8.622973171999945, 0.0 ], [ 119.179122476000089, -8.622986873999935, 0.0 ], [ 119.179017952000095, -8.623060958999929, 0.0 ], [ 119.178910309000116, -8.623137253999971, 0.0 ], [ 119.178904285000044, -8.623141525999927, 0.0 ], [ 119.178903668000089, -8.623141962999966, 0.0 ], [ 119.178901058000065, -8.623143812999956, 0.0 ], [ 119.178673422000088, -8.623305165999966, 0.0 ], [ 119.178672818000109, -8.623305348999963, 0.0 ], [ 119.178388129000041, -8.623398003999966, 0.0 ], [ 119.17838762000008, -8.623398169999973, 0.0 ], [ 119.178179168000042, -8.62341440199998, 0.0 ], [ 119.178146662000017, -8.62341693299993, 0.0 ], [ 119.178046781000035, -8.623420410999927, 0.0 ], [ 119.177459576000047, -8.623440857999981, 0.0 ], [ 119.177458275000049, -8.623440947999939, 0.0 ], [ 119.17737369300005, -8.623497652999959, 0.0 ], [ 119.177334693000034, -8.623526246999972, 0.0 ], [ 119.177275307000059, -8.623633204999976, 0.0 ], [ 119.177192328000046, -8.623895343999948, 0.0 ], [ 119.177200887000026, -8.623975916999939, 0.0 ], [ 119.1772241110001, -8.624194561999957, 0.0 ], [ 119.177285023000081, -8.624275498999964, 0.0 ], [ 119.177285597000036, -8.624276261999967, 0.0 ], [ 119.177285784000105, -8.624276512999927, 0.0 ], [ 119.177335871000082, -8.624343068999963, 0.0 ], [ 119.177351941000097, -8.624364416999981, 0.0 ], [ 119.177430361, -8.624469647999945, 0.0 ], [ 119.177449922000051, -8.624495901999978, 0.0 ], [ 119.177450597000075, -8.624496805999968, 0.0 ], [ 119.177450846000056, -8.62449713999996, 0.0 ], [ 119.177628777000109, -8.624735916999953, 0.0 ], [ 119.177659943000094, -8.62478232899997, 0.0 ], [ 119.177784611000106, -8.62496798199993, 0.0 ], [ 119.177823982000064, -8.62500001799998, 0.0 ], [ 119.177901005000081, -8.625063390999969, 0.0 ], [ 119.17790204500011, -8.625063744999977, 0.0 ], [ 119.178009896000049, -8.62509516199998, 0.0 ], [ 119.17801076100011, -8.625094966999939, 0.0 ], [ 119.17808758700005, -8.625071237999975, 0.0 ], [ 119.178087835000042, -8.625071160999937, 0.0 ], [ 119.178088086000116, -8.625071082999966, 0.0 ], [ 119.178176744000098, -8.625043699999935, 0.0 ], [ 119.178177067000092, -8.625043435999942, 0.0 ], [ 119.178335909000111, -8.624913676999938, 0.0 ], [ 119.178684238000073, -8.62493644999995, 0.0 ], [ 119.178908779000039, -8.62505893499997, 0.0 ], [ 119.179009112000017, -8.625206877999972, 0.0 ], [ 119.179135311000095, -8.625527935999969, 0.0 ], [ 119.179276640000012, -8.625853867999979, 0.0 ], [ 119.179641912000079, -8.626420458999974, 0.0 ], [ 119.179849137000019, -8.626606577999951, 0.0 ], [ 119.179899584000054, -8.626651885999934, 0.0 ], [ 119.180055129000039, -8.626717528999961, 0.0 ], [ 119.180056328000092, -8.626718034999953, 0.0 ], [ 119.180084541000042, -8.626729939999962, 0.0 ], [ 119.180084850000071, -8.626729926999928, 0.0 ], [ 119.180139098000041, -8.626717068999938, 0.0 ], [ 119.180210420000094, -8.626511906999951, 0.0 ], [ 119.180384515000014, -8.626510916999962, 0.0 ], [ 119.180387569000118, -8.626868275999925, 0.0 ], [ 119.180419411000116, -8.626890043999936, 0.0 ], [ 119.180419860000029, -8.626890130999925, 0.0 ], [ 119.180438156000037, -8.626892589999954, 0.0 ], [ 119.180535948000056, -8.626905730999965, 0.0 ], [ 119.180564943000036, -8.626909626999975, 0.0 ], [ 119.180630692000022, -8.626871586999926, 0.0 ], [ 119.18063134800002, -8.626871202999951, 0.0 ], [ 119.180707882000092, -8.626826927999957, 0.0 ], [ 119.1807084080001, -8.626826623999932, 0.0 ], [ 119.180777196, -8.626824319999969, 0.0 ], [ 119.180777910000074, -8.62682429399996, 0.0 ], [ 119.180839748000039, -8.626822224999955, 0.0 ], [ 119.180900712000039, -8.626840949999973, 0.0 ], [ 119.180998446000103, -8.626870968999981, 0.0 ], [ 119.181197219000069, -8.626932020999959, 0.0 ], [ 119.181299150000086, -8.626963327999931, 0.0 ], [ 119.181320277000054, -8.626966275999962, 0.0 ], [ 119.181357267000067, -8.626971440999966, 0.0 ], [ 119.181364940000094, -8.626972511999952, 0.0 ], [ 119.181503989000021, -8.626996954999981, 0.0 ], [ 119.181525743000066, -8.627029825999955, 0.0 ], [ 119.181552043000011, -8.627069564999942, 0.0 ], [ 119.181856136000079, -8.627245108999944, 0.0 ], [ 119.181932171000085, -8.627492195999935, 0.0 ], [ 119.181958321000025, -8.627714813999944, 0.0 ], [ 119.181860542000095, -8.62801239199996, 0.0 ], [ 119.181787495000094, -8.628285078999966, 0.0 ], [ 119.18166442100005, -8.628508545999978, 0.0 ], [ 119.181517007000025, -8.628583401999947, 0.0 ], [ 119.181516252000051, -8.628583785999979, 0.0 ], [ 119.18150155, -8.628667555999925, 0.0 ], [ 119.181489257000067, -8.62873760399998, 0.0 ], [ 119.181489061000093, -8.628738722999969, 0.0 ], [ 119.1815074860001, -8.62883766899995, 0.0 ], [ 119.181540854000104, -8.629016787999944, 0.0 ], [ 119.181554707000032, -8.629091149999965, 0.0 ], [ 119.181563109000081, -8.629136236999955, 0.0 ], [ 119.181592903000023, -8.629296160999957, 0.0 ], [ 119.181675737000091, -8.629418114999964, 0.0 ], [ 119.181869246000019, -8.629612953999981, 0.0 ], [ 119.182052718000023, -8.629739818999951, 0.0 ], [ 119.18205300000011, -8.629740013999935, 0.0 ], [ 119.182320658000094, -8.629921110999931, 0.0 ], [ 119.182322961000068, -8.629922738999937, 0.0 ], [ 119.182350288000066, -8.629942050999944, 0.0 ], [ 119.18235173700009, -8.629947340999934, 0.0 ], [ 119.182388524000089, -8.630087554999932, 0.0 ], [ 119.182393195000031, -8.630105356999934, 0.0 ], [ 119.182402173000014, -8.630146371999956, 0.0 ], [ 119.182428411000046, -8.63031078299997, 0.0 ], [ 119.182433697000079, -8.630343892999974, 0.0 ], [ 119.182434042000068, -8.630346042999975, 0.0 ], [ 119.182464614000082, -8.630375942999933, 0.0 ], [ 119.182464943000014, -8.630376264999938, 0.0 ], [ 119.182470277000107, -8.630381469999975, 0.0 ], [ 119.182501700000103, -8.630412127999932, 0.0 ], [ 119.18253264100008, -8.630442315999971, 0.0 ], [ 119.18270107100011, -8.63054091999993, 0.0 ], [ 119.182726115000037, -8.630556642999977, 0.0 ], [ 119.182887925000045, -8.630656055999964, 0.0 ], [ 119.183144589000108, -8.630727793999938, 0.0 ], [ 119.183047098000088, -8.631074874999968, 0.0 ], [ 119.182973625000045, -8.631273309999926, 0.0 ], [ 119.182975048000117, -8.631520818999945, 0.0 ], [ 119.182976471000075, -8.631768330999932, 0.0 ], [ 119.182779211000025, -8.632066476999967, 0.0 ], [ 119.182656991000044, -8.632438451999974, 0.0 ], [ 119.182509187000051, -8.632686809999939, 0.0 ], [ 119.182585083000049, -8.632909144999928, 0.0 ], [ 119.182660690000034, -8.63308197899994, 0.0 ], [ 119.182761028000073, -8.633229919999962, 0.0 ], [ 119.182710242000098, -8.633423615999959, 0.0 ], [ 119.182702493000079, -8.633453494999969, 0.0 ], [ 119.182667586000093, -8.633588097999962, 0.0 ], [ 119.182666653000069, -8.633591695999939, 0.0 ], [ 119.182638923000013, -8.633598871999936, 0.0 ], [ 119.182547605000082, -8.633631821999927, 0.0 ], [ 119.182455473000118, -8.633610884999939, 0.0 ], [ 119.182304211000087, -8.63346590499998, 0.0 ], [ 119.182036678000031, -8.633248142999946, 0.0 ], [ 119.181922444000065, -8.633187282999927, 0.0 ], [ 119.181921886000055, -8.633186984999952, 0.0 ], [ 119.181921529000078, -8.633186794999972, 0.0 ], [ 119.18192126200006, -8.633186652999939, 0.0 ], [ 119.181768667000028, -8.633105354999941, 0.0 ], [ 119.181702318000021, -8.633070006999958, 0.0 ], [ 119.181518772000118, -8.632881083999962, 0.0 ], [ 119.181482210000013, -8.632826980999937, 0.0 ], [ 119.181481243, -8.632825550999939, 0.0 ], [ 119.181397674000095, -8.632701888999975, 0.0 ], [ 119.181333139000117, -8.632604747999949, 0.0 ], [ 119.181316008000067, -8.632578962999958, 0.0 ], [ 119.181301851000057, -8.632486402999973, 0.0 ], [ 119.181296140000086, -8.632449057999963, 0.0 ], [ 119.181342550000068, -8.632347071999959, 0.0 ], [ 119.181380133000062, -8.632245022999939, 0.0 ], [ 119.181345597000018, -8.632159914999932, 0.0 ], [ 119.181321104000062, -8.632099564999976, 0.0 ], [ 119.181205573000057, -8.631937149999942, 0.0 ], [ 119.18117630200004, -8.631912424999939, 0.0 ], [ 119.181037766000031, -8.631827053999928, 0.0 ], [ 119.181034554, -8.631825087999971, 0.0 ], [ 119.180990232000113, -8.631803943999955, 0.0 ], [ 119.180928993000066, -8.63178635099996, 0.0 ], [ 119.180796343000111, -8.631758292999962, 0.0 ], [ 119.180760216000067, -8.631754533999981, 0.0 ], [ 119.180759953, -8.631754506999926, 0.0 ], [ 119.18075551000004, -8.63175404499998, 0.0 ], [ 119.180753595000056, -8.631754022999928, 0.0 ], [ 119.180523609000034, -8.631751342999962, 0.0 ], [ 119.180523165000068, -8.631751337999958, 0.0 ], [ 119.180499609000094, -8.631751063999957, 0.0 ], [ 119.180498106000073, -8.631751045999977, 0.0 ], [ 119.180497707000086, -8.631751083999973, 0.0 ], [ 119.18037336000009, -8.631762968999965, 0.0 ], [ 119.180373056, -8.631762997999942, 0.0 ], [ 119.180192032000036, -8.63178030499995, 0.0 ], [ 119.180051605000017, -8.631792767999968, 0.0 ], [ 119.179797435000069, -8.631815321999966, 0.0 ], [ 119.179794209000079, -8.631815608999943, 0.0 ], [ 119.179793784000026, -8.631815646999939, 0.0 ], [ 119.179793044, -8.631815711999934, 0.0 ], [ 119.17975991600008, -8.631818647999978, 0.0 ], [ 119.179599634000056, -8.63183287499993, 0.0 ], [ 119.1795979850001, -8.631833020999977, 0.0 ], [ 119.179343791000065, -8.631777252999939, 0.0 ], [ 119.179328941000108, -8.631773975999977, 0.0 ], [ 119.179143902000078, -8.63165778399997, 0.0 ], [ 119.179104172000052, -8.63162429199997, 0.0 ], [ 119.178839086000039, -8.631400806999977, 0.0 ], [ 119.178691625000056, -8.631276484999944, 0.0 ], [ 119.178565479000099, -8.631170134999934, 0.0 ], [ 119.178508865000026, -8.63108800699996, 0.0 ], [ 119.178442978000021, -8.630992424999931, 0.0 ], [ 119.178313102000061, -8.630804015999956, 0.0 ], [ 119.178226769000048, -8.630794976999937, 0.0 ], [ 119.178178942000045, -8.630789977999939, 0.0 ], [ 119.178164873000014, -8.630788499999937, 0.0 ], [ 119.178131888000053, -8.630785054999933, 0.0 ], [ 119.178131540000095, -8.630785024999966, 0.0 ], [ 119.177926570000068, -8.630828942999926, 0.0 ], [ 119.177383743000064, -8.631012079999948, 0.0 ], [ 119.177242075000095, -8.631059873999959, 0.0 ], [ 119.177016593000076, -8.63113594899994, 0.0 ], [ 119.176855490000094, -8.631241391999936, 0.0 ], [ 119.176710531000026, -8.631274101999963, 0.0 ], [ 119.176709129000074, -8.631273964999934, 0.0 ], [ 119.176662754000063, -8.631269427999939, 0.0 ], [ 119.176661863000049, -8.63126934099995, 0.0 ], [ 119.176506036000092, -8.631254093999928, 0.0 ], [ 119.176440516000071, -8.631258466999952, 0.0 ], [ 119.17643978000001, -8.631258516999935, 0.0 ], [ 119.17633029600006, -8.631265824999957, 0.0 ], [ 119.175944713000035, -8.631377596999926, 0.0 ], [ 119.175920186000099, -8.63138470399997, 0.0 ], [ 119.175498479000112, -8.631506945999945, 0.0 ], [ 119.175461242000097, -8.631599560999973, 0.0 ], [ 119.175460889000078, -8.631600440999932, 0.0 ], [ 119.175393139000107, -8.631768948999934, 0.0 ], [ 119.175365392000117, -8.631765506999955, 0.0 ], [ 119.175365107000061, -8.631765471999927, 0.0 ], [ 119.175313938000045, -8.631758833999982, 0.0 ], [ 119.175232200000096, -8.63164999299994, 0.0 ], [ 119.175214612000104, -8.631621948999964, 0.0 ], [ 119.175101531000109, -8.631479506999938, 0.0 ], [ 119.175075347000075, -8.631453491999935, 0.0 ], [ 119.175019707000047, -8.631409427999927, 0.0 ], [ 119.174925509000104, -8.631335710999963, 0.0 ], [ 119.174923531000104, -8.631334147999951, 0.0 ], [ 119.174699735000104, -8.631157322999968, 0.0 ], [ 119.174536637000074, -8.631028455999967, 0.0 ], [ 119.17451338, -8.63101002999997, 0.0 ], [ 119.174455461000093, -8.630884628999979, 0.0 ], [ 119.174424102000103, -8.630816741999979, 0.0 ], [ 119.174404886000048, -8.630650675999959, 0.0 ], [ 119.174400152000089, -8.630609769999978, 0.0 ], [ 119.174406073000114, -8.630557948999979, 0.0 ], [ 119.174406268000098, -8.630556246999959, 0.0 ], [ 119.174406312000087, -8.630555861999937, 0.0 ], [ 119.174431439000045, -8.630335920999926, 0.0 ], [ 119.174434629000075, -8.63030854799996, 0.0 ], [ 119.174469241000111, -8.629999589999954, 0.0 ], [ 119.174437208000086, -8.629781238999954, 0.0 ], [ 119.174436858000035, -8.629778912999939, 0.0 ], [ 119.174407002000066, -8.629575337999938, 0.0 ], [ 119.174391087000117, -8.629393166999932, 0.0 ], [ 119.174391064000019, -8.629392896999946, 0.0 ], [ 119.174390995000067, -8.629392085999939, 0.0 ], [ 119.174378221000097, -8.629245868999931, 0.0 ], [ 119.174396232000049, -8.629040841999938, 0.0 ], [ 119.17439636600011, -8.62903930799996, 0.0 ], [ 119.174397034000094, -8.629031709999936, 0.0 ], [ 119.174429422000117, -8.628663030999974, 0.0 ], [ 119.174454123000032, -8.628596195999933, 0.0 ], [ 119.174467267000068, -8.628560617999938, 0.0 ], [ 119.174467376000052, -8.628560325999956, 0.0 ], [ 119.174492922000013, -8.628491209999936, 0.0 ], [ 119.174545651000017, -8.628307158999974, 0.0 ], [ 119.174484619000054, -8.62817684099997, 0.0 ], [ 119.174363071000016, -8.628113869999936, 0.0 ], [ 119.174223869000116, -8.628039763999936, 0.0 ], [ 119.174223254000026, -8.628039436999927, 0.0 ], [ 119.173979842000108, -8.627909853999938, 0.0 ], [ 119.173938592000013, -8.627849995999952, 0.0 ], [ 119.173912535000113, -8.627812183999936, 0.0 ], [ 119.173905906000073, -8.627780606999977, 0.0 ], [ 119.173889495000026, -8.627702437999972, 0.0 ], [ 119.173881273, -8.627663283999937, 0.0 ], [ 119.17381092800008, -8.627497824999978, 0.0 ], [ 119.173683803000017, -8.627434242999925, 0.0 ], [ 119.17368319600007, -8.627434125999969, 0.0 ], [ 119.173407638000072, -8.627381109999931, 0.0 ], [ 119.173361629000055, -8.627360581999937, 0.0 ], [ 119.173361322, -8.627360444999965, 0.0 ], [ 119.17333644100006, -8.627349343999981, 0.0 ], [ 119.173226201000034, -8.627300154999944, 0.0 ], [ 119.173131071000057, -8.627189459999954, 0.0 ], [ 119.172790723000048, -8.626793411999927, 0.0 ], [ 119.172790304000046, -8.626792924999961, 0.0 ], [ 119.17279011200003, -8.626792700999943, 0.0 ], [ 119.172737064000103, -8.626730971999962, 0.0 ], [ 119.172712269000044, -8.626696759999959, 0.0 ], [ 119.172711934000063, -8.626696298999946, 0.0 ], [ 119.172080648000019, -8.625825289999966, 0.0 ], [ 119.171705309000117, -8.625307415999941, 0.0 ], [ 119.171600071000057, -8.625162213999943, 0.0 ], [ 119.171587459000079, -8.625146868999934, 0.0 ], [ 119.171540722000032, -8.625089978999938, 0.0 ], [ 119.17152228100008, -8.625076523999951, 0.0 ], [ 119.171521954000013, -8.625076285999967, 0.0 ], [ 119.171519458000034, -8.625074464999955, 0.0 ], [ 119.17136340400009, -8.62499997499998, 0.0 ], [ 119.17130971000006, -8.624974114999929, 0.0 ], [ 119.170938282000066, -8.624839427999973, 0.0 ], [ 119.17092079300005, -8.624833468999952, 0.0 ], [ 119.170882432000099, -8.62482039899993, 0.0 ], [ 119.170590829000048, -8.624805783999932, 0.0 ], [ 119.170572651000043, -8.624808711999947, 0.0 ], [ 119.170571868000025, -8.624808837999979, 0.0 ], [ 119.170565374000034, -8.624809884999934, 0.0 ], [ 119.170399321000104, -8.62477651599994, 0.0 ], [ 119.170009160000063, -8.624701, 0.0 ], [ 119.16895257200008, -8.624173670999937, 0.0 ], [ 119.16826815200011, -8.623608078999951, 0.0 ], [ 119.1675391980001, -8.623196399999927, 0.0 ], [ 119.166118847, -8.622634959999971, 0.0 ], [ 119.165182616000038, -8.622459460999949, 0.0 ], [ 119.164527355000018, -8.622228140999937, 0.0 ], [ 119.164227022000091, -8.622121364999941, 0.0 ], [ 119.16416593100007, -8.62219055099996, 0.0 ], [ 119.163216290000037, -8.623265986999968, 0.0 ], [ 119.162217597000108, -8.623334887999931, 0.0 ], [ 119.161592203000055, -8.623564387999977, 0.0 ], [ 119.160301692000075, -8.62342702899997, 0.0 ], [ 119.159394640000073, -8.623640031999969, 0.0 ], [ 119.158405899000059, -8.623862533999954, 0.0 ], [ 119.15797959300005, -8.623964360999935, 0.0 ], [ 119.156944872000054, -8.624087686999928, 0.0 ], [ 119.156201247000013, -8.62429072599997, 0.0 ], [ 119.155486355000107, -8.624755737999976, 0.0 ], [ 119.154642563000039, -8.624914140999977, 0.0 ], [ 119.15375610000001, -8.62555610499993, 0.0 ], [ 119.153014289000112, -8.626080289999948, 0.0 ], [ 119.152116140000089, -8.626424036999936, 0.0 ], [ 119.152106174000096, -8.626428353999927, 0.0 ], [ 119.15136502200005, -8.626749398999948, 0.0 ], [ 119.150549698000077, -8.627124573999936, 0.0 ], [ 119.149625025000091, -8.627437088999955, 0.0 ], [ 119.149085067000101, -8.627907684999968, 0.0 ], [ 119.148978252, -8.628000777999944, 0.0 ], [ 119.148058458000037, -8.628277466999975, 0.0 ], [ 119.147206593000078, -8.62861668499994, 0.0 ], [ 119.146315734000041, -8.629015597999967, 0.0 ], [ 119.145430859000044, -8.629413029999967, 0.0 ], [ 119.144541840000102, -8.629607824999937, 0.0 ], [ 119.144038096000031, -8.629621196999949, 0.0 ], [ 119.14367909900011, -8.629630725999959, 0.0 ], [ 119.143531582000037, -8.629661941999927, 0.0 ], [ 119.14327503800007, -8.629716230999975, 0.0 ], [ 119.14283540100007, -8.629809264999949, 0.0 ], [ 119.141891005000048, -8.629848616999936, 0.0 ], [ 119.140729912000097, -8.630117237999968, 0.0 ], [ 119.139932273000113, -8.630410943999948, 0.0 ], [ 119.139118447000101, -8.630153347999965, 0.0 ], [ 119.138168108000059, -8.630041137999967, 0.0 ], [ 119.137067891000015, -8.629830328999958, 0.0 ], [ 119.135952247000091, -8.630156781999972, 0.0 ], [ 119.135616003000109, -8.628437130999941, 0.0 ], [ 119.135433981, -8.627832771999977, 0.0 ], [ 119.134586579000029, -8.626768761999926, 0.0 ], [ 119.134271633000026, -8.626373308999973, 0.0 ], [ 119.134262113000091, -8.626361355999961, 0.0 ], [ 119.133069061000015, -8.626421343999937, 0.0 ], [ 119.131997714000022, -8.62683508799995, 0.0 ], [ 119.131970224000042, -8.627289652999934, 0.0 ], [ 119.131865674000096, -8.627929996999967, 0.0 ], [ 119.131212065000113, -8.62922511499994, 0.0 ], [ 119.130567481000071, -8.629988042999969, 0.0 ], [ 119.13051749400006, -8.63001574599997, 0.0 ], [ 119.130196540000043, -8.630265142999974, 0.0 ], [ 119.129766829000118, -8.630559393999931, 0.0 ], [ 119.129351650000103, -8.630664455999977, 0.0 ], [ 119.12874536400011, -8.630757507999931, 0.0 ], [ 119.128186969000012, -8.630798873999936, 0.0 ], [ 119.128025412000056, -8.630780866999942, 0.0 ], [ 119.127880370000071, -8.630764700999976, 0.0 ], [ 119.127682174000029, -8.630679223999948, 0.0 ], [ 119.127428677000012, -8.63056989599994, 0.0 ], [ 119.12708082600011, -8.630357772999957, 0.0 ], [ 119.126830579000057, -8.630301761999931, 0.0 ], [ 119.126616258000013, -8.630224025999951, 0.0 ], [ 119.12629155400009, -8.630175601999952, 0.0 ], [ 119.125513147000106, -8.629787686999975, 0.0 ], [ 119.124604907000048, -8.629388529999972, 0.0 ], [ 119.12452982100001, -8.629283713999939, 0.0 ], [ 119.124537057000111, -8.62920235699994, 0.0 ], [ 119.124560399000075, -8.629177407999975, 0.0 ], [ 119.124579150000045, -8.629157365999959, 0.0 ], [ 119.124656333000075, -8.629150677999974, 0.0 ], [ 119.125005135000038, -8.629123382999978, 0.0 ], [ 119.125007796000091, -8.629123174999961, 0.0 ], [ 119.12500861, -8.629123241999935, 0.0 ], [ 119.12532727100006, -8.629149605999942, 0.0 ], [ 119.125357471000029, -8.629152103999957, 0.0 ], [ 119.125357797000106, -8.629152130999955, 0.0 ], [ 119.125463148000108, -8.629185645999939, 0.0 ], [ 119.125463527000079, -8.629185765999978, 0.0 ], [ 119.125464106000095, -8.629185949999965, 0.0 ], [ 119.125465161000079, -8.629186285999936, 0.0 ], [ 119.125732217000063, -8.629271245999973, 0.0 ], [ 119.125732525000103, -8.629271390999975, 0.0 ], [ 119.126126194000108, -8.629457567999964, 0.0 ], [ 119.126289158000077, -8.62970463399995, 0.0 ], [ 119.126290191000066, -8.62970619999993, 0.0 ], [ 119.126707896000084, -8.629926711999929, 0.0 ], [ 119.12729820200002, -8.630072323999968, 0.0 ], [ 119.127706022000098, -8.630164389999948, 0.0 ], [ 119.127708325000071, -8.630162280999969, 0.0 ], [ 119.127942112000028, -8.629948206999927, 0.0 ], [ 119.128093732000025, -8.629900128999964, 0.0 ], [ 119.128340967000099, -8.629974335999975, 0.0 ], [ 119.12861736900004, -8.630171197999971, 0.0 ], [ 119.129006519000086, -8.630159589999948, 0.0 ], [ 119.129110622000098, -8.630102328999953, 0.0 ], [ 119.129204702000038, -8.62995064699993, 0.0 ], [ 119.129403626000112, -8.629873964999945, 0.0 ], [ 119.129602128000101, -8.629721702999973, 0.0 ], [ 119.129914590000112, -8.629578257999981, 0.0 ], [ 119.130045899000038, -8.629294105999975, 0.0 ], [ 119.130035774000021, -8.629180793999979, 0.0 ], [ 119.130422854000017, -8.628800749999925, 0.0 ], [ 119.130484251000098, -8.628478629999961, 0.0 ], [ 119.130523511000092, -8.628221894999967, 0.0 ], [ 119.130481223000061, -8.627938607999965, 0.0 ], [ 119.130450382000049, -8.627277232999973, 0.0 ], [ 119.130447958000104, -8.626845215999936, 0.0 ], [ 119.130433681000113, -8.626294649999977, 0.0 ], [ 119.130240409000066, -8.626030574999959, 0.0 ], [ 119.129940827000041, -8.625621276999937, 0.0 ], [ 119.129929847000085, -8.625607570999932, 0.0 ], [ 119.129922847000103, -8.62559883199998, 0.0 ], [ 119.129893640000091, -8.62556237299998, 0.0 ], [ 119.129447757000094, -8.62508214199994, 0.0 ], [ 119.129147196000076, -8.624705782999968, 0.0 ], [ 119.128777067000101, -8.624019286999953, 0.0 ], [ 119.128255830000057, -8.622996103999981, 0.0 ], [ 119.127872445000094, -8.622363682999946, 0.0 ], [ 119.127668275000019, -8.622029509999948, 0.0 ], [ 119.127661813000032, -8.622018933999925, 0.0 ], [ 119.126927503000047, -8.621604470999955, 0.0 ], [ 119.12692684000001, -8.621604096999931, 0.0 ], [ 119.126926413000092, -8.621603854999933, 0.0 ], [ 119.126823699000056, -8.621545879999928, 0.0 ], [ 119.126580564000051, -8.621378652999965, 0.0 ], [ 119.126505001000055, -8.621326246999956, 0.0 ], [ 119.126152538000042, -8.621012859999951, 0.0 ], [ 119.125887157000079, -8.620884751999938, 0.0 ], [ 119.125680918000057, -8.620788052999956, 0.0 ], [ 119.125653413, -8.620774428999937, 0.0 ], [ 119.125501120000081, -8.620699000999934, 0.0 ], [ 119.125397650000082, -8.620639236999978, 0.0 ], [ 119.125386185000025, -8.620632616999956, 0.0 ], [ 119.125301791000084, -8.620578979999948, 0.0 ], [ 119.125301377000028, -8.620578717999933, 0.0 ], [ 119.125112707000085, -8.620458815999939, 0.0 ], [ 119.125106625000058, -8.620453217999966, 0.0 ], [ 119.124780618000045, -8.620153144999961, 0.0 ], [ 119.124439371000108, -8.619777004999946, 0.0 ], [ 119.124253680000038, -8.619309740999938, 0.0 ], [ 119.124183484000014, -8.619254103999936, 0.0 ], [ 119.12418277800009, -8.619253546999971, 0.0 ], [ 119.124182531000088, -8.619253353999966, 0.0 ], [ 119.124091040000053, -8.619180838999966, 0.0 ], [ 119.123828969000101, -8.619108574999927, 0.0 ], [ 119.12351224400004, -8.618945070999928, 0.0 ], [ 119.123205556000016, -8.618972879999944, 0.0 ], [ 119.123204730000111, -8.618973084999936, 0.0 ], [ 119.123084727000105, -8.619002832999968, 0.0 ], [ 119.123083234000092, -8.619003203999966, 0.0 ], [ 119.123082736000015, -8.619003328999952, 0.0 ], [ 119.123082369000031, -8.619003419999956, 0.0 ], [ 119.123082094000097, -8.619003487999976, 0.0 ], [ 119.122986938000054, -8.619027077999931, 0.0 ], [ 119.122963878000064, -8.619036732999973, 0.0 ], [ 119.122687041000063, -8.619152638999935, 0.0 ], [ 119.122627141000066, -8.619172051999954, 0.0 ], [ 119.122610223000038, -8.619170104999966, 0.0 ], [ 119.122608777000096, -8.61916993899996, 0.0 ], [ 119.122608463, -8.619169903999932, 0.0 ], [ 119.122604743000011, -8.619169475999968, 0.0 ], [ 119.122512402000098, -8.619158861999949, 0.0 ], [ 119.122235737000096, -8.618709108999951, 0.0 ], [ 119.122031126000024, -8.618507724999972, 0.0 ], [ 119.121759139, -8.618387717999951, 0.0 ], [ 119.121488433000081, -8.618497222999963, 0.0 ], [ 119.121271988000103, -8.618606426999975, 0.0 ], [ 119.121066744000018, -8.618568598999957, 0.0 ], [ 119.121064606000118, -8.618568204999974, 0.0 ], [ 119.120972118000054, -8.618351563999965, 0.0 ], [ 119.12094348200003, -8.618081700999937, 0.0 ], [ 119.121063704000107, -8.617785384999934, 0.0 ], [ 119.121157593000021, -8.617553976999943, 0.0 ], [ 119.121084651000047, -8.617405322999957, 0.0 ], [ 119.120979211000076, -8.617190434999941, 0.0 ], [ 119.1207604330001, -8.616881117999981, 0.0 ], [ 119.120616095000059, -8.616739053999936, 0.0 ], [ 119.120501260000083, -8.616626029999964, 0.0 ], [ 119.120161673000098, -8.616546898999957, 0.0 ], [ 119.1197136400001, -8.616481865999958, 0.0 ], [ 119.119537365000042, -8.616496339999969, 0.0 ], [ 119.119198982000057, -8.616633216999958, 0.0 ], [ 119.118888482000102, -8.616904950999981, 0.0 ], [ 119.11834714400004, -8.617137455999966, 0.0 ], [ 119.118035816000088, -8.617260682999927, 0.0 ], [ 119.117846275000034, -8.617329233999953, 0.0 ], [ 119.117670301000089, -8.617397708999931, 0.0 ], [ 119.117344656000114, -8.617386002999979, 0.0 ], [ 119.116661185000112, -8.617701716999932, 0.0 ], [ 119.116660036000098, -8.617702247999944, 0.0 ], [ 119.116623391000076, -8.61769815599996, 0.0 ], [ 119.116621327000075, -8.617697927999927, 0.0 ], [ 119.116568250000114, -8.617692012999953, 0.0 ], [ 119.11655746200006, -8.617687534999959, 0.0 ], [ 119.116555314000038, -8.617686642999956, 0.0 ], [ 119.116475795000042, -8.617653631999929, 0.0 ], [ 119.116021597000099, -8.617322933999958, 0.0 ], [ 119.115864843000054, -8.617189125999971, 0.0 ], [ 119.115864421000083, -8.617188766999959, 0.0 ], [ 119.115863254000033, -8.617187770999976, 0.0 ], [ 119.115744269000061, -8.617086205999954, 0.0 ], [ 119.115653013000042, -8.616929993999975, 0.0 ], [ 119.115651826000089, -8.616928931999951, 0.0 ], [ 119.115510018, -8.616802065999934, 0.0 ], [ 119.115427123000018, -8.616532500999938, 0.0 ], [ 119.115452601000015, -8.616235336999978, 0.0 ], [ 119.115804101000094, -8.616017382999928, 0.0 ], [ 119.116006980000066, -8.615908257999934, 0.0 ], [ 119.116114456000105, -8.615718648999973, 0.0 ], [ 119.116099312000074, -8.615435210999976, 0.0 ], [ 119.116151320000085, -8.615029891999939, 0.0 ], [ 119.116036227000109, -8.614628882999966, 0.0 ], [ 119.11597220200008, -8.614550486999974, 0.0 ], [ 119.115971860000059, -8.61455006999995, 0.0 ], [ 119.115971194000053, -8.61454925399994, 0.0 ], [ 119.115932079000117, -8.614501358999973, 0.0 ], [ 119.115910819000078, -8.614476112999967, 0.0 ], [ 119.115880632000085, -8.614440266999964, 0.0 ], [ 119.115816118000112, -8.614363357999935, 0.0 ], [ 119.115663596000104, -8.614242469999965, 0.0 ], [ 119.115662745, -8.614241799999945, 0.0 ], [ 119.115568529000029, -8.614167129999942, 0.0 ], [ 119.114677444000108, -8.613913112999967, 0.0 ], [ 119.114664530000027, -8.613909840999952, 0.0 ], [ 119.114643839000109, -8.61390459699993, 0.0 ], [ 119.114374106000014, -8.613844923999977, 0.0 ], [ 119.114094566000063, -8.613805299999967, 0.0 ], [ 119.114083968000045, -8.613803799999971, 0.0 ], [ 119.114083227000037, -8.613803695999934, 0.0 ], [ 119.114044187000104, -8.613798151999958, 0.0 ], [ 119.114043611000056, -8.613798084999928, 0.0 ], [ 119.113678622000066, -8.613650717999974, 0.0 ], [ 119.113488113000017, -8.613492005999944, 0.0 ], [ 119.113404167000112, -8.613338240999951, 0.0 ], [ 119.113317875, -8.61291231499996, 0.0 ], [ 119.113803078000046, -8.61234259899993, 0.0 ], [ 119.114100015000076, -8.612070942999935, 0.0 ], [ 119.114207711000063, -8.611921837999944, 0.0 ], [ 119.114232049000066, -8.611648310999954, 0.0 ], [ 119.114232962000074, -8.611638042999971, 0.0 ], [ 119.114226929000097, -8.611629136999966, 0.0 ], [ 119.113932358000056, -8.611194294999962, 0.0 ], [ 119.113663353000106, -8.610948767999957, 0.0 ], [ 119.113174196000045, -8.610737395999934, 0.0 ], [ 119.113082926000061, -8.61067054199998, 0.0 ], [ 119.112949425000011, -8.610572624999975, 0.0 ], [ 119.112701802000061, -8.610402449999981, 0.0 ], [ 119.112701073000039, -8.610401957999954, 0.0 ], [ 119.112654321000036, -8.610369830999957, 0.0 ], [ 119.112271333000081, -8.610284565999962, 0.0 ], [ 119.111648951, -8.610875687999965, 0.0 ], [ 119.111564122000118, -8.610956255999952, 0.0 ], [ 119.11141051900006, -8.611105979999934, 0.0 ], [ 119.111249659, -8.611187795999967, 0.0 ], [ 119.11124828800007, -8.611188495999954, 0.0 ], [ 119.111247949000017, -8.611188667999954, 0.0 ], [ 119.111184340000023, -8.611221019999959, 0.0 ], [ 119.11118409300002, -8.611221145999934, 0.0 ], [ 119.11104393100004, -8.611233332999973, 0.0 ], [ 119.111042253000051, -8.611232936999954, 0.0 ], [ 119.110993919000066, -8.611221541999953, 0.0 ], [ 119.11099338300005, -8.611221414999932, 0.0 ], [ 119.110741848000089, -8.611162105999938, 0.0 ], [ 119.110700077000047, -8.611118419999968, 0.0 ], [ 119.110699743000055, -8.611118073999933, 0.0 ], [ 119.110699412000031, -8.611117728999943, 0.0 ], [ 119.110678796000116, -8.611096162999957, 0.0 ], [ 119.110677977000023, -8.611095942999953, 0.0 ], [ 119.110567352000089, -8.611064275999979, 0.0 ], [ 119.110565406000092, -8.610713256999929, 0.0 ], [ 119.110468725000032, -8.610403262999967, 0.0 ], [ 119.110398805000045, -8.610025613999937, 0.0 ], [ 119.110559791000014, -8.60970070299993, 0.0 ], [ 119.110911214000112, -8.609469252999929, 0.0 ], [ 119.110978740000064, -8.609414878999928, 0.0 ], [ 119.11092373200006, -8.609280170999966, 0.0 ], [ 119.110750155, -8.608543194999982, 0.0 ], [ 119.110693271000059, -8.608398974999943, 0.0 ], [ 119.110693039000012, -8.608398393999948, 0.0 ], [ 119.110647531000041, -8.60828302699997, 0.0 ], [ 119.110625622000043, -8.607918877999964, 0.0 ], [ 119.11067803100002, -8.607801619999975, 0.0 ], [ 119.110991726000066, -8.60709977199997, 0.0 ], [ 119.111021956000059, -8.606948926999962, 0.0 ], [ 119.110842571000035, -8.606572720999964, 0.0 ], [ 119.11056458600001, -8.60598972799994, 0.0 ], [ 119.110445009000046, -8.605863811999939, 0.0 ], [ 119.11044468800003, -8.605863473999932, 0.0 ], [ 119.110443005000093, -8.605861695999977, 0.0 ], [ 119.110397676000048, -8.605813969999929, 0.0 ], [ 119.110342689000049, -8.605768113999943, 0.0 ], [ 119.110340336000036, -8.605766156999948, 0.0 ], [ 119.110339054000065, -8.605765088999931, 0.0 ], [ 119.110159420000059, -8.605615307999926, 0.0 ], [ 119.110098838000113, -8.605574002999958, 0.0 ], [ 119.110098570000105, -8.605573819999961, 0.0 ], [ 119.110097680000081, -8.605573208999942, 0.0 ], [ 119.110016947000076, -8.605518161999953, 0.0 ], [ 119.110001460000035, -8.605514983999967, 0.0 ], [ 119.109999615000106, -8.605514604999939, 0.0 ], [ 119.109724575000087, -8.605458165999949, 0.0 ], [ 119.109640507000108, -8.605448876999958, 0.0 ], [ 119.109598467000069, -8.605449316999966, 0.0 ], [ 119.109597485000108, -8.605449325999928, 0.0 ], [ 119.10952729600001, -8.605450056999928, 0.0 ], [ 119.109501560000012, -8.605454277999968, 0.0 ], [ 119.109470398000099, -8.60549208499998, 0.0 ], [ 119.109470236000107, -8.605492280999954, 0.0 ], [ 119.109116807000078, -8.605920917999981, 0.0 ], [ 119.108374249, -8.606386828999973, 0.0 ], [ 119.108308912000098, -8.606427823999979, 0.0 ], [ 119.10830820000001, -8.606427250999957, 0.0 ], [ 119.108245802000056, -8.606376997999973, 0.0 ], [ 119.108146677000036, -8.606297742999971, 0.0 ], [ 119.107716602000096, -8.606176026999947, 0.0 ], [ 119.107356545000016, -8.606191784999965, 0.0 ], [ 119.107024645000024, -8.60629010599996, 0.0 ], [ 119.106707437000068, -8.606539991999966, 0.0 ], [ 119.106669494000016, -8.606495022999979, 0.0 ], [ 119.106667773000027, -8.606492983999942, 0.0 ], [ 119.106706361000079, -8.606260880999969, 0.0 ], [ 119.106706449000058, -8.606260348999967, 0.0 ], [ 119.106756554000071, -8.605958976999943, 0.0 ], [ 119.106879086000049, -8.605607973999952, 0.0 ], [ 119.106892298000048, -8.605584561999933, 0.0 ], [ 119.106930173000023, -8.605517444999975, 0.0 ], [ 119.106984281000109, -8.60543430599995, 0.0 ], [ 119.10699897500001, -8.605411728999968, 0.0 ], [ 119.107047589000103, -8.605330891999927, 0.0 ], [ 119.107165165000083, -8.605135384999926, 0.0 ], [ 119.107191616000023, -8.605094721999933, 0.0 ], [ 119.1072149580001, -8.605060065999965, 0.0 ], [ 119.10723022600007, -8.605037397999979, 0.0 ], [ 119.107347968000113, -8.604857778999929, 0.0 ], [ 119.107353167000042, -8.604849865999938, 0.0 ], [ 119.107364267000094, -8.604834890999939, 0.0 ], [ 119.107364534000112, -8.604834530999938, 0.0 ], [ 119.107364871000073, -8.604834076999964, 0.0 ], [ 119.107365187000028, -8.604833649999932, 0.0 ], [ 119.107782212000075, -8.604271420999964, 0.0 ], [ 119.107980231000056, -8.60401647599997, 0.0 ], [ 119.108046782000088, -8.603929826999945, 0.0 ], [ 119.108061588000055, -8.603910072999952, 0.0 ], [ 119.108108438000045, -8.603847566999946, 0.0 ], [ 119.108153152000114, -8.60378719299996, 0.0 ], [ 119.108199044000116, -8.603724236999938, 0.0 ], [ 119.108242887000074, -8.603581187999964, 0.0 ], [ 119.108252086000107, -8.603551171999982, 0.0 ], [ 119.108300093000025, -8.603394531999982, 0.0 ], [ 119.108338453000101, -8.602995570999951, 0.0 ], [ 119.108342956000115, -8.602948724999976, 0.0 ], [ 119.10836817500001, -8.602686433999963, 0.0 ], [ 119.108426995000059, -8.60207580499997, 0.0 ], [ 119.108366942000089, -8.601825363999978, 0.0 ], [ 119.108277154, -8.601660056999947, 0.0 ], [ 119.108276131000025, -8.601658168999961, 0.0 ], [ 119.108253736000052, -8.601616943999943, 0.0 ], [ 119.108228523000093, -8.601587108999979, 0.0 ], [ 119.108227060000104, -8.601585381999939, 0.0 ], [ 119.108226878000096, -8.601585166999939, 0.0 ], [ 119.108123366000086, -8.601462698999967, 0.0 ], [ 119.1080872980001, -8.601427324999975, 0.0 ], [ 119.108086996000111, -8.601427026999943, 0.0 ], [ 119.108003382000106, -8.601345030999937, 0.0 ], [ 119.107852841000067, -8.601022731999933, 0.0 ], [ 119.107852654000112, -8.601022335999971, 0.0 ], [ 119.10783539900001, -8.600985393999963, 0.0 ], [ 119.107810477000044, -8.600932044999979, 0.0 ], [ 119.107793865000076, -8.600783699999965, 0.0 ], [ 119.107862714000021, -8.600657357999978, 0.0 ], [ 119.10786293600006, -8.600656951999952, 0.0 ], [ 119.107929735000084, -8.600534353999933, 0.0 ], [ 119.108060458000068, -8.600285518999954, 0.0 ], [ 119.108275011000046, -8.59987711399998, 0.0 ], [ 119.108360178000112, -8.599719523999966, 0.0 ], [ 119.108397194000077, -8.59965168399998, 0.0 ], [ 119.108786755000096, -8.599211862999937, 0.0 ], [ 119.108959361000075, -8.598936798999944, 0.0 ], [ 119.108959532000085, -8.598936526999978, 0.0 ], [ 119.109054798000102, -8.598784708999972, 0.0 ], [ 119.109070391000046, -8.598581650999961, 0.0 ], [ 119.109002461000046, -8.598338474999935, 0.0 ], [ 119.109002314, -8.598337951999952, 0.0 ], [ 119.109002106000048, -8.598337210999944, 0.0 ], [ 119.108832164000091, -8.59772886199994, 0.0 ], [ 119.10880174600004, -8.597232694999946, 0.0 ], [ 119.108795819000079, -8.597135996999953, 0.0 ], [ 119.10879508700009, -8.597124062999967, 0.0 ], [ 119.108797425000034, -8.597116141999948, 0.0 ], [ 119.108812367000041, -8.597065530999942, 0.0 ], [ 119.10881255400011, -8.597064895999949, 0.0 ], [ 119.108835861000102, -8.596985952999944, 0.0 ], [ 119.108856548000063, -8.596919960999969, 0.0 ], [ 119.108965486000102, -8.596592114999964, 0.0 ], [ 119.108981670000048, -8.596547914999974, 0.0 ], [ 119.109067606000053, -8.596332482999969, 0.0 ], [ 119.109073661000025, -8.596317807999981, 0.0 ], [ 119.109073789000036, -8.596317487999954, 0.0 ], [ 119.109108893000098, -8.596232421999957, 0.0 ], [ 119.109244659000069, -8.596062331999974, 0.0 ], [ 119.109326209000074, -8.596010054999965, 0.0 ], [ 119.109410175000107, -8.595956270999977, 0.0 ], [ 119.109506134000071, -8.595894802999965, 0.0 ], [ 119.109508341000037, -8.595893795999928, 0.0 ], [ 119.109542484000031, -8.595878131999939, 0.0 ], [ 119.109830894000083, -8.595797265999977, 0.0 ], [ 119.110247259000062, -8.595718270999953, 0.0 ], [ 119.110579735000101, -8.595655190999935, 0.0 ], [ 119.110751252000114, -8.595570736999946, 0.0 ], [ 119.110751600000071, -8.595570565999935, 0.0 ], [ 119.11075186100004, -8.595570438999971, 0.0 ], [ 119.110809682000081, -8.595541967999964, 0.0 ], [ 119.111115753000036, -8.595270079999977, 0.0 ], [ 119.111260570000013, -8.594970719999935, 0.0 ], [ 119.111261176000085, -8.594969467999931, 0.0 ], [ 119.111342693000097, -8.594800955999972, 0.0 ], [ 119.111343792000071, -8.59479803399995, 0.0 ], [ 119.111395672000071, -8.594660119999958, 0.0 ], [ 119.11147913800005, -8.59457604399995, 0.0 ], [ 119.111488250000093, -8.59456686599998, 0.0 ], [ 119.11161466100009, -8.594451693999929, 0.0 ], [ 119.111671527000112, -8.594403040999964, 0.0 ], [ 119.111686853000037, -8.594389928999931, 0.0 ], [ 119.111731109000061, -8.594375033999938, 0.0 ], [ 119.111731954000106, -8.59437474799995, 0.0 ], [ 119.111733114000117, -8.594374355999946, 0.0 ], [ 119.111876739000081, -8.594326019999926, 0.0 ], [ 119.11217345700004, -8.594287016999942, 0.0 ], [ 119.11217398000008, -8.594286948999979, 0.0 ], [ 119.112403936000078, -8.594307968999942, 0.0 ], [ 119.11309062600003, -8.594438409999952, 0.0 ], [ 119.113283501000069, -8.594453254999962, 0.0 ], [ 119.113372785000024, -8.594460126999934, 0.0 ], [ 119.11339586500003, -8.594461820999982, 0.0 ], [ 119.113598798000112, -8.594476707999945, 0.0 ], [ 119.113808251000023, -8.594469343999947, 0.0 ], [ 119.11380869300001, -8.594469328999935, 0.0 ], [ 119.113809717000095, -8.594469291999928, 0.0 ], [ 119.11381295800004, -8.59446917799994, 0.0 ], [ 119.113852933000089, -8.594467772999963, 0.0 ], [ 119.11386170600008, -8.594467425999937, 0.0 ], [ 119.114213115000098, -8.594453457999975, 0.0 ], [ 119.114333187000057, -8.594423691999964, 0.0 ], [ 119.114337875000047, -8.594422528999928, 0.0 ], [ 119.114674093000076, -8.594443137999974, 0.0 ], [ 119.114703460000101, -8.594444937999981, 0.0 ], [ 119.114721289000045, -8.594446030999961, 0.0 ], [ 119.115177438000046, -8.59447930999994, 0.0 ], [ 119.115178051000044, -8.59447935399993, 0.0 ], [ 119.115178531000083, -8.594479388999957, 0.0 ], [ 119.115179098000112, -8.594479429999978, 0.0 ], [ 119.11517970400007, -8.594479472999978, 0.0 ], [ 119.115184765000095, -8.594479842999931, 0.0 ], [ 119.11518675100001, -8.594479987999932, 0.0 ], [ 119.115194907000046, -8.59448058299995, 0.0 ], [ 119.115310851000118, -8.594489041999964, 0.0 ], [ 119.115316352000036, -8.594489142999976, 0.0 ], [ 119.115627001, -8.594494858999951, 0.0 ], [ 119.115706095000064, -8.594497327999932, 0.0 ], [ 119.115722812000058, -8.594497850999971, 0.0 ], [ 119.115913190000015, -8.594675052999946, 0.0 ], [ 119.115913341, -8.594675522999978, 0.0 ], [ 119.116035624, -8.595056081999928, 0.0 ], [ 119.116149318000112, -8.595409910999933, 0.0 ], [ 119.115974938000022, -8.595940436999967, 0.0 ], [ 119.115805858000044, -8.59648322299995, 0.0 ], [ 119.11769227700006, -8.597797884999977, 0.0 ], [ 119.117724409000061, -8.597819567999977, 0.0 ], [ 119.117874549000021, -8.597920881999926, 0.0 ], [ 119.117909036000015, -8.597944880999933, 0.0 ], [ 119.117910382000105, -8.59797459899994, 0.0 ], [ 119.117929126000035, -8.598520349999944, 0.0 ], [ 119.117930305000073, -8.598554688999968, 0.0 ], [ 119.117951694000112, -8.59885259899994, 0.0 ], [ 119.117952218000028, -8.598859897999944, 0.0 ], [ 119.117954628, -8.598860911999964, 0.0 ], [ 119.119574235000073, -8.599542256999939, 0.0 ], [ 119.12059698500002, -8.600304917999949, 0.0 ], [ 119.120662103000086, -8.600353475999952, 0.0 ], [ 119.120728162000091, -8.600269125999944, 0.0 ], [ 119.12118306800005, -8.599688270999934, 0.0 ], [ 119.120866174000071, -8.598670396999978, 0.0 ], [ 119.120431859000064, -8.597524101999966, 0.0 ], [ 119.120255911000072, -8.59619085199995, 0.0 ], [ 119.120253928000011, -8.596175830999925, 0.0 ], [ 119.12025299700008, -8.596168458999955, 0.0 ], [ 119.120228736000058, -8.595976429999951, 0.0 ], [ 119.120254467000109, -8.595808198999976, 0.0 ], [ 119.120345224000062, -8.595214823999981, 0.0 ], [ 119.120378891000087, -8.594994701999951, 0.0 ], [ 119.120554706, -8.594795500999965, 0.0 ], [ 119.120555144000036, -8.594795002999945, 0.0 ], [ 119.120688172000087, -8.594644519999974, 0.0 ], [ 119.121022813000081, -8.594686089999925, 0.0 ], [ 119.12102617100004, -8.594686542999966, 0.0 ], [ 119.12136633800003, -8.594979949999981, 0.0 ], [ 119.121367685000109, -8.594981111999971, 0.0 ], [ 119.121461321000083, -8.595434577999981, 0.0 ], [ 119.121491089000074, -8.595574786999975, 0.0 ], [ 119.121558174000029, -8.595878986999935, 0.0 ], [ 119.121723720000091, -8.596639336999942, 0.0 ], [ 119.121811282000067, -8.597417591999942, 0.0 ], [ 119.122374263000097, -8.598003712999969, 0.0 ], [ 119.123207035000064, -8.598127480999949, 0.0 ], [ 119.123211250000054, -8.598127551999937, 0.0 ], [ 119.123896795000064, -8.598139111999956, 0.0 ], [ 119.124136443000111, -8.59806225799997, 0.0 ], [ 119.124430620000112, -8.597857040999941, 0.0 ], [ 119.124431075000075, -8.59785672299995, 0.0 ], [ 119.124435196000036, -8.597853846999953, 0.0 ], [ 119.124435459000097, -8.597853679999957, 0.0 ], [ 119.124435919, -8.597853387999976, 0.0 ], [ 119.124497765000115, -8.597814151999955, 0.0 ], [ 119.124599351000029, -8.597760611999945, 0.0 ], [ 119.124600926000085, -8.597759781999969, 0.0 ], [ 119.124619776000031, -8.597749846999932, 0.0 ], [ 119.124620994000111, -8.597749980999936, 0.0 ], [ 119.124996785, -8.597791443999938, 0.0 ], [ 119.125158090000014, -8.598169144999929, 0.0 ], [ 119.125906125000029, -8.598501709999937, 0.0 ], [ 119.12605604700002, -8.598568077999971, 0.0 ], [ 119.126057131000039, -8.598568556999965, 0.0 ], [ 119.126057416000094, -8.598568682999939, 0.0 ], [ 119.126074831000096, -8.598576394999952, 0.0 ], [ 119.126103217000036, -8.598591667999926, 0.0 ], [ 119.126105847000076, -8.598593158999961, 0.0 ], [ 119.126329277000082, -8.598719845999938, 0.0 ], [ 119.126412019000099, -8.598905262999949, 0.0 ], [ 119.12645980700006, -8.599102488999961, 0.0 ], [ 119.126210620000052, -8.599642117999963, 0.0 ], [ 119.126314277, -8.600205667999944, 0.0 ], [ 119.126536893000093, -8.600671950999981, 0.0 ], [ 119.12673776500003, -8.600869105999948, 0.0 ], [ 119.127587578000089, -8.601096147999954, 0.0 ], [ 119.127592161000052, -8.60109737199997, 0.0 ], [ 119.12759324000001, -8.601097659999937, 0.0 ], [ 119.127802790000032, -8.601313931999925, 0.0 ], [ 119.12779200500006, -8.601439766999931, 0.0 ], [ 119.128096210000081, -8.601602735999961, 0.0 ], [ 119.128271098000027, -8.601566916999957, 0.0 ], [ 119.128516856000033, -8.60168172799996, 0.0 ], [ 119.128972648000058, -8.601783759999932, 0.0 ], [ 119.129289023000069, -8.602002732999949, 0.0 ], [ 119.129604119000078, -8.602626842999939, 0.0 ], [ 119.129934617000117, -8.602649715999974, 0.0 ], [ 119.130075396000052, -8.602776723999966, 0.0 ], [ 119.130241145000014, -8.603194020999979, 0.0 ], [ 119.130306401000098, -8.603311646999941, 0.0 ], [ 119.130656915000031, -8.603336662999936, 0.0 ], [ 119.130657984000095, -8.603336738999928, 0.0 ], [ 119.131094374000099, -8.603224062999971, 0.0 ], [ 119.131094735000033, -8.603223969999931, 0.0 ], [ 119.131218998, -8.603191884999944, 0.0 ], [ 119.131929268000022, -8.603008142999954, 0.0 ], [ 119.132377288000043, -8.602841935999948, 0.0 ], [ 119.132377584000096, -8.602841825999974, 0.0 ], [ 119.133031882000068, -8.602599091999934, 0.0 ], [ 119.133414088000109, -8.602391145999945, 0.0 ], [ 119.133712389000038, -8.602138275999948, 0.0 ], [ 119.133830092000039, -8.601967498999954, 0.0 ], [ 119.134016967000093, -8.601696960999959, 0.0 ], [ 119.134157024000046, -8.601498380999942, 0.0 ], [ 119.134078301000045, -8.60135949499994, 0.0 ], [ 119.134076820000018, -8.601356881999948, 0.0 ], [ 119.133942429000058, -8.60131477799996, 0.0 ], [ 119.13362475100007, -8.600863473999937, 0.0 ], [ 119.133631863, -8.600799761999951, 0.0 ], [ 119.13363198400009, -8.600798680999958, 0.0 ], [ 119.133582042000057, -8.600745110999981, 0.0 ], [ 119.133564424000042, -8.600503390999961, 0.0 ], [ 119.133550261000096, -8.600309074999927, 0.0 ], [ 119.133545963000074, -8.600250099999926, 0.0 ], [ 119.133517047000055, -8.600231427999972, 0.0 ], [ 119.133505893, -8.600224236999964, 0.0 ], [ 119.133470873000078, -8.600094751999961, 0.0 ], [ 119.133470754000086, -8.600094312999943, 0.0 ], [ 119.133423914000105, -8.599921122999945, 0.0 ], [ 119.133720678000032, -8.599030262999975, 0.0 ], [ 119.133828597000047, -8.598851113999956, 0.0 ], [ 119.134011658000077, -8.598606060999941, 0.0 ], [ 119.13404192400003, -8.598457163999967, 0.0 ], [ 119.13381296600005, -8.598038839999958, 0.0 ], [ 119.133770622000043, -8.597961545999965, 0.0 ], [ 119.133703588000117, -8.597839178999948, 0.0 ], [ 119.133620607000012, -8.597490138999945, 0.0 ], [ 119.133690235000017, -8.597369363999974, 0.0 ], [ 119.134074189000103, -8.596703371999979, 0.0 ], [ 119.134142024000084, -8.596581231999949, 0.0 ], [ 119.134034820000011, -8.596436313999959, 0.0 ], [ 119.133981685000094, -8.596364479999977, 0.0 ], [ 119.133933502000104, -8.596297134999929, 0.0 ], [ 119.134222962000081, -8.595803114999967, 0.0 ], [ 119.134329880000109, -8.59555224199994, 0.0 ], [ 119.134445104000065, -8.595445333999976, 0.0 ], [ 119.134624642000063, -8.595443664999948, 0.0 ], [ 119.135239995, -8.595437948999972, 0.0 ], [ 119.135399736000068, -8.595435618999943, 0.0 ], [ 119.135673386, -8.595400419999976, 0.0 ], [ 119.135674538000103, -8.59540027099996, 0.0 ], [ 119.135675037000055, -8.595400205999965, 0.0 ], [ 119.135676484000101, -8.595400017999964, 0.0 ], [ 119.135677232000035, -8.595399920999967, 0.0 ], [ 119.135679845000027, -8.595399580999981, 0.0 ], [ 119.1357855010001, -8.595385991999933, 0.0 ], [ 119.135786649000011, -8.595385843999964, 0.0 ], [ 119.136521598000058, -8.595141438999974, 0.0 ], [ 119.136522673000059, -8.595141079999962, 0.0 ], [ 119.136642707000078, -8.595101162999981, 0.0 ], [ 119.137093204000053, -8.594951345999959, 0.0 ], [ 119.137093830000026, -8.594951048999974, 0.0 ], [ 119.137101841000117, -8.594947013999956, 0.0 ], [ 119.137102775000017, -8.594946543999981, 0.0 ], [ 119.137297772000011, -8.594848326999966, 0.0 ], [ 119.137383834000048, -8.594764389999966, 0.0 ], [ 119.137459418000049, -8.594690671999956, 0.0 ], [ 119.137521421000088, -8.594582761999959, 0.0 ], [ 119.1374901800001, -8.59441093199996, 0.0 ], [ 119.137421816000028, -8.594240090999961, 0.0 ], [ 119.137459418000049, -8.59406291199997, 0.0 ], [ 119.137663805000102, -8.593943939999974, 0.0 ], [ 119.137816688000044, -8.593854948999933, 0.0 ], [ 119.137899440000069, -8.593798123999932, 0.0 ], [ 119.138142580000022, -8.593631198999958, 0.0 ], [ 119.138474253000027, -8.593354122999926, 0.0 ], [ 119.138505248000115, -8.593295859999955, 0.0 ], [ 119.138526446000014, -8.593256012999973, 0.0 ], [ 119.138515448000021, -8.593171796999968, 0.0 ], [ 119.138497181000048, -8.593031933999953, 0.0 ], [ 119.13847863500007, -8.592948255999943, 0.0 ], [ 119.138473271000066, -8.592924062999941, 0.0 ], [ 119.139487472000042, -8.592132554999978, 0.0 ], [ 119.139599125000018, -8.592046459999949, 0.0 ], [ 119.139599481000118, -8.592046186999937, 0.0 ], [ 119.139725853000073, -8.591948747999936, 0.0 ], [ 119.140622279000013, -8.591466252999965, 0.0 ], [ 119.140623972000071, -8.591465339999957, 0.0 ], [ 119.140670820000082, -8.591440128999977, 0.0 ], [ 119.140682502000118, -8.591435858999944, 0.0 ], [ 119.140682770000012, -8.591435761999946, 0.0 ], [ 119.141230171000075, -8.591236375999927, 0.0 ], [ 119.141253318000054, -8.591228417999957, 0.0 ], [ 119.141267916000061, -8.591223399999933, 0.0 ], [ 119.141747934000023, -8.591067747999944, 0.0 ], [ 119.142485821000037, -8.590827972999932, 0.0 ], [ 119.143365492000044, -8.590541941999959, 0.0 ], [ 119.143905355000015, -8.590324467999949, 0.0 ], [ 119.144326964000015, -8.590151963999972, 0.0 ], [ 119.144327311000097, -8.59015181999996, 0.0 ], [ 119.144385638000017, -8.590127956999936, 0.0 ], [ 119.144911347000061, -8.589947855999981, 0.0 ], [ 119.145819825000103, -8.589559802999929, 0.0 ], [ 119.145820245000095, -8.589559651999934, 0.0 ], [ 119.145829413000115, -8.589556364999964, 0.0 ], [ 119.146033624000097, -8.589483151999957, 0.0 ], [ 119.146229249000044, -8.589492134999944, 0.0 ], [ 119.146387084000025, -8.589609072999963, 0.0 ], [ 119.146493493000094, -8.589746718999947, 0.0 ], [ 119.146553002000019, -8.589791158999958, 0.0 ], [ 119.146842165000066, -8.590550958999927, 0.0 ], [ 119.146842988000117, -8.590553120999971, 0.0 ], [ 119.147065608000048, -8.591379075999953, 0.0 ], [ 119.147104238000111, -8.591922616999966, 0.0 ], [ 119.147151729000029, -8.59259084599995, 0.0 ], [ 119.147170900000106, -8.592827470999964, 0.0 ], [ 119.147170928000037, -8.592827797999973, 0.0 ], [ 119.147171018000108, -8.592828825999959, 0.0 ], [ 119.147247779000054, -8.592913256999964, 0.0 ], [ 119.147423386000014, -8.592958710999937, 0.0 ], [ 119.147494081000104, -8.592945641999961, 0.0 ], [ 119.147711988000083, -8.592784334999976, 0.0 ], [ 119.148034588000087, -8.592658773999972, 0.0 ], [ 119.148556695000025, -8.592631108999967, 0.0 ], [ 119.149204478000115, -8.592825264999931, 0.0 ], [ 119.149205105000078, -8.592825452999932, 0.0 ], [ 119.149223843000073, -8.592820941999946, 0.0 ], [ 119.149236934000101, -8.592817790999959, 0.0 ], [ 119.149445772000036, -8.592763939999941, 0.0 ], [ 119.149446672000067, -8.592764043999978, 0.0 ], [ 119.149794949000011, -8.592804205999926, 0.0 ], [ 119.150259963000053, -8.592857642999945, 0.0 ], [ 119.150372119000053, -8.592871242999934, 0.0 ], [ 119.15047378600002, -8.592883566999944, 0.0 ], [ 119.150635625000064, -8.592848380999953, 0.0 ], [ 119.150642262000019, -8.592846885999961, 0.0 ], [ 119.150647464000031, -8.592843244999926, 0.0 ], [ 119.150671834000036, -8.592826120999973, 0.0 ], [ 119.150670541000068, -8.592619310999964, 0.0 ], [ 119.150743473000034, -8.592321872999946, 0.0 ], [ 119.150840855000069, -8.591950041999951, 0.0 ], [ 119.151311823000015, -8.591675135999935, 0.0 ], [ 119.151608852000095, -8.591425951999952, 0.0 ], [ 119.151780876000089, -8.591351388999954, 0.0 ], [ 119.151800569000102, -8.591336766999973, 0.0 ], [ 119.151801241000044, -8.591336267999964, 0.0 ], [ 119.151806271000055, -8.591332533999946, 0.0 ], [ 119.151805769000021, -8.591331061999938, 0.0 ], [ 119.151551644000051, -8.590586318999954, 0.0 ], [ 119.151486455000054, -8.590516898999965, 0.0 ], [ 119.151444548000086, -8.590472271999943, 0.0 ], [ 119.151371339000093, -8.590394310999955, 0.0 ], [ 119.151278565000098, -8.590235670999959, 0.0 ], [ 119.151278277000074, -8.590235178999933, 0.0 ], [ 119.151260692000051, -8.590205118999961, 0.0 ], [ 119.151222592000067, -8.590045001999954, 0.0 ], [ 119.151222214000086, -8.589941322999948, 0.0 ], [ 119.15122201500003, -8.589886566999951, 0.0 ], [ 119.151221589000102, -8.589769194999974, 0.0 ], [ 119.151240005000091, -8.589716005999946, 0.0 ], [ 119.151240118000032, -8.589715683999941, 0.0 ], [ 119.151253373000031, -8.589677420999976, 0.0 ], [ 119.151253872000098, -8.589677372999972, 0.0 ], [ 119.151709259000086, -8.589633978999927, 0.0 ], [ 119.152013826000029, -8.589592968999966, 0.0 ], [ 119.152161463000084, -8.589537721999932, 0.0 ], [ 119.152162296000029, -8.589537410999981, 0.0 ], [ 119.152276038000082, -8.589494847999958, 0.0 ], [ 119.152383446000044, -8.589406977999943, 0.0 ], [ 119.152487567000094, -8.589110346999973, 0.0 ], [ 119.152519328000039, -8.588775882999926, 0.0 ], [ 119.152526425000019, -8.588701150999952, 0.0 ], [ 119.152525411000056, -8.588526861999981, 0.0 ], [ 119.152476051, -8.588457305999952, 0.0 ], [ 119.152475843000047, -8.588457011999935, 0.0 ], [ 119.152414202000045, -8.588370148999957, 0.0 ], [ 119.152318199000092, -8.588246666999964, 0.0 ], [ 119.152305290000072, -8.588230064999948, 0.0 ], [ 119.152243781000038, -8.587879078999947, 0.0 ], [ 119.152212526000085, -8.587676991999956, 0.0 ], [ 119.152099326000098, -8.587458789999971, 0.0 ], [ 119.152050514000052, -8.587389913999971, 0.0 ], [ 119.151940202000105, -8.587234261999981, 0.0 ], [ 119.15187487500009, -8.587191470999926, 0.0 ], [ 119.151874641000063, -8.587191317999952, 0.0 ], [ 119.151870920000079, -8.587188871999956, 0.0 ], [ 119.151870697000049, -8.587188725999965, 0.0 ], [ 119.151859288000082, -8.587181409999971, 0.0 ], [ 119.151726409000048, -8.587096084999928, 0.0 ], [ 119.151528210000038, -8.587035084999968, 0.0 ], [ 119.151527435000048, -8.587035193999952, 0.0 ], [ 119.151466171000038, -8.587043884999957, 0.0 ], [ 119.151461161000043, -8.587040823999928, 0.0 ], [ 119.151350869000112, -8.586973427999965, 0.0 ], [ 119.15135030600004, -8.586973083999965, 0.0 ], [ 119.15132750500004, -8.586853635999944, 0.0 ], [ 119.151261697000109, -8.586508892999973, 0.0 ], [ 119.151222494000081, -8.586297250999962, 0.0 ], [ 119.151214313000082, -8.586253089999957, 0.0 ], [ 119.151194730000043, -8.586224841999979, 0.0 ], [ 119.151023125000052, -8.585977305999961, 0.0 ], [ 119.150857997000116, -8.58580401599994, 0.0 ], [ 119.15062156800002, -8.585699892999969, 0.0 ], [ 119.15062075700007, -8.585699534999947, 0.0 ], [ 119.150620321000019, -8.585699444999932, 0.0 ], [ 119.150548564000019, -8.585684716999936, 0.0 ], [ 119.150547840000058, -8.58568456699993, 0.0 ], [ 119.150547108000069, -8.585684415999935, 0.0 ], [ 119.15039962100002, -8.585654148999936, 0.0 ], [ 119.150249808000012, -8.585533637999959, 0.0 ], [ 119.150137402000041, -8.585443221999981, 0.0 ], [ 119.150094, -8.585410366999952, 0.0 ], [ 119.150011848000076, -8.585348178999936, 0.0 ], [ 119.150011518000042, -8.585347928999965, 0.0 ], [ 119.149972134000109, -8.585337680999942, 0.0 ], [ 119.149969215000056, -8.585336909999967, 0.0 ], [ 119.149859153000079, -8.58530828399995, 0.0 ], [ 119.149858281000093, -8.585308056999963, 0.0 ], [ 119.149857448000034, -8.585308300999941, 0.0 ], [ 119.149761295000076, -8.585336520999931, 0.0 ], [ 119.14966542600007, -8.585364658999936, 0.0 ], [ 119.149554378000062, -8.585423847999948, 0.0 ], [ 119.149553867, -8.585424119999971, 0.0 ], [ 119.149553518000062, -8.585424305999936, 0.0 ], [ 119.149214827000037, -8.585604828999976, 0.0 ], [ 119.148978592000049, -8.585698089999937, 0.0 ], [ 119.148885252000014, -8.58570070899998, 0.0 ], [ 119.14888466900004, -8.58570072599997, 0.0 ], [ 119.148884176000024, -8.585700739999936, 0.0 ], [ 119.148736339000038, -8.585704890999978, 0.0 ], [ 119.148736010000107, -8.585704899999939, 0.0 ], [ 119.148658784000077, -8.585693577999962, 0.0 ], [ 119.148658361000116, -8.585693516999982, 0.0 ], [ 119.148652969000068, -8.585692725999934, 0.0 ], [ 119.148603897000044, -8.585685526999953, 0.0 ], [ 119.148519696000108, -8.585673185999951, 0.0 ], [ 119.148131676000048, -8.585376357999962, 0.0 ], [ 119.148060168000029, -8.585322625999936, 0.0 ], [ 119.148059663000026, -8.585322245999976, 0.0 ], [ 119.148059359000058, -8.585322017999943, 0.0 ], [ 119.148059096000111, -8.585321821999969, 0.0 ], [ 119.147964761000026, -8.585250936999955, 0.0 ], [ 119.147964484000113, -8.585250869999982, 0.0 ], [ 119.147531316000027, -8.585145953999927, 0.0 ], [ 119.147340436000036, -8.585098152999933, 0.0 ], [ 119.147148676000029, -8.584966256999962, 0.0 ], [ 119.147047997000072, -8.584897009999963, 0.0 ], [ 119.146941574000039, -8.584767160999945, 0.0 ], [ 119.146887377000098, -8.584551909999959, 0.0 ], [ 119.146888724000064, -8.584420442999942, 0.0 ], [ 119.146889874000067, -8.584307819999935, 0.0 ], [ 119.14695818000007, -8.584097939999936, 0.0 ], [ 119.147001700000033, -8.584059928999977, 0.0 ], [ 119.147107987000027, -8.583967094999934, 0.0 ], [ 119.147268866000104, -8.583840281999926, 0.0 ], [ 119.147285717000045, -8.583826998999939, 0.0 ], [ 119.147308361000114, -8.58379417499998, 0.0 ], [ 119.14730859000008, -8.583793840999931, 0.0 ], [ 119.147474594000073, -8.58355316899997, 0.0 ], [ 119.147522005000042, -8.58341646699995, 0.0 ], [ 119.147522028000026, -8.583416038999928, 0.0 ], [ 119.147526104, -8.583372144999942, 0.0 ], [ 119.147582079000017, -8.582769337999935, 0.0 ], [ 119.147605429, -8.582517828999926, 0.0 ], [ 119.147613633000105, -8.58238023499996, 0.0 ], [ 119.147613665000108, -8.58237969299995, 0.0 ], [ 119.147621582000056, -8.582246891999944, 0.0 ], [ 119.147613365000097, -8.582233144999975, 0.0 ], [ 119.147565858, -8.582153648999963, 0.0 ], [ 119.147538479000104, -8.58213726699995, 0.0 ], [ 119.147298670000055, -8.581993719999957, 0.0 ], [ 119.147297981000065, -8.581993305999958, 0.0 ], [ 119.147179333000054, -8.58192228799993, 0.0 ], [ 119.147024785000099, -8.581852393999952, 0.0 ], [ 119.146918127000049, -8.581804162999958, 0.0 ], [ 119.14685196500011, -8.581744968999942, 0.0 ], [ 119.146851446000028, -8.581744503999971, 0.0 ], [ 119.14677516900008, -8.58167625699997, 0.0 ], [ 119.146736588000067, -8.581530799999939, 0.0 ], [ 119.146797575000051, -8.581142204999935, 0.0 ], [ 119.146806046000052, -8.581124445999933, 0.0 ], [ 119.146863907000011, -8.58100309699995, 0.0 ], [ 119.146943253000018, -8.580949583999939, 0.0 ], [ 119.147034688000076, -8.58088790499994, 0.0 ], [ 119.147035302000063, -8.580887491999931, 0.0 ], [ 119.147065105000024, -8.580867394999927, 0.0 ], [ 119.147149377, -8.580828259999976, 0.0 ], [ 119.147149954000042, -8.580827990999978, 0.0 ], [ 119.147150344000011, -8.58082780999996, 0.0 ], [ 119.147150582000108, -8.58082769899994, 0.0 ], [ 119.147353071000111, -8.580733664999968, 0.0 ], [ 119.147467948000099, -8.580582809999953, 0.0 ], [ 119.147468562000086, -8.580582005999929, 0.0 ], [ 119.147499556000071, -8.58054130599993, 0.0 ], [ 119.147676294, -8.580088326999942, 0.0 ], [ 119.147714343000075, -8.579874992999976, 0.0 ], [ 119.147617721000074, -8.579658767999945, 0.0 ], [ 119.147617384000114, -8.579658016999929, 0.0 ], [ 119.147592993000103, -8.579603436999946, 0.0 ], [ 119.147566875000052, -8.579544991999967, 0.0 ], [ 119.147398966000083, -8.579129115999933, 0.0 ], [ 119.147467395000035, -8.579021642999976, 0.0 ], [ 119.147467615000096, -8.579021299999965, 0.0 ], [ 119.147522989000095, -8.578934338999943, 0.0 ], [ 119.14759050300006, -8.578869861999976, 0.0 ], [ 119.147696230000065, -8.578768888999946, 0.0 ], [ 119.14798216600002, -8.57858811899996, 0.0 ], [ 119.147983995000118, -8.578586962999964, 0.0 ], [ 119.148002879000046, -8.578575065999928, 0.0 ], [ 119.148029, -8.57856781299995, 0.0 ], [ 119.148030601000073, -8.578567368999927, 0.0 ], [ 119.148031697000079, -8.578567065999948, 0.0 ], [ 119.148031942000102, -8.578566996999939, 0.0 ], [ 119.148032600000079, -8.578566814999931, 0.0 ], [ 119.148277639000071, -8.578498925999952, 0.0 ], [ 119.148594521000064, -8.578502937999929, 0.0 ], [ 119.148595353000019, -8.578502946999947, 0.0 ], [ 119.148595915000101, -8.57850295399993, 0.0 ], [ 119.148596494000117, -8.57850296099997, 0.0 ], [ 119.148597084000016, -8.578502968999942, 0.0 ], [ 119.14859776500009, -8.578502976999971, 0.0 ], [ 119.148600818000091, -8.578503015999956, 0.0 ], [ 119.14860382400002, -8.578503053999952, 0.0 ], [ 119.149240279000082, -8.57851110799993, 0.0 ], [ 119.149324743000079, -8.578513137999948, 0.0 ], [ 119.149515565000115, -8.578517722999948, 0.0 ], [ 119.149515986000097, -8.578517732999956, 0.0 ], [ 119.149516298000094, -8.578517740999928, 0.0 ], [ 119.149516803000097, -8.578517752999971, 0.0 ], [ 119.149574893000022, -8.578519148999931, 0.0 ], [ 119.149605913000073, -8.578519894999943, 0.0 ], [ 119.149743560000047, -8.578473062999933, 0.0 ], [ 119.149899040000037, -8.578338816999974, 0.0 ], [ 119.149899386000016, -8.578338514999928, 0.0 ], [ 119.149939731000018, -8.578303682999945, 0.0 ], [ 119.150347436000061, -8.57761445999995, 0.0 ], [ 119.150808625000082, -8.576834823999945, 0.0 ], [ 119.150875085000052, -8.576672148999933, 0.0 ], [ 119.150953604000051, -8.576479950999953, 0.0 ], [ 119.151000011000065, -8.576292028999944, 0.0 ], [ 119.150997751000091, -8.576222247999965, 0.0 ], [ 119.150994667000077, -8.576127025999938, 0.0 ], [ 119.150924349000093, -8.575608933999945, 0.0 ], [ 119.150893490000044, -8.575381668999967, 0.0 ], [ 119.15087561900009, -8.575271714999928, 0.0 ], [ 119.150875565000092, -8.575271383999961, 0.0 ], [ 119.150849206000089, -8.575109220999934, 0.0 ], [ 119.150707407000027, -8.574934153999948, 0.0 ], [ 119.15070713800003, -8.574933822999981, 0.0 ], [ 119.150704033000011, -8.574930002999963, 0.0 ], [ 119.150703744000111, -8.574929614999974, 0.0 ], [ 119.150599133000014, -8.574900358999969, 0.0 ], [ 119.150593669000045, -8.574898824999934, 0.0 ], [ 119.150584519000063, -8.574896270999943, 0.0 ], [ 119.150529611000024, -8.57488090399994, 0.0 ], [ 119.15031916800001, -8.574908588999961, 0.0 ], [ 119.150308953000035, -8.574909932999958, 0.0 ], [ 119.150307838000117, -8.574910079999938, 0.0 ], [ 119.150011095000082, -8.575441196999975, 0.0 ], [ 119.149898917000087, -8.575627548999933, 0.0 ], [ 119.149833288000082, -8.575736574999951, 0.0 ], [ 119.149776885000051, -8.575830273999941, 0.0 ], [ 119.149741050000102, -8.575889798999981, 0.0 ], [ 119.149453737000044, -8.576183413999956, 0.0 ], [ 119.149451500000055, -8.57618569999994, 0.0 ], [ 119.149338399000044, -8.576301281999974, 0.0 ], [ 119.149323606000053, -8.576314643999979, 0.0 ], [ 119.149236796000082, -8.57639308499995, 0.0 ], [ 119.149085990000117, -8.576430168999934, 0.0 ], [ 119.149022010000067, -8.576426588999936, 0.0 ], [ 119.148594512000045, -8.576402653999935, 0.0 ], [ 119.148555677000104, -8.576400490999958, 0.0 ], [ 119.148554381000054, -8.576400418999981, 0.0 ], [ 119.148552922000022, -8.576400336999939, 0.0 ], [ 119.148475663000113, -8.576396005999982, 0.0 ], [ 119.148475341000108, -8.576395995999974, 0.0 ], [ 119.148423166000043, -8.576388893999933, 0.0 ], [ 119.147933584000043, -8.576322250999965, 0.0 ], [ 119.147887070000024, -8.576315918999967, 0.0 ], [ 119.147805099000038, -8.576298075999944, 0.0 ], [ 119.147803174000046, -8.576297654999962, 0.0 ], [ 119.147671889000094, -8.57626907599996, 0.0 ], [ 119.147622574000025, -8.576258343999939, 0.0 ], [ 119.147400946000062, -8.576141673999928, 0.0 ], [ 119.147331624000117, -8.576055738999969, 0.0 ], [ 119.147324812000079, -8.575827292999975, 0.0 ], [ 119.147615254000016, -8.575252297999953, 0.0 ], [ 119.147699232000036, -8.575079978999952, 0.0 ], [ 119.147709403000022, -8.575007175999929, 0.0 ], [ 119.147718677000057, -8.574940811999966, 0.0 ], [ 119.147590333000039, -8.574744123999949, 0.0 ], [ 119.147475096000107, -8.574604005999959, 0.0 ], [ 119.147438873000056, -8.574469, 0.0 ], [ 119.147438047000037, -8.574465866999958, 0.0 ], [ 119.147454921000076, -8.574396535999938, 0.0 ], [ 119.147459088, -8.574379421999936, 0.0 ], [ 119.147459198000092, -8.574378969999941, 0.0 ], [ 119.147459687000037, -8.574376963999953, 0.0 ], [ 119.14745984000001, -8.574376332999975, 0.0 ], [ 119.147460566000063, -8.574373351999952, 0.0 ], [ 119.147460871000021, -8.574372099999948, 0.0 ], [ 119.147460952000074, -8.574371764999967, 0.0 ], [ 119.147461083000053, -8.574371224999936, 0.0 ], [ 119.147521955000116, -8.574121353999942, 0.0 ], [ 119.147522029000015, -8.574121012999967, 0.0 ], [ 119.147527481000111, -8.574093984999934, 0.0 ], [ 119.147527550000063, -8.57409364199998, 0.0 ], [ 119.14766794600007, -8.573398790999931, 0.0 ], [ 119.147745017000034, -8.573105778999945, 0.0 ], [ 119.147773363000056, -8.572998010999981, 0.0 ], [ 119.147773751000045, -8.572970550999969, 0.0 ], [ 119.147774862, -8.572892068999977, 0.0 ], [ 119.147508838000022, -8.572652919999939, 0.0 ], [ 119.147287237000114, -8.572453262999943, 0.0 ], [ 119.147194936, -8.572327804999929, 0.0 ], [ 119.147149079000087, -8.572161828999981, 0.0 ], [ 119.147293532000049, -8.571672218999936, 0.0 ], [ 119.147307963000117, -8.571607351999944, 0.0 ], [ 119.14736769600006, -8.571338830999935, 0.0 ], [ 119.147361154, -8.57116383999994, 0.0 ], [ 119.147361143000012, -8.571163530999968, 0.0 ], [ 119.147355575, -8.571014677999926, 0.0 ], [ 119.147309183000061, -8.570942445999947, 0.0 ], [ 119.147071408000102, -8.570845309999982, 0.0 ], [ 119.146835662000058, -8.570751092999956, 0.0 ], [ 119.146700118000012, -8.570643735999965, 0.0 ], [ 119.146652603, -8.570606100999953, 0.0 ], [ 119.146638329000098, -8.570586248999973, 0.0 ], [ 119.146573978000106, -8.570496764999973, 0.0 ], [ 119.146558080000091, -8.570443737999938, 0.0 ], [ 119.146526307000045, -8.570337731999928, 0.0 ], [ 119.146526224000013, -8.570337455999947, 0.0 ], [ 119.146500815000081, -8.570252703999927, 0.0 ], [ 119.146499839000057, -8.569945171999962, 0.0 ], [ 119.146659963000047, -8.569471152999938, 0.0 ], [ 119.146670762000099, -8.569459811999934, 0.0 ], [ 119.146864920000098, -8.569255908999935, 0.0 ], [ 119.147307664000095, -8.569080181999936, 0.0 ], [ 119.147652299000015, -8.569025780999937, 0.0 ], [ 119.147653890000015, -8.569025529999976, 0.0 ], [ 119.147654388000092, -8.569025451999948, 0.0 ], [ 119.147706648000053, -8.569017235999979, 0.0 ], [ 119.1481447970001, -8.569090127999971, 0.0 ], [ 119.148229226000012, -8.568948275999958, 0.0 ], [ 119.148327460000019, -8.568735656999934, 0.0 ], [ 119.148326508000082, -8.568566003999933, 0.0 ], [ 119.148325317000058, -8.568353937999973, 0.0 ], [ 119.148281515, -8.56814210999994, 0.0 ], [ 119.148039375000053, -8.568008694999946, 0.0 ], [ 119.147524186000055, -8.567717435999953, 0.0 ], [ 119.1475238700001, -8.56771725699997, 0.0 ], [ 119.147422904000109, -8.567660176999937, 0.0 ], [ 119.147217390000037, -8.567524946999981, 0.0 ], [ 119.147163853000052, -8.56746835499996, 0.0 ], [ 119.14713241600009, -8.567435124999975, 0.0 ], [ 119.1471225250001, -8.567379445999961, 0.0 ], [ 119.147088542, -8.567188112999929, 0.0 ], [ 119.147241353000027, -8.567038268999966, 0.0 ], [ 119.147326222000061, -8.566976876999945, 0.0 ], [ 119.147391146000018, -8.566929912999967, 0.0 ], [ 119.147467794000022, -8.566802, 0.0 ], [ 119.147589024000013, -8.566786018999949, 0.0 ], [ 119.14758982, -8.566785911999943, 0.0 ], [ 119.147648295000067, -8.566792473999953, 0.0 ], [ 119.147648745000083, -8.566792523999936, 0.0 ], [ 119.147689967000019, -8.566797113999939, 0.0 ], [ 119.14769926800011, -8.566791339999952, 0.0 ], [ 119.147841684000014, -8.566702927999927, 0.0 ], [ 119.147909544000072, -8.566602327999931, 0.0 ], [ 119.147910523000064, -8.566309984999975, 0.0 ], [ 119.147909926000011, -8.566294779999964, 0.0 ], [ 119.147906539000019, -8.566208482999969, 0.0 ], [ 119.147906496000019, -8.566207399999939, 0.0 ], [ 119.147934132000046, -8.566182473999959, 0.0 ], [ 119.147936287000107, -8.56618052999994, 0.0 ], [ 119.147977861000072, -8.566143031999957, 0.0 ], [ 119.148101920000045, -8.566117153999926, 0.0 ], [ 119.148138730000028, -8.566129976999946, 0.0 ], [ 119.148139142000105, -8.566130119999968, 0.0 ], [ 119.148227640000073, -8.566160946999958, 0.0 ], [ 119.148253201000102, -8.56616984599998, 0.0 ], [ 119.148288175000062, -8.566201023999952, 0.0 ], [ 119.148354972000106, -8.566260582999973, 0.0 ], [ 119.148355174000017, -8.566260760999967, 0.0 ], [ 119.148492461000046, -8.566383169999938, 0.0 ], [ 119.148730499000067, -8.566460695999979, 0.0 ], [ 119.148731437000038, -8.566461002999972, 0.0 ], [ 119.148909253000056, -8.566518914999961, 0.0 ], [ 119.14906037500009, -8.566608284999973, 0.0 ], [ 119.149060686000098, -8.566608468999959, 0.0 ], [ 119.14918658800002, -8.566682922999973, 0.0 ], [ 119.149323254000024, -8.566763930999969, 0.0 ], [ 119.149323964000018, -8.566764016999969, 0.0 ], [ 119.149366968000095, -8.566769245999978, 0.0 ], [ 119.149371473000087, -8.566769793999981, 0.0 ], [ 119.149372348000043, -8.56676990099993, 0.0 ], [ 119.149472793000086, -8.566782114999967, 0.0 ], [ 119.14950649900004, -8.566786213999933, 0.0 ], [ 119.14954436700009, -8.566790818999948, 0.0 ], [ 119.14973215100008, -8.566769939999972, 0.0 ], [ 119.149733330000117, -8.566769774999955, 0.0 ], [ 119.149992429, -8.566629186999933, 0.0 ], [ 119.150080805000016, -8.566530738999973, 0.0 ], [ 119.150081061000037, -8.566530454999963, 0.0 ], [ 119.150085734000072, -8.566525254999931, 0.0 ], [ 119.150085455000067, -8.566331177999928, 0.0 ], [ 119.150085452000098, -8.566329572999962, 0.0 ], [ 119.150085226000101, -8.566175799999939, 0.0 ], [ 119.150085630000035, -8.566165036999962, 0.0 ], [ 119.150087414000041, -8.566117564999956, 0.0 ], [ 119.150094529000057, -8.56592821299995, 0.0 ], [ 119.150155079000115, -8.565833064999936, 0.0 ], [ 119.150230108000073, -8.565805558999955, 0.0 ], [ 119.150230357000055, -8.565805467999951, 0.0 ], [ 119.150381501000084, -8.565750055999956, 0.0 ], [ 119.150673318000031, -8.565750050999952, 0.0 ], [ 119.150673742000095, -8.565749978999975, 0.0 ], [ 119.150762189000034, -8.565728820999936, 0.0 ], [ 119.150763330000018, -8.565728493999927, 0.0 ], [ 119.150854515000105, -8.565655346999961, 0.0 ], [ 119.150952430000075, -8.565643659999978, 0.0 ], [ 119.150993182000093, -8.565638794999927, 0.0 ], [ 119.151074390000076, -8.565690982999968, 0.0 ], [ 119.151191132, -8.565766007999969, 0.0 ], [ 119.151191475000019, -8.565766228999962, 0.0 ], [ 119.151193894000016, -8.565767782999956, 0.0 ], [ 119.151194371000088, -8.565768089999949, 0.0 ], [ 119.151255209000055, -8.565807187999951, 0.0 ], [ 119.151435916000082, -8.565923320999957, 0.0 ], [ 119.151711759000023, -8.566036111999949, 0.0 ], [ 119.15189530400005, -8.566101009999954, 0.0 ], [ 119.152185884000119, -8.566463682999938, 0.0 ], [ 119.152304812000011, -8.566612115999931, 0.0 ], [ 119.152433669000061, -8.567231079999942, 0.0 ], [ 119.152465404000054, -8.567419004999977, 0.0 ], [ 119.152693294000073, -8.567505745999938, 0.0 ], [ 119.152816891000043, -8.567552789999979, 0.0 ], [ 119.15292704, -8.567580643999975, 0.0 ], [ 119.152929056000062, -8.567581151999946, 0.0 ], [ 119.15300369800002, -8.567600027999958, 0.0 ], [ 119.153169718000072, -8.56764200899994, 0.0 ], [ 119.153177970000115, -8.56764368499995, 0.0 ], [ 119.15323808800008, -8.567655927999965, 0.0 ], [ 119.15327275300001, -8.567663749999952, 0.0 ], [ 119.153276964000042, -8.567664688999969, 0.0 ], [ 119.153434886000014, -8.567686780999964, 0.0 ], [ 119.153628346000119, -8.567713846999936, 0.0 ], [ 119.153629402000092, -8.567713994999963, 0.0 ], [ 119.153629944000045, -8.567713882999954, 0.0 ], [ 119.153768210000067, -8.567685191999942, 0.0 ], [ 119.153936895000015, -8.567650631999982, 0.0 ], [ 119.154440500000078, -8.567623780999952, 0.0 ], [ 119.154441447000067, -8.567623730999969, 0.0 ], [ 119.15463378100003, -8.567578074999972, 0.0 ], [ 119.154635481000014, -8.567577670999981, 0.0 ], [ 119.154636211000025, -8.567577497999935, 0.0 ], [ 119.154706750000059, -8.567560753999942, 0.0 ], [ 119.154707420000022, -8.567560594999975, 0.0 ], [ 119.15470820400003, -8.567560345999937, 0.0 ], [ 119.154708840000012, -8.56756014299998, 0.0 ], [ 119.154753828000025, -8.567545952999978, 0.0 ], [ 119.154814316000056, -8.567530823999959, 0.0 ], [ 119.154941765000103, -8.567455929999937, 0.0 ], [ 119.155004509000037, -8.567347646999963, 0.0 ], [ 119.15515245600011, -8.567124049999961, 0.0 ], [ 119.155400707000013, -8.567048407999948, 0.0 ], [ 119.155776278000076, -8.567069585999946, 0.0 ], [ 119.156011760000069, -8.566980694999927, 0.0 ], [ 119.156339784000011, -8.56687669799993, 0.0 ], [ 119.156501382000101, -8.566773182999952, 0.0 ], [ 119.156579097000076, -8.566688834999979, 0.0 ], [ 119.156579450000095, -8.566688451999937, 0.0 ], [ 119.156655189000048, -8.566606252999975, 0.0 ], [ 119.156730836000065, -8.566451061999942, 0.0 ], [ 119.156769885000017, -8.566248455999926, 0.0 ], [ 119.156800678000081, -8.566096653999978, 0.0 ], [ 119.156842370000049, -8.56601711999997, 0.0 ], [ 119.156852368000045, -8.565998050999951, 0.0 ], [ 119.156927493000012, -8.565967764999925, 0.0 ], [ 119.157034182000075, -8.565946366999981, 0.0 ], [ 119.157270656000037, -8.565898942999979, 0.0 ], [ 119.157456546000049, -8.565806176999956, 0.0 ], [ 119.157570948000057, -8.565749085999926, 0.0 ], [ 119.15759024700003, -8.565624867999929, 0.0 ], [ 119.157590293000112, -8.565624567999976, 0.0 ], [ 119.157614327000033, -8.56546986099994, 0.0 ], [ 119.157657698000094, -8.565411930999971, 0.0 ], [ 119.157657899000014, -8.565411661999974, 0.0 ], [ 119.15770860300006, -8.565343930999973, 0.0 ], [ 119.157705922000105, -8.56526200299993, 0.0 ], [ 119.157700298, -8.565090101999942, 0.0 ], [ 119.157695151000098, -8.56503743199994, 0.0 ], [ 119.157695104000027, -8.565036963999944, 0.0 ], [ 119.157691469000042, -8.564999779999937, 0.0 ], [ 119.157718007000085, -8.564956231999929, 0.0 ], [ 119.157721719000051, -8.564953074999949, 0.0 ], [ 119.157782957000109, -8.564900988999966, 0.0 ], [ 119.157816014000105, -8.564872874999935, 0.0 ], [ 119.157851686000072, -8.564711150999926, 0.0 ], [ 119.1578594, -8.564676171999963, 0.0 ], [ 119.157870465000087, -8.564636005999944, 0.0 ], [ 119.157891144000018, -8.564560942999947, 0.0 ], [ 119.157961552000074, -8.56451816699996, 0.0 ], [ 119.15796229700004, -8.564517708999972, 0.0 ], [ 119.157962520000069, -8.564517573999979, 0.0 ], [ 119.157965046000072, -8.564516045999937, 0.0 ], [ 119.157965815000011, -8.564515576999952, 0.0 ], [ 119.158024813000111, -8.564546201999974, 0.0 ], [ 119.158083137000062, -8.564576477999935, 0.0 ], [ 119.158083973000089, -8.56457691199995, 0.0 ], [ 119.158099442000093, -8.564589103999936, 0.0 ], [ 119.158105248000084, -8.564593679999973, 0.0 ], [ 119.158189430000107, -8.564660037999943, 0.0 ], [ 119.15842469800009, -8.56471421599997, 0.0 ], [ 119.158461022000097, -8.564710613999978, 0.0 ], [ 119.158828385000106, -8.564674181999976, 0.0 ], [ 119.159468304000029, -8.564502884999968, 0.0 ], [ 119.159582762000014, -8.564464138999938, 0.0 ], [ 119.159583091000059, -8.564464027999975, 0.0 ], [ 119.159584568000014, -8.56446352699993, 0.0 ], [ 119.159609439000064, -8.564455108999937, 0.0 ], [ 119.159722176000059, -8.564416943999959, 0.0 ], [ 119.159885615, -8.564253796999935, 0.0 ], [ 119.159885814000063, -8.564253597999937, 0.0 ], [ 119.159987715000057, -8.564151876999972, 0.0 ], [ 119.160009137000088, -8.564116230999957, 0.0 ], [ 119.160066338000092, -8.564021035999929, 0.0 ], [ 119.160043391000045, -8.563803352999969, 0.0 ], [ 119.16001944900006, -8.563634931999957, 0.0 ], [ 119.160024079000095, -8.563547867999944, 0.0 ], [ 119.160024108000016, -8.563547313999948, 0.0 ], [ 119.160026271000106, -8.563506673999939, 0.0 ], [ 119.160270826000101, -8.563261973999943, 0.0 ], [ 119.160300144000075, -8.563250112999981, 0.0 ], [ 119.160475820000102, -8.563179047999938, 0.0 ], [ 119.160476567000046, -8.563179059999982, 0.0 ], [ 119.160886404000053, -8.563186609999946, 0.0 ], [ 119.161108469000055, -8.563190707999979, 0.0 ], [ 119.161167956000099, -8.563184576999959, 0.0 ], [ 119.161169201, -8.56318444599998, 0.0 ], [ 119.161231501000088, -8.563178026999935, 0.0 ], [ 119.161292002000096, -8.563109723999958, 0.0 ], [ 119.161308164000047, -8.562918819999936, 0.0 ], [ 119.161297810000065, -8.562897835999934, 0.0 ], [ 119.161286375000032, -8.562874657999942, 0.0 ], [ 119.161178447000111, -8.562655924999945, 0.0 ], [ 119.16110723700001, -8.562458920999973, 0.0 ], [ 119.161064479000061, -8.562340326999959, 0.0 ], [ 119.161047559000053, -8.562250870999947, 0.0 ], [ 119.161047494000059, -8.562250523999978, 0.0 ], [ 119.161041181000087, -8.562216818999957, 0.0 ], [ 119.161042383000108, -8.562214885999936, 0.0 ], [ 119.161088515000074, -8.562140732999978, 0.0 ], [ 119.161173698000084, -8.562100888999964, 0.0 ], [ 119.1612607510001, -8.562060171999974, 0.0 ], [ 119.161535430000072, -8.562045086999944, 0.0 ], [ 119.161536081, -8.562045050999927, 0.0 ], [ 119.161667964000117, -8.562075835999963, 0.0 ], [ 119.161668368000051, -8.562075930999981, 0.0 ], [ 119.161668626000051, -8.562075990999972, 0.0 ], [ 119.161669636000056, -8.562076226999977, 0.0 ], [ 119.161670479, -8.56207642399994, 0.0 ], [ 119.161728181000058, -8.562089894999929, 0.0 ], [ 119.161728444000119, -8.562089955999966, 0.0 ], [ 119.161728720000042, -8.562089932999982, 0.0 ], [ 119.161828560000117, -8.562081687999978, 0.0 ], [ 119.161902439000073, -8.562022214999956, 0.0 ], [ 119.161963217000107, -8.56197328899998, 0.0 ], [ 119.162081611000076, -8.56167450199996, 0.0 ], [ 119.162132983000106, -8.56154485199994, 0.0 ], [ 119.162186818, -8.561408994999965, 0.0 ], [ 119.162230528, -8.561223050999956, 0.0 ], [ 119.162283435000063, -8.560997979999968, 0.0 ], [ 119.162315309000064, -8.56052593499993, 0.0 ], [ 119.16231635500003, -8.560510458999943, 0.0 ], [ 119.162331326000071, -8.560288724999964, 0.0 ], [ 119.162316664000059, -8.559976812999935, 0.0 ], [ 119.162285926000095, -8.559744889999934, 0.0 ], [ 119.162263978000055, -8.559681937999926, 0.0 ], [ 119.162129460000074, -8.559643394999966, 0.0 ], [ 119.162129191000076, -8.559643318999974, 0.0 ], [ 119.162128775000042, -8.559643199999925, 0.0 ], [ 119.161977851000074, -8.559599954999953, 0.0 ], [ 119.161490140000069, -8.559501478999948, 0.0 ], [ 119.161489376000077, -8.559501322999949, 0.0 ], [ 119.161414448000073, -8.559486144999937, 0.0 ], [ 119.161269576000109, -8.559389045999978, 0.0 ], [ 119.161255893000089, -8.559300062999966, 0.0 ], [ 119.161254940000049, -8.559293866999951, 0.0 ], [ 119.1612582140001, -8.559286989999976, 0.0 ], [ 119.161258371000031, -8.559286658999952, 0.0 ], [ 119.161313973, -8.559169895999958, 0.0 ], [ 119.161356039000111, -8.559125396999946, 0.0 ], [ 119.161418694000076, -8.559059118999926, 0.0 ], [ 119.161418938000111, -8.559058860999926, 0.0 ], [ 119.161574666000092, -8.559016130999964, 0.0 ], [ 119.161797007000018, -8.55900345699996, 0.0 ], [ 119.16179778500009, -8.559003412999971, 0.0 ], [ 119.161798231000034, -8.559003057999973, 0.0 ], [ 119.16197705400009, -8.55886077699995, 0.0 ], [ 119.161977635000085, -8.558860313999958, 0.0 ], [ 119.161977891000106, -8.558860109999955, 0.0 ], [ 119.161978214000101, -8.558859850999966, 0.0 ], [ 119.162002074000043, -8.558840869999926, 0.0 ], [ 119.162132136000082, -8.558737378999979, 0.0 ], [ 119.162215078000031, -8.558693921999975, 0.0 ], [ 119.162369634000015, -8.558646954999972, 0.0 ], [ 119.162599928000077, -8.558576970999979, 0.0 ], [ 119.162758515000064, -8.558528777999982, 0.0 ], [ 119.163594481000018, -8.558274737999966, 0.0 ], [ 119.16363663900006, -8.558261927999979, 0.0 ], [ 119.163818330000026, -8.558174595999958, 0.0 ], [ 119.163962648000052, -8.558105226999942, 0.0 ], [ 119.164105424000013, -8.55798026399998, 0.0 ], [ 119.164125557000034, -8.557962643999929, 0.0 ], [ 119.164125788000092, -8.557962439999926, 0.0 ], [ 119.16414670100005, -8.557944138999972, 0.0 ], [ 119.164161799000112, -8.557913043999974, 0.0 ], [ 119.164237, -8.557758150999973, 0.0 ], [ 119.164169535000042, -8.557654061999926, 0.0 ], [ 119.164116465, -8.557572178999976, 0.0 ], [ 119.164103336000039, -8.557548976999954, 0.0 ], [ 119.164084595000077, -8.557515850999948, 0.0 ], [ 119.164084309000032, -8.55751534999996, 0.0 ], [ 119.16399190300001, -8.557352050999953, 0.0 ], [ 119.163990005000073, -8.557308611999929, 0.0 ], [ 119.163988114000063, -8.55726563099995, 0.0 ], [ 119.164024461000054, -8.55723969099995, 0.0 ], [ 119.164101335000055, -8.557184809999967, 0.0 ], [ 119.164186391000044, -8.557124090999935, 0.0 ], [ 119.164186949000054, -8.557123687999933, 0.0 ], [ 119.164199410000037, -8.557114795999951, 0.0 ], [ 119.16422969000007, -8.557092302999934, 0.0 ], [ 119.164160322000043, -8.55701666899995, 0.0 ], [ 119.164308734000087, -8.556896877999975, 0.0 ], [ 119.164308973000061, -8.556896686999949, 0.0 ], [ 119.164421553000011, -8.556805815999951, 0.0 ], [ 119.164605883000036, -8.556692060999978, 0.0 ], [ 119.164687378000053, -8.556641767999963, 0.0 ], [ 119.164870103000112, -8.556529004999959, 0.0 ], [ 119.165030485000102, -8.556453957999963, 0.0 ], [ 119.165030731000115, -8.556453841999939, 0.0 ], [ 119.165338317000078, -8.556452896999929, 0.0 ], [ 119.165339061000054, -8.556453039999951, 0.0 ], [ 119.16543135500001, -8.556470789999935, 0.0 ], [ 119.165449693000028, -8.556474315999935, 0.0 ], [ 119.165452310000092, -8.556474820999938, 0.0 ], [ 119.165480285000058, -8.556480198999964, 0.0 ], [ 119.165618439000013, -8.55658810999995, 0.0 ], [ 119.165641010000058, -8.55663667999994, 0.0 ], [ 119.165671753000083, -8.556702834999953, 0.0 ], [ 119.165749319000042, -8.55686974799994, 0.0 ], [ 119.166069108000102, -8.557011595999938, 0.0 ], [ 119.166069513000025, -8.557011780999972, 0.0 ], [ 119.166246872000102, -8.557019929999967, 0.0 ], [ 119.166334112000072, -8.55702393599995, 0.0 ] ] ] ] } },
{ "type": "Feature","id":16, "properties": { "OBJECTID_1": 517, "OBJECTID": 517, "NAMA_KWS": "TN Gunung Tambora", "NOREGKK": "100243053", "NUPT": "Balai Taman Nasional Gunung Tambora", "NPULAU": "Bali Nusra", "NPROV": "Nusa Tenggara Barat", "FGSKWS": "TN", "LUAS_HA": 78724.11, "SUMBERDATA": "Peta Penetapan Kawasan Hutan periode Juli 2024", "KETERANGAN": "SK Kawasan", "PROYEKSI": "World Cylindrical Equal Area", "Area": 78724.112657299993, "Perimeter": 125.819865724, "UGrid": 5 }, "geometry": { "type": "MultiPolygon", "coordinates": [ [ [ [ 118.010193535000099, -8.114325423999958, 0.0 ], [ 118.010437128000035, -8.11434229799994, 0.0 ], [ 118.010994944000117, -8.114325424999947, 0.0 ], [ 118.011033182, -8.114324267999962, 0.0 ], [ 118.012014213000043, -8.114319479999949, 0.0 ], [ 118.012045372000102, -8.114325423999958, 0.0 ], [ 118.012585826000077, -8.114428532999966, 0.0 ], [ 118.013284519000081, -8.114521134999961, 0.0 ], [ 118.014148543000033, -8.114808423999932, 0.0 ], [ 118.015066010000055, -8.115082644999973, 0.0 ], [ 118.015684097000076, -8.11518947999997, 0.0 ], [ 118.016343482000025, -8.115303453999957, 0.0 ], [ 118.016556911000066, -8.115327443999945, 0.0 ], [ 118.017767103000097, -8.115463470999941, 0.0 ], [ 118.018585518, -8.115531561999944, 0.0 ], [ 118.019616028000087, -8.11561590599996, 0.0 ], [ 118.020644731000061, -8.115606654999965, 0.0 ], [ 118.02182778800011, -8.115818259999969, 0.0 ], [ 118.022990669000023, -8.116495546999943, 0.0 ], [ 118.02464808600007, -8.117326702999947, 0.0 ], [ 118.025524533000066, -8.117698025999971, 0.0 ], [ 118.026624928000047, -8.118060941999943, 0.0 ], [ 118.027632507000021, -8.11842275999993, 0.0 ], [ 118.028492447000076, -8.118668486999979, 0.0 ], [ 118.030134960000055, -8.119011146999981, 0.0 ], [ 118.031469192000031, -8.119175961999929, 0.0 ], [ 118.032243100000073, -8.119536233999952, 0.0 ], [ 118.033556715000032, -8.119786395999938, 0.0 ], [ 118.034945906000075, -8.120026956999936, 0.0 ], [ 118.035921202000054, -8.120045041999958, 0.0 ], [ 118.037106945, -8.120381056999975, 0.0 ], [ 118.038368810000065, -8.120958432999942, 0.0 ], [ 118.039467962000117, -8.121656772999927, 0.0 ], [ 118.039553249000051, -8.121710958999927, 0.0 ], [ 118.040284334000035, -8.122062342999925, 0.0 ], [ 118.041986646000055, -8.122210686999949, 0.0 ], [ 118.042506108000111, -8.12220100899998, 0.0 ], [ 118.042976860000067, -8.122289889999934, 0.0 ], [ 118.043444149000038, -8.122366109999973, 0.0 ], [ 118.045209836000026, -8.123088501999973, 0.0 ], [ 118.045622539000078, -8.123180361999971, 0.0 ], [ 118.04676676400004, -8.12343504599994, 0.0 ], [ 118.047147245000019, -8.123589423999931, 0.0 ], [ 118.047921881000093, -8.123903727999959, 0.0 ], [ 118.04907821900008, -8.12446801699997, 0.0 ], [ 118.050436663000028, -8.124914686999944, 0.0 ], [ 118.051531870000076, -8.125164022999968, 0.0 ], [ 118.053767192, -8.125755803999937, 0.0 ], [ 118.054412404000118, -8.125941504999957, 0.0 ], [ 118.054973321000034, -8.126110448999952, 0.0 ], [ 118.055413394000084, -8.126182355999958, 0.0 ], [ 118.055970694000052, -8.126268952999965, 0.0 ], [ 118.058000016000051, -8.126820092999935, 0.0 ], [ 118.058800391000091, -8.126912827999945, 0.0 ], [ 118.060287759000062, -8.12700496399998, 0.0 ], [ 118.06149611, -8.127128897999967, 0.0 ], [ 118.062607767000031, -8.126790009999979, 0.0 ], [ 118.063800302000118, -8.127107980999938, 0.0 ], [ 118.064881412000091, -8.127745411999967, 0.0 ], [ 118.065944323000053, -8.128087925999978, 0.0 ], [ 118.067163271000027, -8.128397858999961, 0.0 ], [ 118.068102735000025, -8.128809651999973, 0.0 ], [ 118.070058740000036, -8.129375517999961, 0.0 ], [ 118.070493776000035, -8.129667640999969, 0.0 ], [ 118.072516808000046, -8.13079178299995, 0.0 ], [ 118.072532870000032, -8.130791833999979, 0.0 ], [ 118.074822766000011, -8.130799112999966, 0.0 ], [ 118.074954665000064, -8.130782726999939, 0.0 ], [ 118.07621637200009, -8.130625987999963, 0.0 ], [ 118.078219807000096, -8.131185961999961, 0.0 ], [ 118.0804950160001, -8.131640970999968, 0.0 ], [ 118.081545549000111, -8.131974068999966, 0.0 ], [ 118.08229536500005, -8.132531448999941, 0.0 ], [ 118.082967382000106, -8.133097726999949, 0.0 ], [ 118.083350197000073, -8.133629411999948, 0.0 ], [ 118.083626298000013, -8.13389103999998, 0.0 ], [ 118.084052213000064, -8.134272932999977, 0.0 ], [ 118.086228779000066, -8.135322174999942, 0.0 ], [ 118.087154245000079, -8.135936819999927, 0.0 ], [ 118.08775094300006, -8.13647908799993, 0.0 ], [ 118.088917882000032, -8.136915902999931, 0.0 ], [ 118.089777655000034, -8.137513307999939, 0.0 ], [ 118.090997650000077, -8.138958070999934, 0.0 ], [ 118.091782654000099, -8.13959032799994, 0.0 ], [ 118.092443487000082, -8.140122574999964, 0.0 ], [ 118.094371514000045, -8.14119962999996, 0.0 ], [ 118.095255637000037, -8.140765838999926, 0.0 ], [ 118.095452633000036, -8.140669183999933, 0.0 ], [ 118.096145218000061, -8.14045632999995, 0.0 ], [ 118.0962515330001, -8.140495776999956, 0.0 ], [ 118.098606423000092, -8.141369530999953, 0.0 ], [ 118.099874005000061, -8.141382070999953, 0.0 ], [ 118.101230959000077, -8.14112653799998, 0.0 ], [ 118.102166330000045, -8.141175522999959, 0.0 ], [ 118.102552292000041, -8.141317242999946, 0.0 ], [ 118.103140120000035, -8.141533085999981, 0.0 ], [ 118.103781018000063, -8.141832757999964, 0.0 ], [ 118.104260779000015, -8.142572598999948, 0.0 ], [ 118.105217285000094, -8.144549217999952, 0.0 ], [ 118.104767475000017, -8.145300296999949, 0.0 ], [ 118.105489864000106, -8.146116210999935, 0.0 ], [ 118.105990605000102, -8.14654068699997, 0.0 ], [ 118.10652648100006, -8.147292125999968, 0.0 ], [ 118.106881712000018, -8.148118063999959, 0.0 ], [ 118.107213408, -8.148900057999981, 0.0 ], [ 118.107895271000075, -8.149493178999933, 0.0 ], [ 118.108103666000034, -8.149674451999942, 0.0 ], [ 118.108402282000043, -8.149934203999976, 0.0 ], [ 118.109395072000098, -8.150929360999953, 0.0 ], [ 118.110785484000075, -8.153031784999939, 0.0 ], [ 118.111215298000047, -8.153353815999935, 0.0 ], [ 118.111938484, -8.153718098999946, 0.0 ], [ 118.112397071000032, -8.154233677999969, 0.0 ], [ 118.112711119000096, -8.155307106999942, 0.0 ], [ 118.113214227000071, -8.156540741999947, 0.0 ], [ 118.113654736000058, -8.157258525999964, 0.0 ], [ 118.114448448000076, -8.158174445999975, 0.0 ], [ 118.114778847000025, -8.158435305999944, 0.0 ], [ 118.115439468000091, -8.158956885999942, 0.0 ], [ 118.116409368000063, -8.159855919999927, 0.0 ], [ 118.116529051000043, -8.160091389999934, 0.0 ], [ 118.116791593000016, -8.160607926999944, 0.0 ], [ 118.117480700000101, -8.161293130999979, 0.0 ], [ 118.117564772000037, -8.161373875999971, 0.0 ], [ 118.118259156000022, -8.162040786999967, 0.0 ], [ 118.118992881000054, -8.162475675999929, 0.0 ], [ 118.119723916000112, -8.162925836999932, 0.0 ], [ 118.120349148000059, -8.16324256799993, 0.0 ], [ 118.121059555000102, -8.163858700999981, 0.0 ], [ 118.121384549000027, -8.164770275999956, 0.0 ], [ 118.121396959000094, -8.165893725999979, 0.0 ], [ 118.121442932000036, -8.166592802999958, 0.0 ], [ 118.121528609000052, -8.167568597999946, 0.0 ], [ 118.121543464000069, -8.167737776999957, 0.0 ], [ 118.12153765000005, -8.167892409999979, 0.0 ], [ 118.121519739000064, -8.168368783999938, 0.0 ], [ 118.121628820000069, -8.168804311999963, 0.0 ], [ 118.122062170000049, -8.169082599999967, 0.0 ], [ 118.122622409000087, -8.169442372999981, 0.0 ], [ 118.123592191000057, -8.169712930999935, 0.0 ], [ 118.124337009000101, -8.169856240999934, 0.0 ], [ 118.124790246000089, -8.170325438999953, 0.0 ], [ 118.12519717400005, -8.171046797999963, 0.0 ], [ 118.125177999000016, -8.171887326999979, 0.0 ], [ 118.125177969000106, -8.171888551999928, 0.0 ], [ 118.125153583000042, -8.172872263999977, 0.0 ], [ 118.124936473000048, -8.173780855999951, 0.0 ], [ 118.124597438000023, -8.174676962999968, 0.0 ], [ 118.124633028000062, -8.175506966999933, 0.0 ], [ 118.124904301000015, -8.177312609999944, 0.0 ], [ 118.125064209000016, -8.178055319999942, 0.0 ], [ 118.125298961000112, -8.178734442999939, 0.0 ], [ 118.125303931000076, -8.178739427999972, 0.0 ], [ 118.125936001000014, -8.17937328599993, 0.0 ], [ 118.126590475000057, -8.179958231999933, 0.0 ], [ 118.126790492000055, -8.180230560999973, 0.0 ], [ 118.127120135000041, -8.180650313999934, 0.0 ], [ 118.127270268000075, -8.181048182999973, 0.0 ], [ 118.127884651000045, -8.181651632999944, 0.0 ], [ 118.12847083500003, -8.181945826999936, 0.0 ], [ 118.128821065000011, -8.182284939999931, 0.0 ], [ 118.129054968000105, -8.18238544999997, 0.0 ], [ 118.129513898000027, -8.18269264199995, 0.0 ], [ 118.129942444000108, -8.182628733999934, 0.0 ], [ 118.130319230000055, -8.18263465299998, 0.0 ], [ 118.131397639000056, -8.182651592999946, 0.0 ], [ 118.131812214000092, -8.182645176999927, 0.0 ], [ 118.132335893000118, -8.182924319999927, 0.0 ], [ 118.132744614000103, -8.183046385999944, 0.0 ], [ 118.133205732000079, -8.184082357999955, 0.0 ], [ 118.133527640000011, -8.184716715999969, 0.0 ], [ 118.133986020000066, -8.185209923999935, 0.0 ], [ 118.134415216000093, -8.185849387999951, 0.0 ], [ 118.134703323000053, -8.186431628999969, 0.0 ], [ 118.134817670000075, -8.186696533999964, 0.0 ], [ 118.135028290000037, -8.187090313999931, 0.0 ], [ 118.135338831000013, -8.187968067999975, 0.0 ], [ 118.135563838000053, -8.188589428999933, 0.0 ], [ 118.135887566000065, -8.189478594999969, 0.0 ], [ 118.135861620000014, -8.19026516699995, 0.0 ], [ 118.136269346000063, -8.191111699999965, 0.0 ], [ 118.136540633000095, -8.191700841999932, 0.0 ], [ 118.136856827000088, -8.192501633999939, 0.0 ], [ 118.137307516000078, -8.193542284999978, 0.0 ], [ 118.137553052000044, -8.194379549999951, 0.0 ], [ 118.137970796000104, -8.195177142999967, 0.0 ], [ 118.138413728000046, -8.195936064999955, 0.0 ], [ 118.13864469300006, -8.19695923699993, 0.0 ], [ 118.138837077000062, -8.197975073999942, 0.0 ], [ 118.139600866000023, -8.19840189699994, 0.0 ], [ 118.140012769, -8.198949596999967, 0.0 ], [ 118.140344473000027, -8.199467479999953, 0.0 ], [ 118.141046047000032, -8.200618661999954, 0.0 ], [ 118.14128314300001, -8.201088718999927, 0.0 ], [ 118.141400027000032, -8.201320447999933, 0.0 ], [ 118.141995653000095, -8.202049946999978, 0.0 ], [ 118.142483974000015, -8.202437903999964, 0.0 ], [ 118.142863869000053, -8.202902470999959, 0.0 ], [ 118.143392862000042, -8.203705155999955, 0.0 ], [ 118.144165160000057, -8.204568746999939, 0.0 ], [ 118.144913352000117, -8.20496643499996, 0.0 ], [ 118.145795712000108, -8.205583610999952, 0.0 ], [ 118.146523554000055, -8.206034467999928, 0.0 ], [ 118.147156238000093, -8.206577644999982, 0.0 ], [ 118.147289752, -8.206692269999962, 0.0 ], [ 118.147879500000045, -8.207132392999938, 0.0 ], [ 118.148600951000049, -8.207325200999946, 0.0 ], [ 118.149213391000103, -8.207634484999971, 0.0 ], [ 118.149718601000018, -8.20798457199993, 0.0 ], [ 118.150670033000097, -8.208507004999944, 0.0 ], [ 118.151312498000038, -8.209032770999954, 0.0 ], [ 118.152146324000114, -8.209742077999977, 0.0 ], [ 118.152504372000067, -8.210144247999949, 0.0 ], [ 118.153225439000039, -8.210780857999964, 0.0 ], [ 118.152230625000016, -8.210731579999958, 0.0 ], [ 118.152131181000073, -8.210726653999927, 0.0 ], [ 118.151021159000038, -8.211282036999933, 0.0 ], [ 118.15052429900004, -8.21202078999994, 0.0 ], [ 118.149928734000014, -8.213253428999963, 0.0 ], [ 118.149380099000041, -8.214329115999931, 0.0 ], [ 118.148498929000084, -8.215744890999929, 0.0 ], [ 118.147599215000014, -8.217090449999944, 0.0 ], [ 118.146887043000106, -8.218026062999968, 0.0 ], [ 118.146243865000088, -8.218679675999965, 0.0 ], [ 118.145611490000078, -8.219587566999962, 0.0 ], [ 118.145017158000087, -8.220467764999967, 0.0 ], [ 118.144352235000042, -8.221454517999973, 0.0 ], [ 118.143562965000115, -8.222322607999956, 0.0 ], [ 118.142923782000025, -8.223044486999981, 0.0 ], [ 118.142279457000086, -8.223746663999975, 0.0 ], [ 118.141549413, -8.224567284999978, 0.0 ], [ 118.14082862500004, -8.225293009999973, 0.0 ], [ 118.140109165000013, -8.225944390999928, 0.0 ], [ 118.139186984000048, -8.226878418999945, 0.0 ], [ 118.13879676800002, -8.227432458999942, 0.0 ], [ 118.137740665000024, -8.228583280999942, 0.0 ], [ 118.13709145700011, -8.229616464999935, 0.0 ], [ 118.136426512000071, -8.230353149999928, 0.0 ], [ 118.13581049000004, -8.231024490999971, 0.0 ], [ 118.135335952000105, -8.23139490799997, 0.0 ], [ 118.135032483000032, -8.231843519999927, 0.0 ], [ 118.134440838000046, -8.232501405999926, 0.0 ], [ 118.133896055000037, -8.23405973399997, 0.0 ], [ 118.133130269000048, -8.234615101999964, 0.0 ], [ 118.132631613000058, -8.235349956999926, 0.0 ], [ 118.132030155000052, -8.236007594999933, 0.0 ], [ 118.131137004000038, -8.237204701999929, 0.0 ], [ 118.130691620000107, -8.237584255999934, 0.0 ], [ 118.130206269000041, -8.238211179999951, 0.0 ], [ 118.129689441000096, -8.238975565999965, 0.0 ], [ 118.129157087000067, -8.239291785999967, 0.0 ], [ 118.129126952000092, -8.239310792999959, 0.0 ], [ 118.128388815000108, -8.239776341999971, 0.0 ], [ 118.127634807000049, -8.240265918999967, 0.0 ], [ 118.127280034000023, -8.240715396999974, 0.0 ], [ 118.126776385000085, -8.241360093999958, 0.0 ], [ 118.126200703000109, -8.242407530999969, 0.0 ], [ 118.126097972000025, -8.24261802999996, 0.0 ], [ 118.125952491000021, -8.242916124999965, 0.0 ], [ 118.125509824, -8.243683011999963, 0.0 ], [ 118.124949939000089, -8.244154315999936, 0.0 ], [ 118.124896240000112, -8.244812491999937, 0.0 ], [ 118.124922728000115, -8.245736508999926, 0.0 ], [ 118.124714127000061, -8.246136454999942, 0.0 ], [ 118.124567964000107, -8.246416689999933, 0.0 ], [ 118.125317281000093, -8.246495734999939, 0.0 ], [ 118.126194750000082, -8.246636897999963, 0.0 ], [ 118.127288786, -8.246885170999974, 0.0 ], [ 118.128179764000038, -8.247552922999944, 0.0 ], [ 118.128770109000016, -8.248125766999976, 0.0 ], [ 118.129671543000086, -8.24824291799996, 0.0 ], [ 118.130680156000039, -8.248024632999943, 0.0 ], [ 118.131845671000065, -8.248057250999977, 0.0 ], [ 118.132746459000032, -8.247946986999978, 0.0 ], [ 118.133611678000079, -8.248004383999955, 0.0 ], [ 118.134645546000115, -8.248216898999942, 0.0 ], [ 118.135606951000113, -8.248297959999945, 0.0 ], [ 118.137169821000043, -8.247957514999939, 0.0 ], [ 118.13744404800002, -8.24789777899997, 0.0 ], [ 118.138309577000086, -8.248062885999957, 0.0 ], [ 118.138982357000032, -8.248049006999963, 0.0 ], [ 118.140411573000051, -8.247865408999928, 0.0 ], [ 118.141397726000037, -8.248197729999958, 0.0 ], [ 118.14222738300009, -8.248422775999927, 0.0 ], [ 118.143321840000112, -8.248814626999945, 0.0 ], [ 118.144211192000057, -8.248907839999958, 0.0 ], [ 118.144766447000052, -8.249803916999952, 0.0 ], [ 118.145369347000042, -8.250556228999926, 0.0 ], [ 118.146139349, -8.250925062999954, 0.0 ], [ 118.146850524000115, -8.251724938999928, 0.0 ], [ 118.147344436000026, -8.252178338999954, 0.0 ], [ 118.14821457700009, -8.252877050999928, 0.0 ], [ 118.148955301000115, -8.253514396999947, 0.0 ], [ 118.149400002000107, -8.254011926999965, 0.0 ], [ 118.150089861000083, -8.254726929999947, 0.0 ], [ 118.150663717000043, -8.255630083999961, 0.0 ], [ 118.151225451000073, -8.25641613199997, 0.0 ], [ 118.151820369, -8.257018390999974, 0.0 ], [ 118.152406853000116, -8.25777717699998, 0.0 ], [ 118.153129235000051, -8.258289754999964, 0.0 ], [ 118.153960271000074, -8.25898154999993, 0.0 ], [ 118.154455422000069, -8.260247693999929, 0.0 ], [ 118.155226977000098, -8.260749276999945, 0.0 ], [ 118.155992271000059, -8.261375642999951, 0.0 ], [ 118.156517099000098, -8.262301491999949, 0.0 ], [ 118.156945420000056, -8.263157699999965, 0.0 ], [ 118.15757880700005, -8.263806487999943, 0.0 ], [ 118.158194188000039, -8.264702364999948, 0.0 ], [ 118.158490282000116, -8.265656747999969, 0.0 ], [ 118.158872267000106, -8.266495714999962, 0.0 ], [ 118.159352716000058, -8.267330841999978, 0.0 ], [ 118.159563281000032, -8.267562712999961, 0.0 ], [ 118.159879249000028, -8.267910650999966, 0.0 ], [ 118.16046458400001, -8.268657443999928, 0.0 ], [ 118.161156500000061, -8.269639930999972, 0.0 ], [ 118.161718567000094, -8.270161864999977, 0.0 ], [ 118.162280259000113, -8.270926894999945, 0.0 ], [ 118.163002870000014, -8.271562966999966, 0.0 ], [ 118.163742653000099, -8.272047040999951, 0.0 ], [ 118.164729796000074, -8.272690477999959, 0.0 ], [ 118.16536171700011, -8.273361781999938, 0.0 ], [ 118.165392705000045, -8.273394700999972, 0.0 ], [ 118.166079507000063, -8.274050976999945, 0.0 ], [ 118.166463086000022, -8.274969085999942, 0.0 ], [ 118.166873927000097, -8.275772805999964, 0.0 ], [ 118.167287908000048, -8.276384148999966, 0.0 ], [ 118.167758893000041, -8.277193845999932, 0.0 ], [ 118.16819384300004, -8.278006448999975, 0.0 ], [ 118.168665809000117, -8.278840842999955, 0.0 ], [ 118.169340668000018, -8.279822337999974, 0.0 ], [ 118.170040421000067, -8.280789753999954, 0.0 ], [ 118.170758164000063, -8.281461358999934, 0.0 ], [ 118.171274662000087, -8.282411473999957, 0.0 ], [ 118.171688838000023, -8.282986281999968, 0.0 ], [ 118.172560745000055, -8.283858314999975, 0.0 ], [ 118.173162444000013, -8.284484774999953, 0.0 ], [ 118.173617626, -8.285488052999938, 0.0 ], [ 118.174140667000074, -8.286122508999938, 0.0 ], [ 118.174213857000041, -8.286211288999937, 0.0 ], [ 118.174766433000059, -8.286931168999956, 0.0 ], [ 118.17527778300007, -8.28773420899995, 0.0 ], [ 118.175554691000116, -8.288601078999932, 0.0 ], [ 118.175941431000069, -8.289353964999975, 0.0 ], [ 118.176063437000039, -8.289975976999926, 0.0 ], [ 118.176130750000084, -8.291401419999943, 0.0 ], [ 118.176526545000115, -8.292164878999927, 0.0 ], [ 118.176445494000063, -8.293194423999978, 0.0 ], [ 118.176663950000034, -8.293923868999968, 0.0 ], [ 118.177175976000058, -8.294996623999964, 0.0 ], [ 118.17735494100009, -8.29596847199997, 0.0 ], [ 118.177586450000035, -8.297044967999966, 0.0 ], [ 118.177759375000051, -8.297863062999966, 0.0 ], [ 118.177939068000114, -8.298775082999953, 0.0 ], [ 118.178447211000048, -8.299603718999947, 0.0 ], [ 118.178603294000027, -8.300528928999938, 0.0 ], [ 118.178956134000032, -8.301353400999972, 0.0 ], [ 118.178978228, -8.30140502699993, 0.0 ], [ 118.179260491000036, -8.30235410399996, 0.0 ], [ 118.179524278000031, -8.303174422999973, 0.0 ], [ 118.180824248000022, -8.303502776999949, 0.0 ], [ 118.181579673000101, -8.304036112999938, 0.0 ], [ 118.181582876000107, -8.304038374999948, 0.0 ], [ 118.182393973000103, -8.304732754999975, 0.0 ], [ 118.183042550000096, -8.305358986999977, 0.0 ], [ 118.183525347000113, -8.306075670999974, 0.0 ], [ 118.183670946, -8.306929303999937, 0.0 ], [ 118.184082789000058, -8.307641904999969, 0.0 ], [ 118.184651181000049, -8.308421693999946, 0.0 ], [ 118.185331745000099, -8.308937691999972, 0.0 ], [ 118.185803686000099, -8.30982406399994, 0.0 ], [ 118.186050050000063, -8.310508517999949, 0.0 ], [ 118.186676980000016, -8.311200828999972, 0.0 ], [ 118.187149740000109, -8.311963605999949, 0.0 ], [ 118.187854916000106, -8.312672005999957, 0.0 ], [ 118.18862952500001, -8.31315785399994, 0.0 ], [ 118.189418299000067, -8.313594812999952, 0.0 ], [ 118.190027016000045, -8.314262955999936, 0.0 ], [ 118.190581583000039, -8.314947306999954, 0.0 ], [ 118.191136611000047, -8.315699667999979, 0.0 ], [ 118.192026728000087, -8.315996215999974, 0.0 ], [ 118.192845469000076, -8.316532346999963, 0.0 ], [ 118.193459935000078, -8.317069090999951, 0.0 ], [ 118.194100030000072, -8.318132372999969, 0.0 ], [ 118.194666941000037, -8.318836816999976, 0.0 ], [ 118.195172648000039, -8.319170416999953, 0.0 ], [ 118.195798230000037, -8.31940790699997, 0.0 ], [ 118.196595966000018, -8.320072494999977, 0.0 ], [ 118.197387555000091, -8.32056726899998, 0.0 ], [ 118.197918762000086, -8.321256650999942, 0.0 ], [ 118.19811353700004, -8.32208189499994, 0.0 ], [ 118.198990625000079, -8.322599104999938, 0.0 ], [ 118.199703449000026, -8.323199639999928, 0.0 ], [ 118.20047506100002, -8.323634028999948, 0.0 ], [ 118.201017083000011, -8.324307287999943, 0.0 ], [ 118.201395891000061, -8.325068200999965, 0.0 ], [ 118.202114122000012, -8.32570825199997, 0.0 ], [ 118.202924151000047, -8.326215091999927, 0.0 ], [ 118.203523613000016, -8.326864932999968, 0.0 ], [ 118.204198100000099, -8.327486878999935, 0.0 ], [ 118.204682359000117, -8.328315311999972, 0.0 ], [ 118.205283941000062, -8.328786528999956, 0.0 ], [ 118.205702176000045, -8.329680222999968, 0.0 ], [ 118.206057629000043, -8.330292214999929, 0.0 ], [ 118.206372960000067, -8.331236770999965, 0.0 ], [ 118.206968528000061, -8.331671881999966, 0.0 ], [ 118.20777810900006, -8.332121446999963, 0.0 ], [ 118.208493324000074, -8.332664331999979, 0.0 ], [ 118.209082109000065, -8.333405992999928, 0.0 ], [ 118.209493058000021, -8.334112795999943, 0.0 ], [ 118.209922271000096, -8.334978852999939, 0.0 ], [ 118.210316160000048, -8.335915820999958, 0.0 ], [ 118.210887234000097, -8.336675235999962, 0.0 ], [ 118.211653161000072, -8.33722163799996, 0.0 ], [ 118.21234821500002, -8.337839059999965, 0.0 ], [ 118.21303251300003, -8.338261516999978, 0.0 ], [ 118.21397726500004, -8.338703688999942, 0.0 ], [ 118.2143757, -8.339098078999939, 0.0 ], [ 118.214461467000092, -8.339588692999939, 0.0 ], [ 118.214526717000012, -8.339891357999932, 0.0 ], [ 118.214020143000084, -8.340530028999979, 0.0 ], [ 118.213853732000075, -8.340769515999966, 0.0 ], [ 118.213546407000081, -8.341211797999961, 0.0 ], [ 118.213006993000022, -8.341932348999933, 0.0 ], [ 118.212398452000116, -8.34222609699998, 0.0 ], [ 118.210976516000073, -8.342501674999937, 0.0 ], [ 118.20969474900005, -8.342732939999962, 0.0 ], [ 118.209279235000054, -8.34337366099993, 0.0 ], [ 118.20907003800005, -8.344166343999973, 0.0 ], [ 118.208784212000069, -8.344870632999971, 0.0 ], [ 118.208349732000102, -8.345332513999949, 0.0 ], [ 118.207809095000016, -8.346052828999973, 0.0 ], [ 118.20718889200009, -8.346429497999964, 0.0 ], [ 118.206503120000093, -8.347063625999965, 0.0 ], [ 118.205650382000044, -8.347475926999948, 0.0 ], [ 118.204879772000027, -8.347753092999938, 0.0 ], [ 118.203935199000057, -8.347805684999969, 0.0 ], [ 118.202845791000072, -8.347763016999977, 0.0 ], [ 118.202057801000024, -8.348344777999955, 0.0 ], [ 118.201313240000104, -8.348732704999975, 0.0 ], [ 118.200291567000022, -8.348864698999932, 0.0 ], [ 118.199905558000069, -8.349046819999955, 0.0 ], [ 118.199163442000099, -8.349713518999977, 0.0 ], [ 118.198675591000097, -8.350090489999957, 0.0 ], [ 118.198133492000011, -8.35036331699996, 0.0 ], [ 118.196857114000068, -8.350522181999963, 0.0 ], [ 118.195746113000041, -8.350798849999933, 0.0 ], [ 118.195019898000055, -8.351084817999947, 0.0 ], [ 118.194210149000014, -8.351465820999977, 0.0 ], [ 118.193348370000081, -8.351686828999959, 0.0 ], [ 118.192531467000094, -8.351501708999933, 0.0 ], [ 118.191805996000085, -8.351456341999949, 0.0 ], [ 118.190524856000025, -8.351191575999962, 0.0 ], [ 118.190062887000067, -8.351579131999927, 0.0 ], [ 118.189563775000011, -8.35198083399996, 0.0 ], [ 118.189094694000119, -8.352371357999971, 0.0 ], [ 118.188186596000037, -8.352781150999931, 0.0 ], [ 118.188243026, -8.353730261999942, 0.0 ], [ 118.188328244000104, -8.354566286999955, 0.0 ], [ 118.187771262000069, -8.355612810999958, 0.0 ], [ 118.188013235000085, -8.356084372999931, 0.0 ], [ 118.187573291000035, -8.357160108999949, 0.0 ], [ 118.186497712000119, -8.358166904999962, 0.0 ], [ 118.18545223700005, -8.358339450999949, 0.0 ], [ 118.18468823, -8.358660964999956, 0.0 ], [ 118.183737529000041, -8.358819367999956, 0.0 ], [ 118.182747336000034, -8.359110809999947, 0.0 ], [ 118.182527243000095, -8.359790564999969, 0.0 ], [ 118.182869442000083, -8.36040215099996, 0.0 ], [ 118.183772881000095, -8.361603567999964, 0.0 ], [ 118.182746427000097, -8.361827323999933, 0.0 ], [ 118.18193812100003, -8.361891675999971, 0.0 ], [ 118.181021817000101, -8.362235067999961, 0.0 ], [ 118.180182973000115, -8.362485319999962, 0.0 ], [ 118.179530796000108, -8.362765982999974, 0.0 ], [ 118.178770107000105, -8.363155357999972, 0.0 ], [ 118.177698874000043, -8.36368501499993, 0.0 ], [ 118.177249003000043, -8.364027009999973, 0.0 ], [ 118.17655129100001, -8.364679426999942, 0.0 ], [ 118.175838309000028, -8.365424793999978, 0.0 ], [ 118.17517164100002, -8.366061632999958, 0.0 ], [ 118.174365179, -8.366745338999976, 0.0 ], [ 118.173558713000034, -8.367429042999959, 0.0 ], [ 118.172937804000071, -8.367771541999957, 0.0 ], [ 118.172115737000013, -8.368439805999969, 0.0 ], [ 118.171262017000117, -8.368922350999981, 0.0 ], [ 118.170766784000079, -8.369698034999942, 0.0 ], [ 118.1703647490001, -8.370442473999958, 0.0 ], [ 118.169931845000065, -8.371264423999946, 0.0 ], [ 118.169218883000099, -8.372025267999959, 0.0 ], [ 118.169159646000026, -8.373016440999947, 0.0 ], [ 118.168819983000049, -8.373822630999939, 0.0 ], [ 118.168605214000081, -8.374798780999981, 0.0 ], [ 118.168203676000076, -8.37571354499994, 0.0 ], [ 118.167833050000013, -8.376566277999927, 0.0 ], [ 118.167322162, -8.377311038999949, 0.0 ], [ 118.167058896000071, -8.377667956999971, 0.0 ], [ 118.166564706000031, -8.378799772999969, 0.0 ], [ 118.166147567000053, -8.379699098999936, 0.0 ], [ 118.166041078000035, -8.380489114999932, 0.0 ], [ 118.165033495000102, -8.381529540999964, 0.0 ], [ 118.164927050000074, -8.382335042999955, 0.0 ], [ 118.164385098000025, -8.383095374999925, 0.0 ], [ 118.163703480000095, -8.383949024999936, 0.0 ], [ 118.162927692000039, -8.384508749999952, 0.0 ], [ 118.16218286000003, -8.385021927999958, 0.0 ], [ 118.162099176000083, -8.385108085999946, 0.0 ], [ 118.161624797000059, -8.385596494999959, 0.0 ], [ 118.161020408000013, -8.386279585999944, 0.0 ], [ 118.160649529000011, -8.387054895999938, 0.0 ], [ 118.160185676000083, -8.387938868999981, 0.0 ], [ 118.158898726000075, -8.389165919999925, 0.0 ], [ 118.158231947000104, -8.389787254999931, 0.0 ], [ 118.157611951000035, -8.390454903999967, 0.0 ], [ 118.156945395000093, -8.391153657999951, 0.0 ], [ 118.156060921000062, -8.391775626999959, 0.0 ], [ 118.155643195000039, -8.392489134999948, 0.0 ], [ 118.154883750000067, -8.393327518999968, 0.0 ], [ 118.154202232000102, -8.394227609999973, 0.0 ], [ 118.153503789000069, -8.394663218999938, 0.0 ], [ 118.152929695000012, -8.395082977999948, 0.0 ], [ 118.152075982000042, -8.395596459999979, 0.0 ], [ 118.151160664000031, -8.396311417999925, 0.0 ], [ 118.150571107000019, -8.396762188999958, 0.0 ], [ 118.149857744000087, -8.397414616999981, 0.0 ], [ 118.149238039000011, -8.398190646999979, 0.0 ], [ 118.148587235000036, -8.398966765999944, 0.0 ], [ 118.147951566000074, -8.399603480999929, 0.0 ], [ 118.147347133000039, -8.400286556999959, 0.0 ], [ 118.146493355000075, -8.400784544999965, 0.0 ], [ 118.145904331000111, -8.401421120999942, 0.0 ], [ 118.145237691000034, -8.402104376999944, 0.0 ], [ 118.144602105000104, -8.402772056999936, 0.0 ], [ 118.143919548000099, -8.403331480999952, 0.0 ], [ 118.143888366000056, -8.403354597999964, 0.0 ], [ 118.14314373600007, -8.403906658999972, 0.0 ], [ 118.142477132000067, -8.40460539399993, 0.0 ], [ 118.141780649000111, -8.405722295999965, 0.0 ], [ 118.141066668, -8.406173415999945, 0.0 ], [ 118.140773347000049, -8.406902035999963, 0.0 ], [ 118.140075679, -8.407616342999972, 0.0 ], [ 118.139579798000113, -8.40820618999993, 0.0 ], [ 118.1390854980001, -8.409337986999958, 0.0 ], [ 118.138714873000026, -8.410221674999946, 0.0 ], [ 118.138359616000116, -8.411043379999967, 0.0 ], [ 118.137957933000052, -8.411942641999929, 0.0 ], [ 118.137805232, -8.412903119999953, 0.0 ], [ 118.137419187000091, -8.413833305999958, 0.0 ], [ 118.137033005000035, -8.414717037999935, 0.0 ], [ 118.136912215000052, -8.415956143999949, 0.0 ], [ 118.136446338000042, -8.416174274999946, 0.0 ], [ 118.135900548000109, -8.417097900999977, 0.0 ], [ 118.136539974000016, -8.417654995999953, 0.0 ], [ 118.136637226000062, -8.418682796999974, 0.0 ], [ 118.136893052000119, -8.419114142999945, 0.0 ], [ 118.136646915000028, -8.420020659999977, 0.0 ], [ 118.136190839000051, -8.42079899099997, 0.0 ], [ 118.13551132200007, -8.421495561999961, 0.0 ], [ 118.135375010000075, -8.422300380999957, 0.0 ], [ 118.13491241600002, -8.423153647999925, 0.0 ], [ 118.134446949000107, -8.424009337999962, 0.0 ], [ 118.134058850000088, -8.424892666999938, 0.0 ], [ 118.133734257000015, -8.425850902999969, 0.0 ], [ 118.133345466000037, -8.426709562999974, 0.0 ], [ 118.132889229000057, -8.427661529999966, 0.0 ], [ 118.132640458000083, -8.428519143999949, 0.0 ], [ 118.132495694000113, -8.429434679999929, 0.0 ], [ 118.132182086000057, -8.430334742999946, 0.0 ], [ 118.132018099000106, -8.431223718999945, 0.0 ], [ 118.131524071000058, -8.432107542999972, 0.0 ], [ 118.131675114000018, -8.432925540999975, 0.0 ], [ 118.131369410000048, -8.433402751999949, 0.0 ], [ 118.13078818800011, -8.433984089999967, 0.0 ], [ 118.130312097000115, -8.434338409999953, 0.0 ], [ 118.129772793000029, -8.434671892999972, 0.0 ], [ 118.129596610000021, -8.434835267999972, 0.0 ], [ 118.129304008000076, -8.435465530999977, 0.0 ], [ 118.128944761000071, -8.436507029999973, 0.0 ], [ 118.128640919000077, -8.436776952999935, 0.0 ], [ 118.128279468000073, -8.436944487999938, 0.0 ], [ 118.128121484000076, -8.437020058999963, 0.0 ], [ 118.127698102000068, -8.437223175999975, 0.0 ], [ 118.127332271000114, -8.437593752999931, 0.0 ], [ 118.126696562, -8.437877995999941, 0.0 ], [ 118.126624680000077, -8.437910135999971, 0.0 ], [ 118.126262092000047, -8.438108471999954, 0.0 ], [ 118.126148133000015, -8.438169521999953, 0.0 ], [ 118.126146382000115, -8.43817043699994, 0.0 ], [ 118.126143881000075, -8.438171756999964, 0.0 ], [ 118.126125802000047, -8.438101041999971, 0.0 ], [ 118.126012743000047, -8.437594776999958, 0.0 ], [ 118.125806457000067, -8.437401230999967, 0.0 ], [ 118.12546507400009, -8.437080930999969, 0.0 ], [ 118.125190399000076, -8.436721555999952, 0.0 ], [ 118.125081845000068, -8.436098034999929, 0.0 ], [ 118.124845826000069, -8.435634680999954, 0.0 ], [ 118.124112395000111, -8.435360100999958, 0.0 ], [ 118.123701438000012, -8.434573844999932, 0.0 ], [ 118.122661108000102, -8.433915955999964, 0.0 ], [ 118.12184637200005, -8.43412634699996, 0.0 ], [ 118.120838082000091, -8.433976498999925, 0.0 ], [ 118.120259440000041, -8.433656809999945, 0.0 ], [ 118.119519240000045, -8.43344527499994, 0.0 ], [ 118.118786256000021, -8.432828279999967, 0.0 ], [ 118.117712985000026, -8.431923594999944, 0.0 ], [ 118.116916048, -8.431651794999937, 0.0 ], [ 118.116091637000068, -8.431247066999958, 0.0 ], [ 118.115594277000014, -8.431289801999981, 0.0 ], [ 118.114779518000091, -8.431111088999955, 0.0 ], [ 118.11329059600007, -8.430816940999932, 0.0 ], [ 118.112337392000086, -8.430628627999965, 0.0 ], [ 118.111555630000112, -8.430426924999949, 0.0 ], [ 118.110664618000101, -8.430259225999976, 0.0 ], [ 118.110093576000054, -8.429580942999962, 0.0 ], [ 118.109497100000112, -8.429095507999932, 0.0 ], [ 118.108916087000011, -8.428920091999942, 0.0 ], [ 118.108278738000081, -8.428557764999937, 0.0 ], [ 118.108103666000034, -8.428345357999945, 0.0 ], [ 118.107895271000075, -8.42809252099994, 0.0 ], [ 118.107408857000109, -8.427502373999971, 0.0 ], [ 118.106146155000033, -8.426633285999969, 0.0 ], [ 118.104852512000093, -8.42590419499993, 0.0 ], [ 118.103784014000098, -8.425346378999961, 0.0 ], [ 118.103100983000104, -8.424804605999952, 0.0 ], [ 118.10243416600008, -8.424581407999938, 0.0 ], [ 118.101872894000053, -8.424407479999957, 0.0 ], [ 118.101098953000019, -8.423405042999946, 0.0 ], [ 118.100604166000039, -8.422839168999928, 0.0 ], [ 118.099940842000024, -8.422374595999941, 0.0 ], [ 118.099351655000078, -8.422033422999959, 0.0 ], [ 118.099293635000095, -8.421969312999977, 0.0 ], [ 118.098682817000054, -8.421294382999974, 0.0 ], [ 118.097885450000035, -8.420990490999941, 0.0 ], [ 118.097769291000077, -8.420966906999979, 0.0 ], [ 118.096748951000109, -8.420759747999966, 0.0 ], [ 118.095999149000022, -8.420620233999955, 0.0 ], [ 118.095224661000088, -8.420516182999961, 0.0 ], [ 118.094630051000081, -8.420082707999939, 0.0 ], [ 118.093664557000011, -8.41950860299994, 0.0 ], [ 118.092770396000105, -8.419029996999939, 0.0 ], [ 118.091841393000095, -8.418780301999959, 0.0 ], [ 118.089848145000019, -8.417826659999946, 0.0 ], [ 118.08921363200011, -8.41710844399995, 0.0 ], [ 118.088391544000046, -8.416690291999942, 0.0 ], [ 118.087539125000035, -8.416464177999956, 0.0 ], [ 118.086806827000032, -8.41633903099995, 0.0 ], [ 118.086061602000086, -8.415918382999962, 0.0 ], [ 118.08540709600004, -8.415293652999935, 0.0 ], [ 118.084510478000084, -8.414696225999933, 0.0 ], [ 118.083734529000026, -8.414212756999973, 0.0 ], [ 118.082143937000069, -8.413186415999974, 0.0 ], [ 118.081191200000035, -8.412503920999939, 0.0 ], [ 118.08028885300007, -8.411984482999969, 0.0 ], [ 118.079751883000085, -8.411325369999929, 0.0 ], [ 118.079086780000011, -8.410839868999972, 0.0 ], [ 118.078349552000077, -8.410240457999976, 0.0 ], [ 118.07779607100008, -8.409681717999945, 0.0 ], [ 118.077235631, -8.409239735999961, 0.0 ], [ 118.076554214000112, -8.408658834999926, 0.0 ], [ 118.075756611000088, -8.407978856999932, 0.0 ], [ 118.075697092000041, -8.407910602999948, 0.0 ], [ 118.075127470000098, -8.40725737799994, 0.0 ], [ 118.074271213000088, -8.406855420999932, 0.0 ], [ 118.073411718000102, -8.406408710999926, 0.0 ], [ 118.072564852000028, -8.406111714999952, 0.0 ], [ 118.071904115000052, -8.405737960999943, 0.0 ], [ 118.07098062700004, -8.405302137999968, 0.0 ], [ 118.070077824, -8.404967248999981, 0.0 ], [ 118.069068620000053, -8.405041608999966, 0.0 ], [ 118.06801952, -8.404608831999951, 0.0 ], [ 118.066489875000116, -8.404889912999977, 0.0 ], [ 118.065441753000073, -8.40441887999998, 0.0 ], [ 118.064434736000067, -8.404429064999931, 0.0 ], [ 118.063638550000064, -8.404042401999959, 0.0 ], [ 118.062848823000081, -8.404409980999958, 0.0 ], [ 118.061456937000116, -8.404593456999976, 0.0 ], [ 118.060719314000039, -8.404680972999927, 0.0 ], [ 118.059553429000061, -8.404848576999939, 0.0 ], [ 118.058172821000085, -8.405284244999962, 0.0 ], [ 118.057081775000029, -8.405390294999961, 0.0 ], [ 118.056283213000029, -8.405879795999965, 0.0 ], [ 118.055503819000023, -8.406133008999973, 0.0 ], [ 118.054243977000056, -8.406222700999933, 0.0 ], [ 118.053211134000094, -8.406210913999928, 0.0 ], [ 118.05239317600001, -8.406478232999973, 0.0 ], [ 118.051450403000104, -8.406565531999945, 0.0 ], [ 118.050384535000035, -8.406634677999932, 0.0 ], [ 118.048952535000012, -8.40698456399997, 0.0 ], [ 118.048013809000054, -8.407558269999981, 0.0 ], [ 118.047285893000094, -8.407866098999932, 0.0 ], [ 118.04695726500006, -8.408437020999941, 0.0 ], [ 118.045945111000037, -8.40863481699995, 0.0 ], [ 118.045250759000055, -8.407976131999931, 0.0 ], [ 118.044540592000089, -8.407794163999938, 0.0 ], [ 118.043694239000047, -8.40770502099997, 0.0 ], [ 118.043020186000035, -8.407622907999951, 0.0 ], [ 118.040851560000078, -8.407930491999934, 0.0 ], [ 118.040215187000058, -8.407847703999948, 0.0 ], [ 118.039467962000117, -8.407761448999963, 0.0 ], [ 118.038859620000039, -8.407691224999951, 0.0 ], [ 118.038114249000046, -8.407784798999955, 0.0 ], [ 118.037207322000086, -8.407622527999933, 0.0 ], [ 118.036520859, -8.407111154999939, 0.0 ], [ 118.035827174000019, -8.407193924999945, 0.0 ], [ 118.034963075000064, -8.407464081999933, 0.0 ], [ 118.034284165000031, -8.407573679999928, 0.0 ], [ 118.033870997, -8.407640378999929, 0.0 ], [ 118.032710199, -8.407970510999974, 0.0 ], [ 118.031467665000037, -8.407805380999946, 0.0 ], [ 118.030513110000015, -8.407955841999978, 0.0 ], [ 118.030127177000054, -8.407825822999939, 0.0 ], [ 118.028855554000074, -8.407392605999974, 0.0 ], [ 118.028322339000056, -8.407150129999934, 0.0 ], [ 118.02744915300002, -8.406756230999974, 0.0 ], [ 118.026451945000076, -8.40653164899993, 0.0 ], [ 118.025517831000116, -8.406217897999966, 0.0 ], [ 118.024382372000105, -8.405909995999934, 0.0 ], [ 118.023248406000107, -8.405637483999953, 0.0 ], [ 118.022583183000052, -8.405710768999938, 0.0 ], [ 118.02144923600008, -8.40596203299998, 0.0 ], [ 118.020975130000011, -8.405937297999969, 0.0 ], [ 118.019981768000093, -8.40565431999994, 0.0 ], [ 118.019025714, -8.405526969999926, 0.0 ], [ 118.018123499000012, -8.40516919099997, 0.0 ], [ 118.017205472000114, -8.405006248999939, 0.0 ], [ 118.016556911000066, -8.404887265999946, 0.0 ], [ 118.015737837000074, -8.404737000999944, 0.0 ], [ 118.014688701000068, -8.40461290099995, 0.0 ], [ 118.014194731000089, -8.404332489999945, 0.0 ], [ 118.013294866000024, -8.404041210999935, 0.0 ], [ 118.012444246000086, -8.403788891999966, 0.0 ], [ 118.011694446000092, -8.403114435999953, 0.0 ], [ 118.010916054000063, -8.402620977999959, 0.0 ], [ 118.010045728000023, -8.402420263999943, 0.0 ], [ 118.009219014000109, -8.401970308999978, 0.0 ], [ 118.007955496000022, -8.400915638999948, 0.0 ], [ 118.007117365000113, -8.40048001599996, 0.0 ], [ 118.006202879000057, -8.40035390099996, 0.0 ], [ 118.005677351000031, -8.400638022999942, 0.0 ], [ 118.00551968700006, -8.400702900999931, 0.0 ], [ 118.005350385000042, -8.401034154999934, 0.0 ], [ 118.005271189000041, -8.401288990999944, 0.0 ], [ 118.00515340700008, -8.401491886999963, 0.0 ], [ 118.00505691, -8.40178592999996, 0.0 ], [ 118.005240629000014, -8.402006017999952, 0.0 ], [ 118.00538485300001, -8.402276725999968, 0.0 ], [ 118.00509906000002, -8.402314362999959, 0.0 ], [ 118.004335819000062, -8.401800991999949, 0.0 ], [ 118.003365509000105, -8.401423650999959, 0.0 ], [ 118.002670154000043, -8.400977128999955, 0.0 ], [ 118.0017678910001, -8.40050029799994, 0.0 ], [ 117.999951614000111, -8.400757622999947, 0.0 ], [ 117.999355800000103, -8.40035288699994, 0.0 ], [ 117.998639252000089, -8.39953014799994, 0.0 ], [ 117.998357640000108, -8.399404613999934, 0.0 ], [ 117.997764238000059, -8.399140089999946, 0.0 ], [ 117.996171738000044, -8.398906568999962, 0.0 ], [ 117.996139098000071, -8.398901782999928, 0.0 ], [ 117.996029440000029, -8.398885702999962, 0.0 ], [ 117.995996801000047, -8.398880916999929, 0.0 ], [ 117.995976417000065, -8.398877927999933, 0.0 ], [ 117.995904424000059, -8.398867370999938, 0.0 ], [ 117.995082679, -8.39836250899998, 0.0 ], [ 117.994136704000084, -8.398283727999967, 0.0 ], [ 117.992149221000091, -8.398208969999928, 0.0 ], [ 117.99111627800005, -8.39826009199993, 0.0 ], [ 117.990282860000093, -8.398060188999978, 0.0 ], [ 117.989691864000065, -8.39801382099995, 0.0 ], [ 117.988989705000108, -8.398073095999962, 0.0 ], [ 117.988428640000052, -8.397529942999938, 0.0 ], [ 117.987575699000104, -8.397146522999947, 0.0 ], [ 117.986515518000033, -8.397229906999939, 0.0 ], [ 117.985458916000084, -8.397039487999962, 0.0 ], [ 117.984408857000062, -8.396631058999958, 0.0 ], [ 117.983878763, -8.39635184399998, 0.0 ], [ 117.983411870000054, -8.39549846999995, 0.0 ], [ 117.982857, -8.394838964999963, 0.0 ], [ 117.982051096000077, -8.394159429999945, 0.0 ], [ 117.981650060000106, -8.393604424999978, 0.0 ], [ 117.980917057000056, -8.393628299999932, 0.0 ], [ 117.979830780000043, -8.393544331999976, 0.0 ], [ 117.978457383000091, -8.393116908999957, 0.0 ], [ 117.977702039000064, -8.392965530999959, 0.0 ], [ 117.976902163000091, -8.392805227999929, 0.0 ], [ 117.976062736000017, -8.392734492999978, 0.0 ], [ 117.975114422000047, -8.392608657999972, 0.0 ], [ 117.974489775000052, -8.39232196599994, 0.0 ], [ 117.97364686700007, -8.392155593999973, 0.0 ], [ 117.972825139000065, -8.391940924999972, 0.0 ], [ 117.971842035, -8.391801520999934, 0.0 ], [ 117.971132881000017, -8.391561599999932, 0.0 ], [ 117.970571482000082, -8.391605734999928, 0.0 ], [ 117.969749215000093, -8.39104883899995, 0.0 ], [ 117.96886551800003, -8.391430124999943, 0.0 ], [ 117.967913159000091, -8.391631253999947, 0.0 ], [ 117.966920151000068, -8.391621408999981, 0.0 ], [ 117.966054235000115, -8.391393637999954, 0.0 ], [ 117.965211708000083, -8.390952611999978, 0.0 ], [ 117.964412326000115, -8.390462295999953, 0.0 ], [ 117.963705865000065, -8.390332584999953, 0.0 ], [ 117.962896511000054, -8.389910544999964, 0.0 ], [ 117.962064176000013, -8.389756012999953, 0.0 ], [ 117.961279454000078, -8.38965109999998, 0.0 ], [ 117.961145231000046, -8.389633154999956, 0.0 ], [ 117.960995787000115, -8.389692208999975, 0.0 ], [ 117.960689126000034, -8.389813386999947, 0.0 ], [ 117.960720547000051, -8.390432670999928, 0.0 ], [ 117.960906434000094, -8.391106667999964, 0.0 ], [ 117.961222210000074, -8.391520672999945, 0.0 ], [ 117.961291455000037, -8.391869210999971, 0.0 ], [ 117.961304314000017, -8.392488828999944, 0.0 ], [ 117.961318573000085, -8.392899137999962, 0.0 ], [ 117.961093399000106, -8.393471456999976, 0.0 ], [ 117.960960169000032, -8.393942955999933, 0.0 ], [ 117.960700257000099, -8.394464205999952, 0.0 ], [ 117.960471588000019, -8.39507507299993, 0.0 ], [ 117.960463712000092, -8.395487794999951, 0.0 ], [ 117.960217177000118, -8.396043073999977, 0.0 ], [ 117.959846155000037, -8.396588724999958, 0.0 ], [ 117.959612871000104, -8.397018781999975, 0.0 ], [ 117.959157111000081, -8.397512715999937, 0.0 ], [ 117.958777743000041, -8.398526124999933, 0.0 ], [ 117.958436190000043, -8.398920719999978, 0.0 ], [ 117.958078514000022, -8.399295448999965, 0.0 ], [ 117.957781872000055, -8.399671629999943, 0.0 ], [ 117.957649213000082, -8.399890484999958, 0.0 ], [ 117.957422313000052, -8.400264814999957, 0.0 ], [ 117.95726693000006, -8.400956599999972, 0.0 ], [ 117.957018414000117, -8.401633064999942, 0.0 ], [ 117.956652357000053, -8.402206711999952, 0.0 ], [ 117.956321053000011, -8.402764609999963, 0.0 ], [ 117.955920617000061, -8.40330864699996, 0.0 ], [ 117.955423194000105, -8.403818083999965, 0.0 ], [ 117.955045532000099, -8.404647001999933, 0.0 ], [ 117.954017371000077, -8.404156569999941, 0.0 ], [ 117.952969572000029, -8.403775526999937, 0.0 ], [ 117.952410177000047, -8.40357084599998, 0.0 ], [ 117.951630797, -8.403463186999943, 0.0 ], [ 117.950634488000105, -8.403033074999939, 0.0 ], [ 117.949322265000092, -8.402567589999933, 0.0 ], [ 117.948723098000073, -8.40217929399995, 0.0 ], [ 117.947661105000066, -8.401787687999956, 0.0 ], [ 117.946423914000093, -8.401459455999941, 0.0 ], [ 117.945493593000037, -8.401161993999949, 0.0 ], [ 117.944485102000044, -8.400820435999947, 0.0 ], [ 117.94360546300004, -8.400575430999936, 0.0 ], [ 117.94308576100002, -8.400112925999963, 0.0 ], [ 117.942544025000075, -8.399556222999934, 0.0 ], [ 117.941649322000103, -8.39897562699997, 0.0 ], [ 117.940603279000015, -8.398330117999933, 0.0 ], [ 117.939960108000037, -8.397818032999965, 0.0 ], [ 117.939304217000085, -8.397307894999926, 0.0 ], [ 117.938574273000086, -8.396775202999947, 0.0 ], [ 117.938083876000064, -8.396420164999938, 0.0 ], [ 117.937169165000114, -8.395683547999965, 0.0 ], [ 117.936338930000034, -8.394816788999947, 0.0 ], [ 117.935710039000014, -8.394138753999925, 0.0 ], [ 117.934832527000026, -8.393415906999962, 0.0 ], [ 117.934142984000118, -8.392726852999942, 0.0 ], [ 117.933664204000024, -8.392342431999964, 0.0 ], [ 117.933190834000015, -8.391762, 0.0 ], [ 117.93297726000003, -8.391066715999955, 0.0 ], [ 117.932304945000055, -8.389894735999974, 0.0 ], [ 117.931817468000077, -8.38901767599998, 0.0 ], [ 117.931393269000068, -8.388305006999929, 0.0 ], [ 117.93065876300011, -8.387584161999939, 0.0 ], [ 117.930022838000014, -8.38697054499994, 0.0 ], [ 117.929217732000097, -8.386219473999972, 0.0 ], [ 117.929026033000014, -8.385525789999974, 0.0 ], [ 117.928198076000058, -8.38495512999998, 0.0 ], [ 117.927695238000069, -8.384644177999974, 0.0 ], [ 117.927303361000099, -8.383695878999958, 0.0 ], [ 117.926797462000081, -8.382950835999964, 0.0 ], [ 117.926139774000035, -8.382442311999966, 0.0 ], [ 117.925682524000081, -8.381794089999971, 0.0 ], [ 117.925421186000108, -8.381661281999925, 0.0 ], [ 117.924561996000079, -8.38120130599998, 0.0 ], [ 117.923845317000087, -8.380946063999943, 0.0 ], [ 117.923170534000064, -8.380810794999945, 0.0 ], [ 117.922710407000068, -8.38074620499998, 0.0 ], [ 117.922361999000032, -8.380697297999973, 0.0 ], [ 117.921182868000074, -8.380627688999937, 0.0 ], [ 117.92062855100005, -8.380535706999979, 0.0 ], [ 117.920254411000087, -8.380473623999933, 0.0 ], [ 117.919580735000068, -8.380379586999936, 0.0 ], [ 117.91874035, -8.38031226499993, 0.0 ], [ 117.918108271000051, -8.380389652999952, 0.0 ], [ 117.9174105620001, -8.380646784999954, 0.0 ], [ 117.916948323000042, -8.380840130999957, 0.0 ], [ 117.916312037000012, -8.381114699999955, 0.0 ], [ 117.915892232000033, -8.381169469999975, 0.0 ], [ 117.915203628000086, -8.38121650599993, 0.0 ], [ 117.914264565000053, -8.381204364999974, 0.0 ], [ 117.913282980000076, -8.381144548999941, 0.0 ], [ 117.912589285000081, -8.381264469999962, 0.0 ], [ 117.911941957000067, -8.381330786999968, 0.0 ], [ 117.910537585000043, -8.381236024999964, 0.0 ], [ 117.909662026000092, -8.380779209999957, 0.0 ], [ 117.908642189000034, -8.380712948999928, 0.0 ], [ 117.907724804000054, -8.380782167999939, 0.0 ], [ 117.906967868000038, -8.380568318999963, 0.0 ], [ 117.906331990000012, -8.379936118999979, 0.0 ], [ 117.904964690000043, -8.379693792999944, 0.0 ], [ 117.904134002000092, -8.379718894999939, 0.0 ], [ 117.903484841000022, -8.379688744999953, 0.0 ], [ 117.902164633000098, -8.379497555999933, 0.0 ], [ 117.901841851000086, -8.37920623499997, 0.0 ], [ 117.901230055000042, -8.378989871999977, 0.0 ], [ 117.900193441000056, -8.378514036999945, 0.0 ], [ 117.899474994000116, -8.378173826999955, 0.0 ], [ 117.898921905000066, -8.377735622999978, 0.0 ], [ 117.897900739000079, -8.377518314999975, 0.0 ], [ 117.897242214000016, -8.377156464999928, 0.0 ], [ 117.896735048000096, -8.376822732999926, 0.0 ], [ 117.895954957000072, -8.376569408999956, 0.0 ], [ 117.895402591000106, -8.376298128999963, 0.0 ], [ 117.89474941200001, -8.375854094999966, 0.0 ], [ 117.894230038000046, -8.375648508999973, 0.0 ], [ 117.893323982000084, -8.375099452999962, 0.0 ], [ 117.892761420000056, -8.374509668999963, 0.0 ], [ 117.892088558000069, -8.373675076999973, 0.0 ], [ 117.891593060000105, -8.372856561999981, 0.0 ], [ 117.891451091000022, -8.372209615999964, 0.0 ], [ 117.891436028000044, -8.37180428299996, 0.0 ], [ 117.891101029000083, -8.370982573999981, 0.0 ], [ 117.890782779, -8.370109336999974, 0.0 ], [ 117.890383554000096, -8.369478218999973, 0.0 ], [ 117.890222024000082, -8.368855244999963, 0.0 ], [ 117.890194007000105, -8.36817014099995, 0.0 ], [ 117.890112050000084, -8.367037161999974, 0.0 ], [ 117.890083853000078, -8.366273, 0.0 ], [ 117.889604679000058, -8.365009151999971, 0.0 ], [ 117.889444178000076, -8.36424528799995, 0.0 ], [ 117.888965488000053, -8.363192258999959, 0.0 ], [ 117.888566361000017, -8.362218106999933, 0.0 ], [ 117.888167057000032, -8.36116489799997, 0.0 ], [ 117.88750350600003, -8.360270397999955, 0.0 ], [ 117.887183768000114, -8.359296066999946, 0.0 ], [ 117.886864867000099, -8.358690670999977, 0.0 ], [ 117.886412890000088, -8.357742987999927, 0.0 ], [ 117.88598791000004, -8.357032416999971, 0.0 ], [ 117.88511191200007, -8.355795801999932, 0.0 ], [ 117.88423728500004, -8.35516529299997, 0.0 ], [ 117.88344251500007, -8.35474542399993, 0.0 ], [ 117.882885123000051, -8.353982438999935, 0.0 ], [ 117.882698241000071, -8.353244980999932, 0.0 ], [ 117.883141851000119, -8.352631547999977, 0.0 ], [ 117.883570112000029, -8.351788560999978, 0.0 ], [ 117.883864743000117, -8.350886783999954, 0.0 ], [ 117.884278166000058, -8.350043830999937, 0.0 ], [ 117.884627028000068, -8.349184191999939, 0.0 ], [ 117.884632192000026, -8.349171465999973, 0.0 ], [ 117.885119545000066, -8.34822493799993, 0.0 ], [ 117.88557646400011, -8.346938713999975, 0.0 ], [ 117.885842020000041, -8.34630290399997, 0.0 ], [ 117.886238140000046, -8.344366825999941, 0.0 ], [ 117.886473196000111, -8.34336177199998, 0.0 ], [ 117.886707451, -8.342002182999977, 0.0 ], [ 117.886972472000025, -8.341130014999976, 0.0 ], [ 117.887637865000102, -8.340212632999965, 0.0 ], [ 117.888360952000085, -8.338571270999978, 0.0 ], [ 117.888744524000117, -8.337654519999944, 0.0 ], [ 117.889142995000043, -8.336767278999957, 0.0 ], [ 117.889512066000066, -8.33599828399997, 0.0 ], [ 117.889658252000117, -8.335052519999977, 0.0 ], [ 117.889938027000085, -8.334150772999976, 0.0 ], [ 117.890336190000085, -8.333130578999942, 0.0 ], [ 117.890630193000106, -8.331962895999936, 0.0 ], [ 117.891131811000037, -8.330779973999938, 0.0 ], [ 117.891426847000048, -8.330070234999937, 0.0 ], [ 117.891825504000053, -8.329271625999979, 0.0 ], [ 117.892342584000062, -8.328369345999931, 0.0 ], [ 117.892755568000098, -8.327349118999962, 0.0 ], [ 117.893094218000101, -8.326772772999959, 0.0 ], [ 117.89324986400004, -8.326507878999962, 0.0 ], [ 117.893566032000081, -8.325779115999978, 0.0 ], [ 117.893723864000094, -8.325303945999963, 0.0 ], [ 117.893849699000043, -8.324733882999965, 0.0 ], [ 117.89400674, -8.323910514999966, 0.0 ], [ 117.894322544000033, -8.323023478999971, 0.0 ], [ 117.894225477000077, -8.322263991999932, 0.0 ], [ 117.894350376000034, -8.321282422999957, 0.0 ], [ 117.894221672000072, -8.320586315999947, 0.0 ], [ 117.894314431000112, -8.319446546999927, 0.0 ], [ 117.89415322900004, -8.318433966999976, 0.0 ], [ 117.894214279000039, -8.317325924999977, 0.0 ], [ 117.894149068000047, -8.316598019999958, 0.0 ], [ 117.894019145000016, -8.315363789999935, 0.0 ], [ 117.894048918000067, -8.314477396999962, 0.0 ], [ 117.893856227000015, -8.313591506999956, 0.0 ], [ 117.893885856000111, -8.312641805999931, 0.0 ], [ 117.893565828000078, -8.311661237999942, 0.0 ], [ 117.893467906000069, -8.310521896999944, 0.0 ], [ 117.893593453000108, -8.309825216999968, 0.0 ], [ 117.893782417000011, -8.309065085999976, 0.0 ], [ 117.893463250000082, -8.308464367999932, 0.0 ], [ 117.893238784000118, -8.307578546999935, 0.0 ], [ 117.893428104, -8.306976686999974, 0.0 ], [ 117.893331333000106, -8.306343814999934, 0.0 ], [ 117.893170929, -8.305679429999941, 0.0 ], [ 117.893264693000106, -8.304982822999932, 0.0 ], [ 117.893326681000076, -8.304286284999932, 0.0 ], [ 117.8933254640001, -8.303748161999977, 0.0 ], [ 117.892847333000077, -8.303116144999933, 0.0 ], [ 117.892813908000107, -8.302388165999957, 0.0 ], [ 117.892716782000093, -8.301597022999943, 0.0 ], [ 117.892524887000036, -8.301059326999962, 0.0 ], [ 117.892174595000029, -8.300743564999948, 0.0 ], [ 117.891823805000058, -8.300206225999943, 0.0 ], [ 117.891123510000057, -8.29970131999994, 0.0 ], [ 117.89096247100008, -8.298752044999958, 0.0 ], [ 117.890770368000062, -8.298119385999939, 0.0 ], [ 117.890546486000062, -8.29748679599993, 0.0 ], [ 117.890449864000061, -8.296917230999952, 0.0 ], [ 117.89035324300005, -8.296347665999974, 0.0 ], [ 117.890288543000111, -8.295841336999956, 0.0 ], [ 117.889937760000066, -8.295303993999937, 0.0 ], [ 117.889840926000034, -8.294639465999978, 0.0 ], [ 117.889648970000053, -8.294070113999965, 0.0 ], [ 117.889425233000111, -8.29350083199995, 0.0 ], [ 117.889264844000081, -8.292836442999942, 0.0 ], [ 117.889072533000103, -8.292108818999964, 0.0 ], [ 117.888689550000095, -8.291381617999946, 0.0 ], [ 117.888529516000062, -8.290875501999949, 0.0 ], [ 117.888400981000018, -8.290242698999975, 0.0 ], [ 117.888336500000037, -8.289831333999928, 0.0 ], [ 117.888367071000062, -8.289293138999938, 0.0 ], [ 117.888111491000018, -8.288692269999956, 0.0 ], [ 117.888109999000108, -8.288027528999976, 0.0 ], [ 117.888235905000101, -8.287489120999965, 0.0 ], [ 117.888171071000102, -8.286919483999952, 0.0 ], [ 117.887947272000019, -8.286318546999951, 0.0 ], [ 117.887691127000039, -8.285464442999967, 0.0 ], [ 117.888134536000052, -8.28479871199994, 0.0 ], [ 117.888133116000063, -8.284165624999957, 0.0 ], [ 117.888163190000114, -8.283405848999962, 0.0 ], [ 117.888352584000017, -8.282835645999967, 0.0 ], [ 117.888764777, -8.282423219999941, 0.0 ], [ 117.888604182000108, -8.281663867999953, 0.0 ], [ 117.888314986000069, -8.280240056999958, 0.0 ], [ 117.887931662000028, -8.279354581999939, 0.0 ], [ 117.888343215000077, -8.278657266999971, 0.0 ], [ 117.888787113000035, -8.278213114999971, 0.0 ], [ 117.888912876000063, -8.277611399999955, 0.0 ], [ 117.888974444000041, -8.276724934999947, 0.0 ], [ 117.888973237000073, -8.276186810999945, 0.0 ], [ 117.888844637000034, -8.275522351999939, 0.0 ], [ 117.888875208000059, -8.274984156999949, 0.0 ], [ 117.889095736000058, -8.274128992999977, 0.0 ], [ 117.889158156, -8.273622379999949, 0.0 ], [ 117.889950109000097, -8.272512708999955, 0.0 ], [ 117.890297459000067, -8.271530644999928, 0.0 ], [ 117.890709995000066, -8.271276490999981, 0.0 ], [ 117.891312557000106, -8.270737019999956, 0.0 ], [ 117.891660756000078, -8.270134807999966, 0.0 ], [ 117.892420206000111, -8.268708659999959, 0.0 ], [ 117.892577954000103, -8.268201833999967, 0.0 ], [ 117.89260816500007, -8.267505367999945, 0.0 ], [ 117.892797581000082, -8.266950991999977, 0.0 ], [ 117.892795942000021, -8.266222940999967, 0.0 ], [ 117.893110862000071, -8.266065207999929, 0.0 ], [ 117.893367286000057, -8.265936773999954, 0.0 ], [ 117.893390407000084, -8.265274814999941, 0.0 ], [ 117.893397140000047, -8.265082035999967, 0.0 ], [ 117.893465092000042, -8.265063647999966, 0.0 ], [ 117.894222840000111, -8.26485860899993, 0.0 ], [ 117.894475414000112, -8.264129990999947, 0.0 ], [ 117.894696853000028, -8.263686332999953, 0.0 ], [ 117.895012837000081, -8.262894262999964, 0.0 ], [ 117.895074321000038, -8.261976143999959, 0.0 ], [ 117.895199572000024, -8.261152846999948, 0.0 ], [ 117.895228924000094, -8.260076528999946, 0.0 ], [ 117.895354459000032, -8.25937984799998, 0.0 ], [ 117.89538423800002, -8.258493453999961, 0.0 ], [ 117.89541401800011, -8.257607061999977, 0.0 ], [ 117.89541216300006, -8.256784047999929, 0.0 ], [ 117.895696365000049, -8.255992048999929, 0.0 ], [ 117.895916942000099, -8.255168537999964, 0.0 ], [ 117.896233204000055, -8.254503086999932, 0.0 ], [ 117.896707631000027, -8.253520734999938, 0.0 ], [ 117.897088369000016, -8.253266646999975, 0.0 ], [ 117.89755423400004, -8.252449417999969, 0.0 ], [ 117.897862250000117, -8.252106943999934, 0.0 ], [ 117.898101644, -8.25176462099995, 0.0 ], [ 117.89865028600002, -8.25162667799998, 0.0 ], [ 117.899129227000117, -8.251010389999976, 0.0 ], [ 117.899195837000093, -8.250121598999954, 0.0 ], [ 117.899228755000081, -8.249506309999958, 0.0 ], [ 117.899227365000115, -8.24889109999998, 0.0 ], [ 117.899497664000023, -8.247044852999977, 0.0 ], [ 117.89994252300005, -8.246531176999952, 0.0 ], [ 117.900592459000109, -8.245675252999945, 0.0 ], [ 117.901584476000039, -8.244374240999946, 0.0 ], [ 117.901892092000026, -8.243860869999935, 0.0 ], [ 117.902336093000031, -8.242971229999966, 0.0 ], [ 117.902677395000069, -8.242184356999928, 0.0 ], [ 117.902607695000029, -8.241706014999977, 0.0 ], [ 117.902880226000093, -8.240850937999937, 0.0 ], [ 117.903049984000063, -8.240064450999967, 0.0 ], [ 117.903701457000011, -8.239892091999934, 0.0 ], [ 117.903871679000076, -8.239310672999977, 0.0 ], [ 117.904142810000053, -8.237840386999949, 0.0 ], [ 117.904277715000035, -8.236814727999956, 0.0 ], [ 117.904481081000085, -8.235720557999969, 0.0 ], [ 117.904891458000066, -8.235138597999935, 0.0 ], [ 117.905267912000113, -8.234727605999979, 0.0 ], [ 117.905644290000055, -8.23428243799998, 0.0 ], [ 117.906054896000114, -8.233803012999942, 0.0 ], [ 117.906395800000041, -8.232845244999965, 0.0 ], [ 117.906531009000105, -8.231956298999933, 0.0 ], [ 117.906494914000064, -8.231170273999965, 0.0 ], [ 117.906458819000022, -8.230384250999975, 0.0 ], [ 117.906835503000025, -8.230075793999958, 0.0 ], [ 117.907143181000038, -8.229596598999933, 0.0 ], [ 117.907519162000085, -8.228980537999973, 0.0 ], [ 117.907723452000027, -8.228296506999925, 0.0 ], [ 117.907927117000099, -8.227339048999966, 0.0 ], [ 117.908405627000093, -8.226551861999951, 0.0 ], [ 117.908712835000074, -8.225867596999933, 0.0 ], [ 117.91004995500009, -8.225488608999967, 0.0 ], [ 117.9111482510001, -8.225691191999942, 0.0 ], [ 117.915057845000092, -8.225067098999943, 0.0 ], [ 117.915639182000064, -8.224245492999955, 0.0 ], [ 117.915981309000017, -8.223834572999976, 0.0 ], [ 117.916907360000096, -8.223729925999976, 0.0 ], [ 117.917935856000099, -8.223419972999977, 0.0 ], [ 117.918656222000095, -8.223384149999958, 0.0 ], [ 117.92050792100008, -8.223003951999942, 0.0 ], [ 117.92095138600007, -8.221909228999948, 0.0 ], [ 117.921874351000042, -8.220471621999934, 0.0 ], [ 117.922692493000113, -8.218213972999934, 0.0 ], [ 117.922916280000095, -8.21778876299993, 0.0 ], [ 117.923683028000028, -8.216331889999935, 0.0 ], [ 117.924231057000043, -8.215954669999974, 0.0 ], [ 117.925018594000107, -8.21530347099997, 0.0 ], [ 117.925875692000091, -8.215062251999939, 0.0 ], [ 117.92717828800005, -8.21461493399994, 0.0 ], [ 117.927589008000041, -8.214203847999954, 0.0 ], [ 117.928582848000019, -8.213757237999971, 0.0 ], [ 117.929334636000021, -8.212490904999981, 0.0 ], [ 117.930364048000115, -8.212591062999934, 0.0 ], [ 117.932181695000054, -8.212347609999938, 0.0 ], [ 117.933039338000071, -8.212345622999976, 0.0 ], [ 117.934068750000051, -8.212445769999931, 0.0 ], [ 117.938801572000102, -8.211853730999962, 0.0 ], [ 117.939794264000057, -8.210928602999957, 0.0 ], [ 117.940822062000052, -8.210345172999951, 0.0 ], [ 117.940959365000026, -8.210379030999945, 0.0 ], [ 117.941918630000032, -8.209829935999949, 0.0 ], [ 117.94318639700009, -8.209177582999928, 0.0 ], [ 117.945002482000064, -8.208284693999929, 0.0 ], [ 117.946167484000057, -8.207700928999941, 0.0 ], [ 117.94750392900005, -8.207082580999952, 0.0 ], [ 117.948154106000061, -8.206397487999936, 0.0 ], [ 117.950072509000051, -8.205265089999955, 0.0 ], [ 117.950139577000073, -8.204615546999946, 0.0 ], [ 117.951132874000109, -8.203963817999977, 0.0 ], [ 117.951716056, -8.203962440999931, 0.0 ], [ 117.953427957000031, -8.20255709199995, 0.0 ], [ 117.954695272000095, -8.201733818999969, 0.0 ], [ 117.955549377000011, -8.200262136999982, 0.0 ], [ 117.956404294000095, -8.199132232999943, 0.0 ], [ 117.957910331000107, -8.197727356999962, 0.0 ], [ 117.958868395000081, -8.19669973799995, 0.0 ], [ 117.960787948000075, -8.196079964999967, 0.0 ], [ 117.961266401000103, -8.195326906999981, 0.0 ], [ 117.962052929000038, -8.194299690999969, 0.0 ], [ 117.963663402000066, -8.193543931999955, 0.0 ], [ 117.964347586000031, -8.192756201999941, 0.0 ], [ 117.965750577000108, -8.191317370999968, 0.0 ], [ 117.966640988000108, -8.190700034999963, 0.0 ], [ 117.967669597000054, -8.190492501999927, 0.0 ], [ 117.968457918000013, -8.190217187999963, 0.0 ], [ 117.970069022000075, -8.189734826999938, 0.0 ], [ 117.971234592000087, -8.189424422999934, 0.0 ], [ 117.972811303000071, -8.188907956999969, 0.0 ], [ 117.973461987000064, -8.188462074999961, 0.0 ], [ 117.975175652000075, -8.187842736999926, 0.0 ], [ 117.976580335000108, -8.187121604999959, 0.0 ], [ 117.978635017000101, -8.185681158999955, 0.0 ], [ 117.980005799000082, -8.185130988999958, 0.0 ], [ 117.980860781000047, -8.184069398999952, 0.0 ], [ 117.98200904600003, -8.183707740999978, 0.0 ], [ 117.983721335000041, -8.182541527999945, 0.0 ], [ 117.984267997000075, -8.181651572999954, 0.0 ], [ 117.984574707000093, -8.180830556999979, 0.0 ], [ 117.986391479000076, -8.180313458999933, 0.0 ], [ 117.987076265000042, -8.179799118999938, 0.0 ], [ 117.987898513000118, -8.179386975999932, 0.0 ], [ 117.989268837000054, -8.17866589199997, 0.0 ], [ 117.989266646000033, -8.177777273999936, 0.0 ], [ 117.989230239000108, -8.176922917999946, 0.0 ], [ 117.990084502000059, -8.175587892999943, 0.0 ], [ 117.991008463000071, -8.174697005999974, 0.0 ], [ 117.991451180000013, -8.173397165999972, 0.0 ], [ 117.991276972000037, -8.172303902999943, 0.0 ], [ 117.991034583000101, -8.171381697999948, 0.0 ], [ 117.991100319000111, -8.170219491999944, 0.0 ], [ 117.991440633000025, -8.169124967999949, 0.0 ], [ 117.991472742000042, -8.168236266999941, 0.0 ], [ 117.99140228400006, -8.167484526999942, 0.0 ], [ 117.991398742000115, -8.166049068999939, 0.0 ], [ 117.991637332000096, -8.16543328399996, 0.0 ], [ 117.991325589000098, -8.164203646999965, 0.0 ], [ 117.991597720000073, -8.163280179999958, 0.0 ], [ 117.991800070000068, -8.161878394999974, 0.0 ], [ 117.991693459000089, -8.160374831999945, 0.0 ], [ 117.991896564000058, -8.159280644999967, 0.0 ], [ 117.992031239000084, -8.15825498199996, 0.0 ], [ 117.992063854000094, -8.157571345999941, 0.0 ], [ 117.992405678000068, -8.157092018999947, 0.0 ], [ 117.992848378000076, -8.155792177999956, 0.0 ], [ 117.993121009000106, -8.155073776999927, 0.0 ], [ 117.993770940000104, -8.154354449999971, 0.0 ], [ 117.993803384000103, -8.153602458999956, 0.0 ], [ 117.993767733000027, -8.153055701999961, 0.0 ], [ 117.993971172000101, -8.152098223999928, 0.0 ], [ 117.994620591000057, -8.151173831999927, 0.0 ], [ 117.995029908000106, -8.150250027999959, 0.0 ], [ 117.995370373000014, -8.14922385899996, 0.0 ], [ 117.995976417000065, -8.14844829599997, 0.0 ], [ 117.995985823000069, -8.148436258999936, 0.0 ], [ 117.995996801000047, -8.148418257999936, 0.0 ], [ 117.996029440000029, -8.148364742999945, 0.0 ], [ 117.996139098000071, -8.148184947999937, 0.0 ], [ 117.996171738000044, -8.148131430999968, 0.0 ], [ 117.996361597000032, -8.14782013599995, 0.0 ], [ 117.996599156000116, -8.146794218999958, 0.0 ], [ 117.996171738000044, -8.145975760999931, 0.0 ], [ 117.996139098000071, -8.145913259999929, 0.0 ], [ 117.996082214000012, -8.145804331999955, 0.0 ], [ 117.996029440000029, -8.145587576999958, 0.0 ], [ 117.995996801000047, -8.145453520999979, 0.0 ], [ 117.995976417000065, -8.14536979899998, 0.0 ], [ 117.995874305000029, -8.144950398999981, 0.0 ], [ 117.995976417000065, -8.144745640999929, 0.0 ], [ 117.995996801000047, -8.144704765999961, 0.0 ], [ 117.996029440000029, -8.144639316999928, 0.0 ], [ 117.996139099000061, -8.144419426999946, 0.0 ], [ 117.996171739000033, -8.144353978999959, 0.0 ], [ 117.996249740000053, -8.144197565999946, 0.0 ], [ 117.996934202000034, -8.143580684999961, 0.0 ], [ 117.997275418000072, -8.142862113999968, 0.0 ], [ 117.997650171000032, -8.141835858999968, 0.0 ], [ 117.998357640000108, -8.141580104999946, 0.0 ], [ 117.998506884000108, -8.141526151999926, 0.0 ], [ 117.998883243000023, -8.14114927199995, 0.0 ], [ 117.999498759000062, -8.140395845999933, 0.0 ], [ 118.000250877000099, -8.139402837999967, 0.0 ], [ 118.000695489, -8.138889075999941, 0.0 ], [ 118.000693539000054, -8.138102993999951, 0.0 ], [ 118.001000360000035, -8.137350326999979, 0.0 ], [ 118.001650081000093, -8.13656263699994, 0.0 ], [ 118.00140702300007, -8.135367015999975, 0.0 ], [ 118.001782185000025, -8.134511647999943, 0.0 ], [ 118.001985344000104, -8.133451635999961, 0.0 ], [ 118.001606025000115, -8.132632305999948, 0.0 ], [ 118.001946124000028, -8.131469423999931, 0.0 ], [ 118.002355578000106, -8.130613970999946, 0.0 ], [ 118.002799500000037, -8.129826787999946, 0.0 ], [ 118.003517293000073, -8.128833862999954, 0.0 ], [ 118.003377980000096, -8.127979760999949, 0.0 ], [ 118.003477984000028, -8.126817470999981, 0.0 ], [ 118.003647095000019, -8.12586007699997, 0.0 ], [ 118.003987607000113, -8.124868083999957, 0.0 ], [ 118.004020037000032, -8.12411609399993, 0.0 ], [ 118.003983105000088, -8.12305667499993, 0.0 ], [ 118.00384430400004, -8.12240763899996, 0.0 ], [ 118.004459021000116, -8.121346612999957, 0.0 ], [ 118.00507433100006, -8.120524828999976, 0.0 ], [ 118.005074064000041, -8.120417381999971, 0.0 ], [ 118.005072122000115, -8.119636211999932, 0.0 ], [ 118.005069233000086, -8.11847417599995, 0.0 ], [ 118.005113985000094, -8.117803326999933, 0.0 ], [ 118.00512647000005, -8.117616175999956, 0.0 ], [ 118.005135363000022, -8.11748285799996, 0.0 ], [ 118.005167450000044, -8.116594156999952, 0.0 ], [ 118.005816964000019, -8.115738110999928, 0.0 ], [ 118.006807175000063, -8.114713518999963, 0.0 ], [ 118.007014259000016, -8.114499244999934, 0.0 ], [ 118.00718224700006, -8.114325423999958, 0.0 ], [ 118.007938486000057, -8.11354292599998, 0.0 ], [ 118.009285042000101, -8.113951742999973, 0.0 ], [ 118.009766268000021, -8.114295827999968, 0.0 ], [ 118.010193535000099, -8.114325423999958, 0.0 ] ] ] ] } },
{ "type": "Feature","id":17, "properties": { "OBJECTID_1": 554, "OBJECTID": 554, "NAMA_KWS": "TN Moyo Satonda", "NOREGKK": "100243055", "NUPT": "Balai KSDA Nusa Tenggara Barat", "NPULAU": "Bali Nusra", "NPROV": "Nusa Tenggara Barat", "FGSKWS": "TN", "LUAS_HA": 34861.17, "SUMBERDATA": "Peta Penetapan Kawasan Hutan periode Juli 2024", "KETERANGAN": "SK Kawasan", "PROYEKSI": "World Cylindrical Equal Area", "Area": 34861.168333299996, "Perimeter": 145.49624568, "UGrid": 5 }, "geometry": { "type": "MultiPolygon", "coordinates": [ [ [ [ 117.572835455000018, -8.15446329599996, 0.0 ], [ 117.573965690000023, -8.15455252199996, 0.0 ], [ 117.575327525000034, -8.154470870999944, 0.0 ], [ 117.576218847000064, -8.154500442999961, 0.0 ], [ 117.577158306000115, -8.154833775999975, 0.0 ], [ 117.578045287, -8.154829070999938, 0.0 ], [ 117.578781755000023, -8.155691419999926, 0.0 ], [ 117.579191220000098, -8.156522637999956, 0.0 ], [ 117.579358434000028, -8.157640527999945, 0.0 ], [ 117.579426610000041, -8.158393175999947, 0.0 ], [ 117.580201557, -8.158152116999929, 0.0 ], [ 117.581003890000034, -8.158405789999961, 0.0 ], [ 117.5819380370001, -8.158704675999957, 0.0 ], [ 117.582894923000026, -8.15916313799994, 0.0 ], [ 117.583877580000035, -8.159399857999972, 0.0 ], [ 117.584424514000034, -8.160129491999953, 0.0 ], [ 117.585470663000024, -8.160611468999946, 0.0 ], [ 117.586333972000034, -8.160440792999964, 0.0 ], [ 117.587718541000072, -8.160578199999975, 0.0 ], [ 117.588640540000029, -8.16040596299996, 0.0 ], [ 117.58948469500001, -8.160340141999939, 0.0 ], [ 117.590257908000012, -8.160061385999938, 0.0 ], [ 117.591001482000024, -8.159823435999954, 0.0 ], [ 117.592387121000115, -8.160358737999957, 0.0 ], [ 117.593190976000074, -8.160360296999954, 0.0 ], [ 117.594036133000031, -8.160228934999964, 0.0 ], [ 117.594951021000043, -8.160115976999975, 0.0 ], [ 117.595938611000065, -8.159860769999966, 0.0 ], [ 117.596818545000019, -8.159605459999966, 0.0 ], [ 117.59768684900007, -8.159257579999974, 0.0 ], [ 117.598425934000034, -8.158950783999956, 0.0 ], [ 117.599506238000117, -8.158740732999945, 0.0 ], [ 117.60029987900009, -8.158479718999956, 0.0 ], [ 117.601429071000098, -8.158105329999955, 0.0 ], [ 117.602265800000055, -8.157797906999974, 0.0 ], [ 117.60327070400001, -8.157359335999956, 0.0 ], [ 117.603956797000023, -8.157644660999949, 0.0 ], [ 117.604563978000101, -8.158084649999978, 0.0 ], [ 117.604966955, -8.158591427999966, 0.0 ], [ 117.605644255000016, -8.159308496999927, 0.0 ], [ 117.606257613000025, -8.15983152299998, 0.0 ], [ 117.607184644000085, -8.160130200999959, 0.0 ], [ 117.608082162000073, -8.160373532999927, 0.0 ], [ 117.609169939000026, -8.160646586999974, 0.0 ], [ 117.610156391000032, -8.160765367999943, 0.0 ], [ 117.610911875000056, -8.161004379999952, 0.0 ], [ 117.611940944000025, -8.161431813999968, 0.0 ], [ 117.612849336000068, -8.162015664999956, 0.0 ], [ 117.613665755000056, -8.162235172999942, 0.0 ], [ 117.61458071900006, -8.162912820999964, 0.0 ], [ 117.615467117000094, -8.163196366999955, 0.0 ], [ 117.616572638000093, -8.163072407999948, 0.0 ], [ 117.617554830000017, -8.162765475999947, 0.0 ], [ 117.618440976000102, -8.162705946999949, 0.0 ], [ 117.61937866300002, -8.161629434999952, 0.0 ], [ 117.620189758000038, -8.161398105999979, 0.0 ], [ 117.621199939, -8.161148910999941, 0.0 ], [ 117.621885207000105, -8.160992750999981, 0.0 ], [ 117.622759139000095, -8.160771980999925, 0.0 ], [ 117.623425766000082, -8.160623331999943, 0.0 ], [ 117.62423608000006, -8.160836581999945, 0.0 ], [ 117.625194068000042, -8.16097287499997, 0.0 ], [ 117.625997054000095, -8.161163782999949, 0.0 ], [ 117.627098913000054, -8.16160109599997, 0.0 ], [ 117.628168508000044, -8.161453582999968, 0.0 ], [ 117.629038378000018, -8.161119001999964, 0.0 ], [ 117.629943239000113, -8.160533874999942, 0.0 ], [ 117.630710266000051, -8.160112592999951, 0.0 ], [ 117.631513322000046, -8.159785412999952, 0.0 ], [ 117.632299182000111, -8.159920350999926, 0.0 ], [ 117.632828524000047, -8.160288292999951, 0.0 ], [ 117.633596593000107, -8.160300888999927, 0.0 ], [ 117.634394403000101, -8.16031348599995, 0.0 ], [ 117.635566027000095, -8.160287068999935, 0.0 ], [ 117.636476668000114, -8.160180654999976, 0.0 ], [ 117.637138123000113, -8.160299846999976, 0.0 ], [ 117.63805539000009, -8.160469439999929, 0.0 ], [ 117.639000948000103, -8.160660310999958, 0.0 ], [ 117.640048208000053, -8.160641661999932, 0.0 ], [ 117.64070378200006, -8.160925431999942, 0.0 ], [ 117.641500554000118, -8.161158500999932, 0.0 ], [ 117.642488437000111, -8.161180657999978, 0.0 ], [ 117.643481008000094, -8.160837466999965, 0.0 ], [ 117.644119086000046, -8.160443445999931, 0.0 ], [ 117.644904650000058, -8.160271284999965, 0.0 ], [ 117.645748921000063, -8.160008312999935, 0.0 ], [ 117.646727378000037, -8.160141978999945, 0.0 ], [ 117.646737813000072, -8.160143404999928, 0.0 ], [ 117.648152414000037, -8.159874052999953, 0.0 ], [ 117.64822734400002, -8.159828523999977, 0.0 ], [ 117.649184377000097, -8.159247021999931, 0.0 ], [ 117.650045491000014, -8.158764710999947, 0.0 ], [ 117.65037193, -8.158368311999936, 0.0 ], [ 117.651098156000103, -8.15754663599995, 0.0 ], [ 117.651728978000051, -8.157147553999948, 0.0 ], [ 117.652365984000085, -8.157842783999968, 0.0 ], [ 117.653044710000017, -8.158439189999967, 0.0 ], [ 117.653699289000087, -8.159026433999941, 0.0 ], [ 117.654532249000113, -8.159417926999936, 0.0 ], [ 117.655514891000053, -8.159720380999943, 0.0 ], [ 117.65642468100009, -8.159892533999937, 0.0 ], [ 117.657181509000111, -8.159922541999947, 0.0 ], [ 117.657943436000096, -8.159875620999969, 0.0 ], [ 117.658379428000103, -8.159888209999963, 0.0 ], [ 117.658925149000083, -8.159903967999981, 0.0 ], [ 117.659995083000013, -8.159492201999967, 0.0 ], [ 117.660828897000101, -8.159545650999974, 0.0 ], [ 117.661651547000019, -8.159366103999957, 0.0 ], [ 117.662655430000086, -8.159320229999935, 0.0 ], [ 117.663389045000031, -8.159020317999932, 0.0 ], [ 117.664274188000036, -8.158758621999937, 0.0 ], [ 117.665125652000029, -8.15860239899996, 0.0 ], [ 117.665928717000043, -8.158661882999979, 0.0 ], [ 117.666256082000018, -8.158615519999955, 0.0 ], [ 117.666647802000057, -8.158560041999976, 0.0 ], [ 117.667127970000024, -8.15862376299998, 0.0 ], [ 117.667451913000036, -8.158666751999931, 0.0 ], [ 117.667497709000031, -8.158657593999976, 0.0 ], [ 117.668381294000028, -8.158480902999941, 0.0 ], [ 117.669409861000076, -8.158565218999968, 0.0 ], [ 117.670297101000074, -8.158873865999965, 0.0 ], [ 117.671112527000105, -8.159039947999929, 0.0 ], [ 117.67204054900003, -8.159064892999936, 0.0 ], [ 117.672945442000014, -8.159282839999946, 0.0 ], [ 117.673564994000117, -8.159680719999926, 0.0 ], [ 117.674052972000027, -8.160128338999925, 0.0 ], [ 117.67453006900007, -8.160626549999961, 0.0 ], [ 117.675124655000104, -8.160967571999947, 0.0 ], [ 117.675970063000022, -8.161245006999934, 0.0 ], [ 117.676231413000096, -8.161841224999932, 0.0 ], [ 117.676709201000108, -8.162323737999941, 0.0 ], [ 117.677284867000026, -8.162827663999963, 0.0 ], [ 117.67769617700003, -8.163618435999979, 0.0 ], [ 117.677917631000014, -8.164392036999971, 0.0 ], [ 117.677999491000037, -8.164616907999971, 0.0 ], [ 117.678136912000014, -8.16499440299998, 0.0 ], [ 117.678364667000096, -8.165832364999972, 0.0 ], [ 117.678816917000063, -8.166314522999926, 0.0 ], [ 117.67978134000009, -8.166407273999937, 0.0 ], [ 117.680560444000093, -8.166522844999974, 0.0 ], [ 117.68118529000003, -8.166425993999951, 0.0 ], [ 117.682090107000022, -8.166418452999949, 0.0 ], [ 117.682917830000065, -8.166443363999974, 0.0 ], [ 117.683060226000066, -8.166336318999981, 0.0 ], [ 117.683456054000089, -8.166038760999982, 0.0 ], [ 117.683748264000087, -8.166367204999972, 0.0 ], [ 117.68485423900006, -8.167610317999959, 0.0 ], [ 117.685129950000032, -8.167973093999933, 0.0 ], [ 117.685396757000035, -8.168324155999926, 0.0 ], [ 117.685600600000043, -8.168621764999955, 0.0 ], [ 117.685753628000043, -8.168845185999942, 0.0 ], [ 117.685914253000078, -8.16907970099993, 0.0 ], [ 117.686116859000094, -8.169362998999929, 0.0 ], [ 117.686211649000029, -8.169530058999953, 0.0 ], [ 117.686610282000061, -8.170237242999974, 0.0 ], [ 117.687096268000118, -8.171007379999935, 0.0 ], [ 117.687098085000116, -8.171010259999946, 0.0 ], [ 117.687144556000021, -8.171104190999927, 0.0 ], [ 117.687278371000048, -8.171374671999956, 0.0 ], [ 117.687486959000012, -8.171883561999948, 0.0 ], [ 117.687487217000012, -8.171884191999936, 0.0 ], [ 117.687683537000112, -8.172363149999967, 0.0 ], [ 117.687804177000089, -8.172572135999928, 0.0 ], [ 117.687879692000024, -8.172702948999927, 0.0 ], [ 117.687911495000094, -8.172758039999962, 0.0 ], [ 117.688161886000103, -8.173217405999935, 0.0 ], [ 117.688294486000018, -8.173605050999981, 0.0 ], [ 117.688316671000052, -8.173669910999934, 0.0 ], [ 117.688393802000064, -8.173937687999967, 0.0 ], [ 117.688431389000016, -8.174068188999968, 0.0 ], [ 117.688533609000046, -8.174423081999976, 0.0 ], [ 117.688604483000063, -8.174669139999935, 0.0 ], [ 117.6886754840001, -8.174915641999974, 0.0 ], [ 117.688722054000095, -8.175112901999967, 0.0 ], [ 117.688723106000111, -8.175117393999926, 0.0 ], [ 117.688723202, -8.175117721999925, 0.0 ], [ 117.688783575000116, -8.175318129999937, 0.0 ], [ 117.688822452000068, -8.175447217999931, 0.0 ], [ 117.688972248000027, -8.175803114999951, 0.0 ], [ 117.689140161000068, -8.176281978999953, 0.0 ], [ 117.689178894000065, -8.176378906999958, 0.0 ], [ 117.689245935000031, -8.17654667599993, 0.0 ], [ 117.689246176000097, -8.176547276999941, 0.0 ], [ 117.689644795000049, -8.177544810999962, 0.0 ], [ 117.689713255000015, -8.177716130999954, 0.0 ], [ 117.689857757000027, -8.178035891999968, 0.0 ], [ 117.68986657500011, -8.178096263999976, 0.0 ], [ 117.689886509000075, -8.17823274899996, 0.0 ], [ 117.68988751400002, -8.179057075999935, 0.0 ], [ 117.689810369000043, -8.179357291999963, 0.0 ], [ 117.689734978000047, -8.179644586999927, 0.0 ], [ 117.689734894000026, -8.179644909999979, 0.0 ], [ 117.689705464000099, -8.179757060999975, 0.0 ], [ 117.689661076000107, -8.180129032999957, 0.0 ], [ 117.689693232000081, -8.180253781999966, 0.0 ], [ 117.689718581000079, -8.180352109999944, 0.0 ], [ 117.689787111000101, -8.180448759999933, 0.0 ], [ 117.689846510000052, -8.180532536999976, 0.0 ], [ 117.689904118000072, -8.180613785999981, 0.0 ], [ 117.689919388000021, -8.180652125999927, 0.0 ], [ 117.689954838000062, -8.180741153999975, 0.0 ], [ 117.689925582000114, -8.180872957999952, 0.0 ], [ 117.68992224200008, -8.180886345999966, 0.0 ], [ 117.6899124360001, -8.180925692999949, 0.0 ], [ 117.689856395000106, -8.180963410999937, 0.0 ], [ 117.689818162000051, -8.180989139999951, 0.0 ], [ 117.689596588000086, -8.181095506999952, 0.0 ], [ 117.689047387000073, -8.181359150999981, 0.0 ], [ 117.688636404000022, -8.181613963999951, 0.0 ], [ 117.688470050000092, -8.181769065999958, 0.0 ], [ 117.688469766000026, -8.181769331999931, 0.0 ], [ 117.688469308000094, -8.181769758999963, 0.0 ], [ 117.688225405000026, -8.181997165999974, 0.0 ], [ 117.688079117000029, -8.182261872999959, 0.0 ], [ 117.68798037900001, -8.18244053799998, 0.0 ], [ 117.68788173400003, -8.182619034999959, 0.0 ], [ 117.687848235000047, -8.182668925999963, 0.0 ], [ 117.6877396860001, -8.182830595999974, 0.0 ], [ 117.687643458000025, -8.18297390999993, 0.0 ], [ 117.687420099000065, -8.183423785999935, 0.0 ], [ 117.687158693000015, -8.183950302999961, 0.0 ], [ 117.687011375000111, -8.18424701999993, 0.0 ], [ 117.686963700000092, -8.184368688999939, 0.0 ], [ 117.686793150000085, -8.184803919999979, 0.0 ], [ 117.686773602000017, -8.184853798999939, 0.0 ], [ 117.68660421300001, -8.185111479999932, 0.0 ], [ 117.686497357, -8.185274030999949, 0.0 ], [ 117.68606382400003, -8.185933535999936, 0.0 ], [ 117.685846551000054, -8.186138357999937, 0.0 ], [ 117.685812573000021, -8.186170390999962, 0.0 ], [ 117.685775899000078, -8.186204964999945, 0.0 ], [ 117.685417598000072, -8.186567150999963, 0.0 ], [ 117.685201685000038, -8.186784754999962, 0.0 ], [ 117.684983142000078, -8.187005007999971, 0.0 ], [ 117.684878151000021, -8.187088523999932, 0.0 ], [ 117.684629677000089, -8.18728617499994, 0.0 ], [ 117.684527426000045, -8.187391332999937, 0.0 ], [ 117.684416823000106, -8.187505084999941, 0.0 ], [ 117.684145048000119, -8.187784590999968, 0.0 ], [ 117.684079661000055, -8.187848946999964, 0.0 ], [ 117.68392256300001, -8.188003583999944, 0.0 ], [ 117.683922328000108, -8.188003813999956, 0.0 ], [ 117.683767636000084, -8.188156079999942, 0.0 ], [ 117.683664897000085, -8.188243580999938, 0.0 ], [ 117.683658836000063, -8.188248213999941, 0.0 ], [ 117.683583973000054, -8.188305473999947, 0.0 ], [ 117.683411278000108, -8.188415865999957, 0.0 ], [ 117.683398842000088, -8.188423815999954, 0.0 ], [ 117.683111072000088, -8.18859783299996, 0.0 ], [ 117.682692752000094, -8.188919034999969, 0.0 ], [ 117.682555110000067, -8.189012082999966, 0.0 ], [ 117.682539834000067, -8.18902240999995, 0.0 ], [ 117.682290563000038, -8.189190920999977, 0.0 ], [ 117.682138998000028, -8.189312615999938, 0.0 ], [ 117.681726956000034, -8.189643453999963, 0.0 ], [ 117.681690115000038, -8.189673033999952, 0.0 ], [ 117.681403558000056, -8.189903117999961, 0.0 ], [ 117.680907605000016, -8.19023700799994, 0.0 ], [ 117.680760253000017, -8.190325684999948, 0.0 ], [ 117.680725122000013, -8.190346827999974, 0.0 ], [ 117.680686969000021, -8.190369788999931, 0.0 ], [ 117.68016998500002, -8.190707131999943, 0.0 ], [ 117.679962071000091, -8.190842800999974, 0.0 ], [ 117.679953201000103, -8.19084597899996, 0.0 ], [ 117.679952797000055, -8.190846119999946, 0.0 ], [ 117.679922494000039, -8.190856955999948, 0.0 ], [ 117.679718229000059, -8.190963841999974, 0.0 ], [ 117.679437390000089, -8.191110798999944, 0.0 ], [ 117.679200215000037, -8.19122564099996, 0.0 ], [ 117.678561347000027, -8.191534988999933, 0.0 ], [ 117.678561081000112, -8.191535116999944, 0.0 ], [ 117.678560725000011, -8.191535288999944, 0.0 ], [ 117.678281296000023, -8.191670592999969, 0.0 ], [ 117.678198376000068, -8.191710741999941, 0.0 ], [ 117.677996934000021, -8.191788616999929, 0.0 ], [ 117.67794390600011, -8.191809116999934, 0.0 ], [ 117.677550564000057, -8.191961176999939, 0.0 ], [ 117.677051479000056, -8.192154113999948, 0.0 ], [ 117.677051005000067, -8.192153859999962, 0.0 ], [ 117.677001544000063, -8.192127332999974, 0.0 ], [ 117.676029999000093, -8.191600421999965, 0.0 ], [ 117.675215988000105, -8.191409073999978, 0.0 ], [ 117.674168690000101, -8.191214141999978, 0.0 ], [ 117.673250860000053, -8.191208994999954, 0.0 ], [ 117.672327506000101, -8.191101206999974, 0.0 ], [ 117.671265321000078, -8.191019961999928, 0.0 ], [ 117.670337079000092, -8.190716787999975, 0.0 ], [ 117.669266431000096, -8.190603666999948, 0.0 ], [ 117.668278760000021, -8.190511621999974, 0.0 ], [ 117.667413160000024, -8.190452189999974, 0.0 ], [ 117.66677745800007, -8.190482611999926, 0.0 ], [ 117.665944649000039, -8.19078004499994, 0.0 ], [ 117.664967070000102, -8.190993288999948, 0.0 ], [ 117.663907902, -8.191602496999963, 0.0 ], [ 117.663089462000016, -8.192127272999926, 0.0 ], [ 117.662361376000035, -8.192657531999942, 0.0 ], [ 117.661686340000074, -8.193173488999946, 0.0 ], [ 117.660928713000089, -8.19352882499993, 0.0 ], [ 117.66024457900005, -8.193772012999943, 0.0 ], [ 117.659219059000065, -8.194242785999961, 0.0 ], [ 117.658360575000074, -8.194737737999958, 0.0 ], [ 117.657543298000064, -8.195143781999946, 0.0 ], [ 117.657001880000053, -8.195571692999977, 0.0 ], [ 117.656819239000015, -8.195906543999968, 0.0 ], [ 117.656719789000022, -8.196907252999949, 0.0 ], [ 117.65611075400011, -8.197664974999952, 0.0 ], [ 117.655351520000067, -8.198285926999972, 0.0 ], [ 117.654677807000098, -8.198870389999968, 0.0 ], [ 117.654191655000091, -8.199311217999934, 0.0 ], [ 117.653388627000027, -8.199990071999935, 0.0 ], [ 117.652956851000113, -8.200663565999946, 0.0 ], [ 117.652515803000028, -8.201419476999945, 0.0 ], [ 117.65198582700009, -8.202094859999931, 0.0 ], [ 117.651420545000065, -8.202859407999938, 0.0 ], [ 117.651063907000093, -8.203804245999947, 0.0 ], [ 117.650701679, -8.204420036999977, 0.0 ], [ 117.650463694000109, -8.205020144999935, 0.0 ], [ 117.650022814000067, -8.20583727199994, 0.0 ], [ 117.649755165000101, -8.206635098999925, 0.0 ], [ 117.649927821, -8.206939041999931, 0.0 ], [ 117.650106976000075, -8.207254425999963, 0.0 ], [ 117.650537796000094, -8.208071392999955, 0.0 ], [ 117.650671063000118, -8.209201517999929, 0.0 ], [ 117.650538263000044, -8.209312365999949, 0.0 ], [ 117.650438270000109, -8.20939479499998, 0.0 ], [ 117.650435022000011, -8.209397472999967, 0.0 ], [ 117.649873606000028, -8.209695113999942, 0.0 ], [ 117.649445784000022, -8.209921925999936, 0.0 ], [ 117.648957660000065, -8.210185550999938, 0.0 ], [ 117.648885957000061, -8.210224024999945, 0.0 ], [ 117.648714280000036, -8.210316152999951, 0.0 ], [ 117.648520209000026, -8.210420295999938, 0.0 ], [ 117.648451891000036, -8.21047107399994, 0.0 ], [ 117.648413816000016, -8.210522809999929, 0.0 ], [ 117.648200508000059, -8.210793230999968, 0.0 ], [ 117.647917353000025, -8.211078824999959, 0.0 ], [ 117.647661568000103, -8.211403188999952, 0.0 ], [ 117.647544611000058, -8.211551501999963, 0.0 ], [ 117.64754437900001, -8.211551797999959, 0.0 ], [ 117.647309157000109, -8.21185008499998, 0.0 ], [ 117.647279345000015, -8.211939757999971, 0.0 ], [ 117.647029883000073, -8.212196486999972, 0.0 ], [ 117.646824623000043, -8.212408464999953, 0.0 ], [ 117.646789609000052, -8.212404792999962, 0.0 ], [ 117.645954506000066, -8.212317212999949, 0.0 ], [ 117.645139634000088, -8.212111255999957, 0.0 ], [ 117.644016853000039, -8.212043186999949, 0.0 ], [ 117.643330438000021, -8.212119208999979, 0.0 ], [ 117.642638577000071, -8.212288348999948, 0.0 ], [ 117.641655386000025, -8.212524400999939, 0.0 ], [ 117.641628373000117, -8.212530886999957, 0.0 ], [ 117.64082239600009, -8.212675392999927, 0.0 ], [ 117.639778589000116, -8.21316109299994, 0.0 ], [ 117.639087404000065, -8.213554823999971, 0.0 ], [ 117.638148159000025, -8.214145593999945, 0.0 ], [ 117.637457061000077, -8.214505222999946, 0.0 ], [ 117.636517727000069, -8.215100349999943, 0.0 ], [ 117.635663528, -8.215702397999962, 0.0 ], [ 117.63529148900011, -8.216009472999929, 0.0 ], [ 117.634697768000024, -8.216499518999967, 0.0 ], [ 117.633720424000103, -8.216647835999936, 0.0 ], [ 117.633687560000112, -8.216652822999947, 0.0 ], [ 117.632731824000075, -8.21704905799993, 0.0 ], [ 117.631685792000098, -8.217028547999973, 0.0 ], [ 117.630963642000097, -8.217141219999974, 0.0 ], [ 117.630304136000063, -8.217765786999962, 0.0 ], [ 117.629470971000046, -8.218407820999971, 0.0 ], [ 117.629186523000044, -8.219142275999957, 0.0 ], [ 117.629117563000023, -8.219248651999976, 0.0 ], [ 117.628790596000044, -8.219753018999938, 0.0 ], [ 117.627818174000026, -8.219817589999934, 0.0 ], [ 117.627473217000102, -8.219752756999981, 0.0 ], [ 117.627053955000065, -8.219673958999977, 0.0 ], [ 117.626433267000039, -8.219565274999979, 0.0 ], [ 117.625714355000014, -8.219703468999967, 0.0 ], [ 117.625016425000013, -8.219907755999941, 0.0 ], [ 117.624866017000045, -8.219951780999963, 0.0 ], [ 117.624196100000063, -8.220026874999974, 0.0 ], [ 117.62329331, -8.220142232999933, 0.0 ], [ 117.622886924000113, -8.220205909999947, 0.0 ], [ 117.622692105000056, -8.220236435999936, 0.0 ], [ 117.621819289000086, -8.22017163199996, 0.0 ], [ 117.620946398000115, -8.219819875999974, 0.0 ], [ 117.620008794000114, -8.219954457999961, 0.0 ], [ 117.61925498800008, -8.220390047999956, 0.0 ], [ 117.618861796000033, -8.220540202999928, 0.0 ], [ 117.617011375000061, -8.220247746999974, 0.0 ], [ 117.616490329000044, -8.220718284999975, 0.0 ], [ 117.615408971000079, -8.221265774999949, 0.0 ], [ 117.614749281000059, -8.221619118999968, 0.0 ], [ 117.614103965000027, -8.222051097999952, 0.0 ], [ 117.61320648100002, -8.222740396999939, 0.0 ], [ 117.612819479000109, -8.222841295999956, 0.0 ], [ 117.612442153000075, -8.222939672999928, 0.0 ], [ 117.611578300000019, -8.22301990099993, 0.0 ], [ 117.6111014600001, -8.222978032999947, 0.0 ], [ 117.610621329000082, -8.222935875999951, 0.0 ], [ 117.609932123000021, -8.222662908999951, 0.0 ], [ 117.609742176000054, -8.222191959999975, 0.0 ], [ 117.609439707000092, -8.221670563999965, 0.0 ], [ 117.608661122000058, -8.221983684999941, 0.0 ], [ 117.608150266000052, -8.222559252999929, 0.0 ], [ 117.607678225000086, -8.223204640999938, 0.0 ], [ 117.606826007000109, -8.223675367999931, 0.0 ], [ 117.606181843000059, -8.224167058999967, 0.0 ], [ 117.606052129000091, -8.224646284999949, 0.0 ], [ 117.605824483000106, -8.225598142999957, 0.0 ], [ 117.606022203000066, -8.226367855999968, 0.0 ], [ 117.605927902000076, -8.227071174999935, 0.0 ], [ 117.605224215000021, -8.227568107999957, 0.0 ], [ 117.604708024000047, -8.228140100999951, 0.0 ], [ 117.603585859000077, -8.228010278999932, 0.0 ], [ 117.602624928000068, -8.227445306999925, 0.0 ], [ 117.60195387400006, -8.227817620999929, 0.0 ], [ 117.601177519000089, -8.228715299999976, 0.0 ], [ 117.600438227000041, -8.229521106999925, 0.0 ], [ 117.599502004000101, -8.230278819999967, 0.0 ], [ 117.598605397000028, -8.230822830999955, 0.0 ], [ 117.597779600000081, -8.231028327999979, 0.0 ], [ 117.596627995000063, -8.230696961999968, 0.0 ], [ 117.595650481, -8.23057541999998, 0.0 ], [ 117.594547230000103, -8.230562488999965, 0.0 ], [ 117.593705852000085, -8.230289331999927, 0.0 ], [ 117.592670190000035, -8.230147926999962, 0.0 ], [ 117.592152005000116, -8.230847501999961, 0.0 ], [ 117.591844534000074, -8.23166477999996, 0.0 ], [ 117.591061036000042, -8.233023301999935, 0.0 ], [ 117.590482053000073, -8.23382307299994, 0.0 ], [ 117.589781313000117, -8.235148137999943, 0.0 ], [ 117.588692547000051, -8.237158784999963, 0.0 ], [ 117.588076064, -8.238487349999957, 0.0 ], [ 117.58697556300001, -8.239736566999966, 0.0 ], [ 117.585934549000058, -8.240450404999933, 0.0 ], [ 117.585190968, -8.241015526999945, 0.0 ], [ 117.5830256590001, -8.242157668999937, 0.0 ], [ 117.582787711000037, -8.242841763999934, 0.0 ], [ 117.582817456000043, -8.243615087999956, 0.0 ], [ 117.582490279000012, -8.244001749999939, 0.0 ], [ 117.582222591000118, -8.244626358999938, 0.0 ], [ 117.58186567100006, -8.245013021999966, 0.0 ], [ 117.581479008000088, -8.245459171999926, 0.0 ], [ 117.58144926500006, -8.246262238999975, 0.0 ], [ 117.581360036000092, -8.247065306999957, 0.0 ], [ 117.581300549000048, -8.247600685999942, 0.0 ], [ 117.581211320000079, -8.248225293999951, 0.0 ], [ 117.581092346000105, -8.249206820999973, 0.0 ], [ 117.58112209, -8.250128862999929, 0.0 ], [ 117.58103286000005, -8.250693983999952, 0.0 ], [ 117.58112209, -8.251110389999951, 0.0 ], [ 117.581122089000019, -8.251705254999933, 0.0 ], [ 117.581300548000058, -8.252329863999933, 0.0 ], [ 117.581419521000043, -8.252984215999959, 0.0 ], [ 117.581806184000015, -8.253608823999969, 0.0 ], [ 117.582282078000048, -8.254292919999955, 0.0 ], [ 117.582817455000054, -8.254947271999981, 0.0 ], [ 117.583233862000043, -8.25545290599996, 0.0 ], [ 117.58350155100004, -8.255988284999944, 0.0 ], [ 117.583888212000033, -8.256553406999956, 0.0 ], [ 117.584274875, -8.256999555999926, 0.0 ], [ 117.584750768000049, -8.257624164999982, 0.0 ], [ 117.585018456000057, -8.258129799999949, 0.0 ], [ 117.585375375000012, -8.258962611999948, 0.0 ], [ 117.585613322000086, -8.25955747699993, 0.0 ], [ 117.585970241000041, -8.260152341999969, 0.0 ], [ 117.586208187000011, -8.260895923999954, 0.0 ], [ 117.58680305200005, -8.261312328999963, 0.0 ], [ 117.587159972000109, -8.262026166999931, 0.0 ], [ 117.587159971, -8.262769749999961, 0.0 ], [ 117.587249202000066, -8.263602560999971, 0.0 ], [ 117.587011256000096, -8.26467331799995, 0.0 ], [ 117.586594850000097, -8.265625101999944, 0.0 ], [ 117.586237930000038, -8.266130737999958, 0.0 ], [ 117.585881011000083, -8.266606630999945, 0.0 ], [ 117.585256403000017, -8.267023035999955, 0.0 ], [ 117.58457230700003, -8.26752867099998, 0.0 ], [ 117.583828726000093, -8.268242509999936, 0.0 ], [ 117.583144631000096, -8.268867117999946, 0.0 ], [ 117.582668739000042, -8.269194293999931, 0.0 ], [ 117.582192847000101, -8.26958095599997, 0.0 ], [ 117.5816277240001, -8.270056847999967, 0.0 ], [ 117.580973373, -8.270354281999971, 0.0 ], [ 117.579902616000027, -8.270830172999979, 0.0 ], [ 117.579426723000097, -8.271514268999965, 0.0 ], [ 117.578831859000047, -8.272019903999933, 0.0 ], [ 117.578474940000092, -8.272436308999943, 0.0 ], [ 117.57790981800008, -8.272852714999942, 0.0 ], [ 117.577344695000079, -8.273328606999939, 0.0 ], [ 117.576660601000071, -8.274012701999936, 0.0 ], [ 117.576154965000114, -8.274637310999935, 0.0 ], [ 117.575917018000041, -8.275291662999962, 0.0 ], [ 117.575946762000058, -8.276035243999956, 0.0 ], [ 117.576006248000112, -8.27698702899994, 0.0 ], [ 117.57627393700011, -8.277700866999965, 0.0 ], [ 117.575976505000085, -8.277968555999962, 0.0 ], [ 117.575827789000073, -8.278503935999936, 0.0 ], [ 117.575887275000014, -8.279158286999973, 0.0 ], [ 117.576065734000053, -8.27984238199997, 0.0 ], [ 117.576404, -8.280728, 0.0 ], [ 117.576568808000047, -8.281090272999961, 0.0 ], [ 117.576786026000036, -8.281524797999964, 0.0 ], [ 117.576916, -8.28201, 0.0 ], [ 117.577289001000054, -8.282406, 0.0 ], [ 117.577400926000109, -8.282450831999938, 0.0 ], [ 117.578018, -8.282698, 0.0 ], [ 117.578292, -8.283313, 0.0 ], [ 117.578276, -8.284414, 0.0 ], [ 117.578263723000077, -8.284528062999925, 0.0 ], [ 117.578197, -8.285148, 0.0 ], [ 117.578332337, -8.285400740999933, 0.0 ], [ 117.578407, -8.285874, 0.0 ], [ 117.578445195000086, -8.286475129999928, 0.0 ], [ 117.578482, -8.287008, 0.0 ], [ 117.578387, -8.287781, 0.0 ], [ 117.578212001000111, -8.288801, 0.0 ], [ 117.577821, -8.28963, 0.0 ], [ 117.577502001000084, -8.290176, 0.0 ], [ 117.576974001000053, -8.291007, 0.0 ], [ 117.576996001000111, -8.291514, 0.0 ], [ 117.576983, -8.292071, 0.0 ], [ 117.576846, -8.292659, 0.0 ], [ 117.576582, -8.29369, 0.0 ], [ 117.576311001000022, -8.295045, 0.0 ], [ 117.575986, -8.296282, 0.0 ], [ 117.575949, -8.29706, 0.0 ], [ 117.575827788000083, -8.298937556999931, 0.0 ], [ 117.575574001000064, -8.29972, 0.0 ], [ 117.575381640000046, -8.300276003999954, 0.0 ], [ 117.575465001000111, -8.30073, 0.0 ], [ 117.575332000000117, -8.301505, 0.0 ], [ 117.57517400100005, -8.302244, 0.0 ], [ 117.575144334000015, -8.302753080999935, 0.0 ], [ 117.575124001000063, -8.303102, 0.0 ], [ 117.575048595000112, -8.303265566999926, 0.0 ], [ 117.574858, -8.303679, 0.0 ], [ 117.574800156000038, -8.304345723999973, 0.0 ], [ 117.574763, -8.304774, 0.0 ], [ 117.574542001000054, -8.305662, 0.0 ], [ 117.574747001000105, -8.306518, 0.0 ], [ 117.574695, -8.307548, 0.0 ], [ 117.574973000000114, -8.30838, 0.0 ], [ 117.575173767000024, -8.30965013399998, 0.0 ], [ 117.575395001000061, -8.310548, 0.0 ], [ 117.575728222000066, -8.311134054999968, 0.0 ], [ 117.575151, -8.312073, 0.0 ], [ 117.574483451000106, -8.312707606999936, 0.0 ], [ 117.574462, -8.312728, 0.0 ], [ 117.574311, -8.313722, 0.0 ], [ 117.574325419000047, -8.313767196999947, 0.0 ], [ 117.574348652000026, -8.31384001899994, 0.0 ], [ 117.574362842000028, -8.313884677999965, 0.0 ], [ 117.574477457000057, -8.313679547999925, 0.0 ], [ 117.574477652000041, -8.313679197999932, 0.0 ], [ 117.574531762000106, -8.31358221499994, 0.0 ], [ 117.574662618000048, -8.313408984999967, 0.0 ], [ 117.57516681900006, -8.312741513999981, 0.0 ], [ 117.575195138000026, -8.31270402399997, 0.0 ], [ 117.57526555600009, -8.312656639999943, 0.0 ], [ 117.575281206000113, -8.312646108999957, 0.0 ], [ 117.575577376000069, -8.312446815999976, 0.0 ], [ 117.575883459000011, -8.312174909999953, 0.0 ], [ 117.575976200000014, -8.31204577799997, 0.0 ], [ 117.57600839600002, -8.312000945999955, 0.0 ], [ 117.576041592000024, -8.311954725999954, 0.0 ], [ 117.576113303000056, -8.311884409999948, 0.0 ], [ 117.576371628000061, -8.311631108999961, 0.0 ], [ 117.576452269000015, -8.311604762999934, 0.0 ], [ 117.576501576000055, -8.311588652999944, 0.0 ], [ 117.576658554, -8.311537364999936, 0.0 ], [ 117.576868525, -8.311439213999961, 0.0 ], [ 117.577012533000016, -8.311371898999937, 0.0 ], [ 117.57711731400002, -8.311296570999957, 0.0 ], [ 117.577215548000027, -8.311225949999937, 0.0 ], [ 117.577227884000081, -8.311189290999948, 0.0 ], [ 117.577272906000076, -8.311055496999927, 0.0 ], [ 117.577325444000053, -8.310899376999942, 0.0 ], [ 117.577761441, -8.310716985999932, 0.0 ], [ 117.578468298000075, -8.310421285999951, 0.0 ], [ 117.578574048000064, -8.310377047999964, 0.0 ], [ 117.578764458000023, -8.310133951999944, 0.0 ], [ 117.578793975000053, -8.309937203999937, 0.0 ], [ 117.578804517000094, -8.309866936999981, 0.0 ], [ 117.578954767000027, -8.309353400999953, 0.0 ], [ 117.579108574000088, -8.308827704999942, 0.0 ], [ 117.579194669000117, -8.308318175999943, 0.0 ], [ 117.579200901000036, -8.30828140899996, 0.0 ], [ 117.579264574000035, -8.308152921999977, 0.0 ], [ 117.579338063000023, -8.308004623999977, 0.0 ], [ 117.579340545000036, -8.307995682999945, 0.0 ], [ 117.579420995000078, -8.307705948999967, 0.0 ], [ 117.579474711000103, -8.307470162999948, 0.0 ], [ 117.57951226800003, -8.307398381999974, 0.0 ], [ 117.579543528000045, -8.306960531999948, 0.0 ], [ 117.579627496000057, -8.306665728999974, 0.0 ], [ 117.579817369000011, -8.30615217299993, 0.0 ], [ 117.579986299000097, -8.305677209999942, 0.0 ], [ 117.580060929000069, -8.305449751999959, 0.0 ], [ 117.580183475000013, -8.305247645999941, 0.0 ], [ 117.580313816000057, -8.305141219999939, 0.0 ], [ 117.580490075000057, -8.304959135999979, 0.0 ], [ 117.580497383000079, -8.304812719999973, 0.0 ], [ 117.580503820000104, -8.304744745999926, 0.0 ], [ 117.580529649000027, -8.304471993999925, 0.0 ], [ 117.580581280000047, -8.304243055999962, 0.0 ], [ 117.580626203000065, -8.304043865999972, 0.0 ], [ 117.580695597000044, -8.303898501999981, 0.0 ], [ 117.58078932300009, -8.303702166999926, 0.0 ], [ 117.580872290000116, -8.303613090999932, 0.0 ], [ 117.580908864000094, -8.303573824999944, 0.0 ], [ 117.580968793000011, -8.303490083999975, 0.0 ], [ 117.581032889000085, -8.303400519999968, 0.0 ], [ 117.581200810000041, -8.302910908999934, 0.0 ], [ 117.581281551000075, -8.302704006999932, 0.0 ], [ 117.581351107000046, -8.302525767999953, 0.0 ], [ 117.581846067000015, -8.301385418999928, 0.0 ], [ 117.581998241000065, -8.300820878999957, 0.0 ], [ 117.582047250000073, -8.300639061999959, 0.0 ], [ 117.582049592000089, -8.300562467999953, 0.0 ], [ 117.582053053000095, -8.300449168999933, 0.0 ], [ 117.582084326000086, -8.300335932999928, 0.0 ], [ 117.582144862000064, -8.300058671999977, 0.0 ], [ 117.582124797, -8.299790537999968, 0.0 ], [ 117.582100952000019, -8.299471898999968, 0.0 ], [ 117.582088619000046, -8.299265030999948, 0.0 ], [ 117.582084308000049, -8.299192710999932, 0.0 ], [ 117.582097669000063, -8.298996795999926, 0.0 ], [ 117.582115600000066, -8.298733873999936, 0.0 ], [ 117.582108770000104, -8.298562039999979, 0.0 ], [ 117.582111614000041, -8.29843869299998, 0.0 ], [ 117.582114106000063, -8.298330642999929, 0.0 ], [ 117.582174205000115, -8.298111616999961, 0.0 ], [ 117.582199556000091, -8.298019224999962, 0.0 ], [ 117.582841900000062, -8.296080437999933, 0.0 ], [ 117.58289865200004, -8.295943364999971, 0.0 ], [ 117.582998585000041, -8.29570199799997, 0.0 ], [ 117.583023027000081, -8.295601905999945, 0.0 ], [ 117.583234827000069, -8.29498637599994, 0.0 ], [ 117.583282231000112, -8.294860940999968, 0.0 ], [ 117.583313015000044, -8.294727061999936, 0.0 ], [ 117.583412063000083, -8.294387898999958, 0.0 ], [ 117.583640521, -8.293832404999932, 0.0 ], [ 117.583678573000043, -8.293433507999964, 0.0 ], [ 117.583678603000067, -8.293433191999952, 0.0 ], [ 117.58369472600009, -8.293264180999927, 0.0 ], [ 117.583686905000036, -8.292966920999959, 0.0 ], [ 117.583734285000105, -8.292573962999938, 0.0 ], [ 117.583855917000051, -8.292066386999977, 0.0 ], [ 117.583929984000065, -8.291757300999961, 0.0 ], [ 117.58395264100011, -8.291678563999938, 0.0 ], [ 117.58397788100001, -8.291590848999931, 0.0 ], [ 117.58417651100001, -8.290963131999945, 0.0 ], [ 117.584325917000115, -8.290490975999944, 0.0 ], [ 117.584273144, -8.290222079999978, 0.0 ], [ 117.58422826900005, -8.289901878999956, 0.0 ], [ 117.584288793000042, -8.289608984999973, 0.0 ], [ 117.58440350300009, -8.289298009999925, 0.0 ], [ 117.584448886000018, -8.289191628999959, 0.0 ], [ 117.584714899, -8.288785010999959, 0.0 ], [ 117.584799865000036, -8.288713736999966, 0.0 ], [ 117.584833475000096, -8.288661870999931, 0.0 ], [ 117.584878015000072, -8.288593138999943, 0.0 ], [ 117.584854735000022, -8.288478964999968, 0.0 ], [ 117.584848807000071, -8.288441331999934, 0.0 ], [ 117.584822282000118, -8.288272948999975, 0.0 ], [ 117.584838112000057, -8.288093719999949, 0.0 ], [ 117.584855569000069, -8.287896057999944, 0.0 ], [ 117.584954732000028, -8.287708853999959, 0.0 ], [ 117.584998544000086, -8.287626141999965, 0.0 ], [ 117.585277190000056, -8.287010801999941, 0.0 ], [ 117.585277367000117, -8.287010408999947, 0.0 ], [ 117.585464726000055, -8.28659665999993, 0.0 ], [ 117.585489717000087, -8.28651526799996, 0.0 ], [ 117.585607719000109, -8.286130957999944, 0.0 ], [ 117.585658451000086, -8.285917951999977, 0.0 ], [ 117.58570247800003, -8.285733094999955, 0.0 ], [ 117.585737626000082, -8.284968449999951, 0.0 ], [ 117.585753705000116, -8.284618664999925, 0.0 ], [ 117.585707303000049, -8.284374106999962, 0.0 ], [ 117.585609193000096, -8.284224258999927, 0.0 ], [ 117.585532053000065, -8.284091967999927, 0.0 ], [ 117.585561823000035, -8.283957252999926, 0.0 ], [ 117.585660906000044, -8.283564258999945, 0.0 ], [ 117.585650115000021, -8.283387975999972, 0.0 ], [ 117.58564148500011, -8.28324700099995, 0.0 ], [ 117.58590850500002, -8.282296088999942, 0.0 ], [ 117.586005921000037, -8.282094146999952, 0.0 ], [ 117.586111482000092, -8.281875319999926, 0.0 ], [ 117.586212065000041, -8.281674208999959, 0.0 ], [ 117.586308569000039, -8.281510727999944, 0.0 ], [ 117.586308741000039, -8.281510435999962, 0.0 ], [ 117.586308896000105, -8.281510171999969, 0.0 ], [ 117.586502528000096, -8.281182150999939, 0.0 ], [ 117.586739809000051, -8.280697929999974, 0.0 ], [ 117.587949991000073, -8.279261704999954, 0.0 ], [ 117.588081016000046, -8.279106205999938, 0.0 ], [ 117.58821445500007, -8.278943388999949, 0.0 ], [ 117.588214957000105, -8.278942774999962, 0.0 ], [ 117.588215314000081, -8.278942340999947, 0.0 ], [ 117.588418220000108, -8.27869476199993, 0.0 ], [ 117.588455599000099, -8.278649152999947, 0.0 ], [ 117.588739242000088, -8.278374339999971, 0.0 ], [ 117.588873338000099, -8.278229772999964, 0.0 ], [ 117.588965192000046, -8.278130744999942, 0.0 ], [ 117.589136618000111, -8.277977433999979, 0.0 ], [ 117.589246831000082, -8.277878867999959, 0.0 ], [ 117.589493173000051, -8.277705240999978, 0.0 ], [ 117.589535360000013, -8.277675506999969, 0.0 ], [ 117.589761393000117, -8.277516194999976, 0.0 ], [ 117.589974350000034, -8.277368501999945, 0.0 ], [ 117.590041551000013, -8.277321894999943, 0.0 ], [ 117.590764956000044, -8.276960199999962, 0.0 ], [ 117.590917201000025, -8.276902720999942, 0.0 ], [ 117.590924580000092, -8.276900466999962, 0.0 ], [ 117.591098892000105, -8.276847226999962, 0.0 ], [ 117.591139359000067, -8.276834866999934, 0.0 ], [ 117.59119406700006, -8.27681815699998, 0.0 ], [ 117.591387325000028, -8.276628381999956, 0.0 ], [ 117.591543553000065, -8.276474969999981, 0.0 ], [ 117.591696864000028, -8.27627920599997, 0.0 ], [ 117.591780386000096, -8.276261525999928, 0.0 ], [ 117.591812046000086, -8.276254824999967, 0.0 ], [ 117.591958052000109, -8.276255786999968, 0.0 ], [ 117.592079086000012, -8.276130819999935, 0.0 ], [ 117.592138826000109, -8.27608480799995, 0.0 ], [ 117.592139316000043, -8.27608442899998, 0.0 ], [ 117.592285062000087, -8.275972173999946, 0.0 ], [ 117.592667467000069, -8.275778389999971, 0.0 ], [ 117.592668309000032, -8.275777962999939, 0.0 ], [ 117.592933309000045, -8.275643674999969, 0.0 ], [ 117.592963998000073, -8.275628878999953, 0.0 ], [ 117.592964588000086, -8.275628590999929, 0.0 ], [ 117.593054879000078, -8.275585061999948, 0.0 ], [ 117.593142530000023, -8.275531383999976, 0.0 ], [ 117.593232607000118, -8.275476222999941, 0.0 ], [ 117.593234012000039, -8.275476, 0.0 ], [ 117.593405831000041, -8.275448880999932, 0.0 ], [ 117.593679584000029, -8.275242996999964, 0.0 ], [ 117.593703102000063, -8.275225309999939, 0.0 ], [ 117.594016508000095, -8.275011037999946, 0.0 ], [ 117.594027175000065, -8.274990571999979, 0.0 ], [ 117.594047581000041, -8.274951418999933, 0.0 ], [ 117.594103094000047, -8.274844909999956, 0.0 ], [ 117.594209855000031, -8.274689812999952, 0.0 ], [ 117.594345557000111, -8.274564860999931, 0.0 ], [ 117.594468104000043, -8.274461855999959, 0.0 ], [ 117.594643574000088, -8.274314745999959, 0.0 ], [ 117.594643812000072, -8.274314545999971, 0.0 ], [ 117.594763861000047, -8.27421389999995, 0.0 ], [ 117.595450191000054, -8.273839954999971, 0.0 ], [ 117.596152141000061, -8.273587109999937, 0.0 ], [ 117.596530236000035, -8.273401726999964, 0.0 ], [ 117.597238318000109, -8.273054549999927, 0.0 ], [ 117.597399280000104, -8.272937344999946, 0.0 ], [ 117.597532600000022, -8.272840267999925, 0.0 ], [ 117.597776646000057, -8.272697210999979, 0.0 ], [ 117.598104386000045, -8.272508228999925, 0.0 ], [ 117.598104681000109, -8.272508057999971, 0.0 ], [ 117.598205797000105, -8.272449751999943, 0.0 ], [ 117.598339987000031, -8.272347282999931, 0.0 ], [ 117.598480098000095, -8.272240292999982, 0.0 ], [ 117.598629417000097, -8.272154073999957, 0.0 ], [ 117.598885780000046, -8.27200604899997, 0.0 ], [ 117.599586686000066, -8.271650462999958, 0.0 ], [ 117.599624807000055, -8.271631123999953, 0.0 ], [ 117.599799543000017, -8.271529106999935, 0.0 ], [ 117.599925811000048, -8.271454674999973, 0.0 ], [ 117.599969798000075, -8.27142874599997, 0.0 ], [ 117.600091021000026, -8.271357287999933, 0.0 ], [ 117.600155839000081, -8.271332189999953, 0.0 ], [ 117.600272548000021, -8.271287, 0.0 ], [ 117.600371172000109, -8.271175200999949, 0.0 ], [ 117.600463302000094, -8.271047888999931, 0.0 ], [ 117.600478797000051, -8.271026477999953, 0.0 ], [ 117.600518146000013, -8.270972102999963, 0.0 ], [ 117.600603051, -8.270911222999928, 0.0 ], [ 117.600714821000111, -8.270831077999958, 0.0 ], [ 117.601012085000093, -8.270602094999958, 0.0 ], [ 117.601626510000074, -8.270021861999965, 0.0 ], [ 117.601776572000063, -8.269880150999938, 0.0 ], [ 117.601967996000099, -8.269738139999959, 0.0 ], [ 117.602139915000066, -8.269610598999975, 0.0 ], [ 117.602237398000057, -8.269538279999949, 0.0 ], [ 117.602483105000033, -8.26935599899997, 0.0 ], [ 117.60248286500007, -8.269356693999953, 0.0 ], [ 117.602454418000093, -8.269439060999957, 0.0 ], [ 117.587426671000117, -8.312951435999935, 0.0 ], [ 117.587417719000086, -8.31297735499993, 0.0 ], [ 117.578169216000106, -8.33975610799996, 0.0 ], [ 117.532139801000085, -8.397866922999981, 0.0 ], [ 117.530996556000105, -8.397489681999957, 0.0 ], [ 117.441072507000058, -8.36781711499998, 0.0 ], [ 117.465077721000057, -8.298468531999958, 0.0 ], [ 117.465119255000104, -8.29834853899996, 0.0 ], [ 117.479186961000096, -8.257708387999969, 0.0 ], [ 117.479223282000021, -8.25773920599994, 0.0 ], [ 117.479436875000033, -8.257921101999955, 0.0 ], [ 117.479682317000083, -8.258089376999976, 0.0 ], [ 117.479682593, -8.258089564999977, 0.0 ], [ 117.479760120000037, -8.258142716999942, 0.0 ], [ 117.479821088000108, -8.258183172999964, 0.0 ], [ 117.479821353000034, -8.258183349999968, 0.0 ], [ 117.479903184000023, -8.258237651999934, 0.0 ], [ 117.479903597000089, -8.258237925999936, 0.0 ], [ 117.479992172000038, -8.25827303799997, 0.0 ], [ 117.480210194000051, -8.258359463999966, 0.0 ], [ 117.480881718000091, -8.258593529999928, 0.0 ], [ 117.480882087000055, -8.258593658999928, 0.0 ], [ 117.481109296000113, -8.258672854999929, 0.0 ], [ 117.481187269000088, -8.258706117999964, 0.0 ], [ 117.481187643000112, -8.258706276999931, 0.0 ], [ 117.48143884600006, -8.258813445999976, 0.0 ], [ 117.48214810200011, -8.258993051999937, 0.0 ], [ 117.482148577000089, -8.258992865999971, 0.0 ], [ 117.482174356000087, -8.258982777999961, 0.0 ], [ 117.482282766000026, -8.258940343999939, 0.0 ], [ 117.482474601000035, -8.258942310999942, 0.0 ], [ 117.482718194000086, -8.259067744999982, 0.0 ], [ 117.482860775000063, -8.259133897999959, 0.0 ], [ 117.483003366000048, -8.259200055999941, 0.0 ], [ 117.483323804000065, -8.259299607999935, 0.0 ], [ 117.483405529000038, -8.259324998999944, 0.0 ], [ 117.483718420000059, -8.259593003999953, 0.0 ], [ 117.483814013000028, -8.259688578999942, 0.0 ], [ 117.483932732000085, -8.259807275999947, 0.0 ], [ 117.484253961000036, -8.260117775999959, 0.0 ], [ 117.484587501000078, -8.260387461999926, 0.0 ], [ 117.484587934000047, -8.260387812999966, 0.0 ], [ 117.484756241000014, -8.260523898999963, 0.0 ], [ 117.484854844000097, -8.260718657999973, 0.0 ], [ 117.484910752000019, -8.260871157999929, 0.0 ], [ 117.484910848000027, -8.26087141499994, 0.0 ], [ 117.484978873000045, -8.261056961999941, 0.0 ], [ 117.484948616000111, -8.261138954999979, 0.0 ], [ 117.484902717000068, -8.261235608999925, 0.0 ], [ 117.484918220000054, -8.261293499999965, 0.0 ], [ 117.484930953000116, -8.261341063999964, 0.0 ], [ 117.485001311000019, -8.261353732999964, 0.0 ], [ 117.485063312000079, -8.26129906999995, 0.0 ], [ 117.485177534000059, -8.261212654999952, 0.0 ], [ 117.485405081000067, -8.261182986999927, 0.0 ], [ 117.485473302000059, -8.261174091999976, 0.0 ], [ 117.486082489000069, -8.261165317999939, 0.0 ], [ 117.486425650000115, -8.261049156999945, 0.0 ], [ 117.486708779000082, -8.260920263999935, 0.0 ], [ 117.486945866000042, -8.26074701999994, 0.0 ], [ 117.487076887000057, -8.260651281999969, 0.0 ], [ 117.48738981200006, -8.260240790999944, 0.0 ], [ 117.487562687000036, -8.260143110999934, 0.0 ], [ 117.487562964000062, -8.260142952999956, 0.0 ], [ 117.487563516000023, -8.260142640999959, 0.0 ], [ 117.488046355000051, -8.259947900999975, 0.0 ], [ 117.488769272000013, -8.259827835999943, 0.0 ], [ 117.489412361000063, -8.25982044899996, 0.0 ], [ 117.489415928000085, -8.25982040699995, 0.0 ], [ 117.489539040000068, -8.259818993999943, 0.0 ], [ 117.489930123000022, -8.259787288999973, 0.0 ], [ 117.490200572000049, -8.259836315999962, 0.0 ], [ 117.490293706000102, -8.259853198999963, 0.0 ], [ 117.490489870000033, -8.259889722999958, 0.0 ], [ 117.49125054600006, -8.260031357999935, 0.0 ], [ 117.492256354, -8.260183170999937, 0.0 ], [ 117.492257639000059, -8.260183365999978, 0.0 ], [ 117.492751052000017, -8.260257839999952, 0.0 ], [ 117.493742437000037, -8.260565382999971, 0.0 ], [ 117.494199844000036, -8.260764034999966, 0.0 ], [ 117.494426091000037, -8.260812308999959, 0.0 ], [ 117.494426483000098, -8.260812391999934, 0.0 ], [ 117.494499604000112, -8.260827994999943, 0.0 ], [ 117.494694937000077, -8.26085751599993, 0.0 ], [ 117.495016491000115, -8.260906113999965, 0.0 ], [ 117.495134599000039, -8.261003830999925, 0.0 ], [ 117.495348035, -8.261180422999928, 0.0 ], [ 117.495912319000013, -8.261165299999959, 0.0 ], [ 117.496383846000072, -8.26132445099995, 0.0 ], [ 117.496533804000023, -8.261419652999962, 0.0 ], [ 117.496536048000053, -8.261421082999959, 0.0 ], [ 117.497022786000116, -8.26172910899993, 0.0 ], [ 117.497151215000031, -8.261857518999932, 0.0 ], [ 117.497324029000083, -8.262030312999968, 0.0 ], [ 117.497589558000072, -8.262301215999969, 0.0 ], [ 117.498124579000091, -8.262855233999971, 0.0 ], [ 117.498316354000053, -8.263035556999967, 0.0 ], [ 117.49855603200001, -8.263260921999972, 0.0 ], [ 117.49871814800008, -8.263416633999952, 0.0 ], [ 117.498802217000048, -8.263534092999976, 0.0 ], [ 117.498802484000066, -8.263534465999953, 0.0 ], [ 117.498955392000084, -8.263748103999944, 0.0 ], [ 117.498989457000107, -8.263851625999962, 0.0 ], [ 117.499060282000073, -8.264066867999929, 0.0 ], [ 117.499096323000117, -8.264371033999964, 0.0 ], [ 117.499097547000019, -8.264381369999967, 0.0 ], [ 117.499097580000011, -8.264381639999954, 0.0 ], [ 117.499147269000105, -8.264800989999969, 0.0 ], [ 117.499192639000057, -8.265092934999927, 0.0 ], [ 117.499279906000083, -8.265159964999953, 0.0 ], [ 117.499280325000086, -8.265160291999962, 0.0 ], [ 117.499320980000107, -8.265191520999963, 0.0 ], [ 117.499526991000039, -8.265236931999937, 0.0 ], [ 117.500000008000029, -8.265263786999981, 0.0 ], [ 117.500663362000068, -8.265301836999981, 0.0 ], [ 117.500819407000108, -8.265312288999951, 0.0 ], [ 117.500819691000061, -8.265312306999931, 0.0 ], [ 117.500820101000045, -8.265312334999976, 0.0 ], [ 117.500820611000108, -8.265312367999968, 0.0 ], [ 117.501268249000077, -8.265342352999937, 0.0 ], [ 117.501413283000034, -8.265403668999966, 0.0 ], [ 117.501501505000078, -8.265440965999971, 0.0 ], [ 117.5016620130001, -8.265537073999951, 0.0 ], [ 117.501828984000099, -8.265541966999933, 0.0 ], [ 117.501830014, -8.265541993999932, 0.0 ], [ 117.502144928, -8.26552542099995, 0.0 ], [ 117.502891286000022, -8.265696263999928, 0.0 ], [ 117.503359505000049, -8.26597787999998, 0.0 ], [ 117.503640597000071, -8.266154147999941, 0.0 ], [ 117.503727999000034, -8.266160622999962, 0.0 ], [ 117.503798705, -8.266165860999934, 0.0 ], [ 117.504106298000011, -8.266139037999949, 0.0 ], [ 117.504106665000108, -8.266139148999969, 0.0 ], [ 117.504379650000033, -8.266221008999935, 0.0 ], [ 117.504457201000037, -8.26626866099997, 0.0 ], [ 117.50465298000006, -8.266388958999926, 0.0 ], [ 117.504874790000031, -8.266577785999971, 0.0 ], [ 117.505089881000117, -8.266760892999969, 0.0 ], [ 117.505273370000054, -8.26694002499994, 0.0 ], [ 117.505311508000091, -8.266944931999944, 0.0 ], [ 117.505387129000042, -8.266977397999938, 0.0 ], [ 117.505387558000052, -8.266977585999939, 0.0 ], [ 117.505432071000087, -8.266996697999957, 0.0 ], [ 117.506215315000077, -8.267500022999968, 0.0 ], [ 117.506217507000088, -8.267501430999971, 0.0 ], [ 117.50680620300011, -8.26787973699993, 0.0 ], [ 117.506981458000041, -8.26804324699998, 0.0 ], [ 117.507187428000066, -8.268375185999957, 0.0 ], [ 117.507453955000074, -8.268774986999972, 0.0 ], [ 117.507458801000098, -8.268783458999962, 0.0 ], [ 117.507673101000023, -8.269158159999961, 0.0 ], [ 117.507820052000056, -8.269511052999974, 0.0 ], [ 117.507821524000065, -8.269517378999979, 0.0 ], [ 117.507882592000101, -8.269783024999981, 0.0 ], [ 117.507934795000097, -8.27050789599997, 0.0 ], [ 117.507958716000076, -8.271684318999974, 0.0 ], [ 117.508019883000088, -8.271886320999954, 0.0 ], [ 117.50805583500005, -8.272005047999926, 0.0 ], [ 117.508184805000042, -8.272499278999931, 0.0 ], [ 117.508246175000068, -8.273055012999976, 0.0 ], [ 117.508218342000077, -8.273276794999958, 0.0 ], [ 117.508173027000112, -8.273637863999966, 0.0 ], [ 117.508041776000027, -8.274337955999954, 0.0 ], [ 117.508034647000045, -8.274387597999976, 0.0 ], [ 117.507986476000042, -8.274723005999931, 0.0 ], [ 117.507904011000051, -8.27527903999993, 0.0 ], [ 117.507918661000076, -8.275740282999948, 0.0 ], [ 117.507919152000113, -8.277033385999971, 0.0 ], [ 117.507757037000033, -8.277547912999978, 0.0 ], [ 117.507696010000018, -8.277779811999949, 0.0 ], [ 117.507605224000031, -8.278190181999946, 0.0 ], [ 117.507605115000047, -8.278190685999959, 0.0 ], [ 117.507598928000107, -8.278218652999954, 0.0 ], [ 117.507556977000036, -8.27836435599994, 0.0 ], [ 117.507453469000097, -8.278723856999932, 0.0 ], [ 117.507429407000018, -8.278795585999944, 0.0 ], [ 117.50735588100008, -8.279014774999951, 0.0 ], [ 117.507156704000067, -8.279531259999942, 0.0 ], [ 117.507080550000069, -8.279825625999933, 0.0 ], [ 117.507051910000087, -8.279924666999932, 0.0 ], [ 117.506987251000055, -8.280148251999947, 0.0 ], [ 117.506841698000017, -8.280591751999964, 0.0 ], [ 117.50674618100004, -8.280882794999968, 0.0 ], [ 117.506218477000061, -8.282173099999966, 0.0 ], [ 117.505889953000064, -8.282976094999981, 0.0 ], [ 117.505869470000107, -8.283030848999942, 0.0 ], [ 117.505752269000027, -8.283344144999944, 0.0 ], [ 117.505624437000051, -8.283737146999954, 0.0 ], [ 117.505624264000062, -8.28373768199998, 0.0 ], [ 117.505508703000032, -8.284092957999974, 0.0 ], [ 117.505478733000018, -8.284143488999973, 0.0 ], [ 117.505362215000105, -8.284339944999942, 0.0 ], [ 117.505103040000108, -8.28484810499998, 0.0 ], [ 117.504911675000017, -8.285188341999969, 0.0 ], [ 117.504768209000076, -8.28551491099995, 0.0 ], [ 117.504742775000068, -8.285572191999961, 0.0 ], [ 117.504502687000013, -8.286112893999928, 0.0 ], [ 117.504251188000012, -8.286489179999933, 0.0 ], [ 117.504183116000036, -8.286683803999949, 0.0 ], [ 117.504026654000086, -8.287131139999929, 0.0 ], [ 117.503888986000106, -8.287547073999974, 0.0 ], [ 117.503645953000046, -8.288294916999973, 0.0 ], [ 117.503621999000075, -8.288591186999952, 0.0 ], [ 117.503577116000088, -8.289382991999958, 0.0 ], [ 117.503551815000037, -8.289515226999981, 0.0 ], [ 117.503518555000028, -8.289689051999972, 0.0 ], [ 117.503480515000092, -8.289994130999958, 0.0 ], [ 117.50341899600005, -8.290282139999931, 0.0 ], [ 117.503191275000063, -8.291035706999935, 0.0 ], [ 117.502767739000092, -8.29243725699996, 0.0 ], [ 117.502739120000115, -8.29267267299997, 0.0 ], [ 117.502738964000059, -8.292674026999975, 0.0 ], [ 117.502679439000076, -8.293110915999932, 0.0 ], [ 117.502449040000101, -8.293964709999955, 0.0 ], [ 117.502412044000039, -8.294174919999932, 0.0 ], [ 117.502411922000078, -8.294175613999926, 0.0 ], [ 117.502411782000081, -8.294176406999952, 0.0 ], [ 117.502212276000023, -8.295309990999954, 0.0 ], [ 117.501965244000075, -8.295995316999949, 0.0 ], [ 117.502058720000036, -8.29598501299995, 0.0 ], [ 117.502706082000032, -8.295828132999929, 0.0 ], [ 117.503483, -8.29553, 0.0 ], [ 117.504109646000074, -8.29576573099996, 0.0 ], [ 117.505036695000058, -8.295873050999944, 0.0 ], [ 117.506338001000017, -8.295466, 0.0 ], [ 117.507584, -8.294703, 0.0 ], [ 117.508326145000069, -8.294193642999971, 0.0 ], [ 117.509509, -8.29346, 0.0 ], [ 117.510414880000098, -8.29299438299995, 0.0 ], [ 117.511312, -8.292343, 0.0 ], [ 117.512527410000075, -8.291627560999927, 0.0 ], [ 117.513127719000067, -8.291363538999974, 0.0 ], [ 117.513738830000079, -8.290985424999974, 0.0 ], [ 117.514387, -8.290602, 0.0 ], [ 117.515561, -8.289697, 0.0 ], [ 117.515938061000043, -8.289144025999974, 0.0 ], [ 117.516226001000064, -8.288521, 0.0 ], [ 117.516654412000094, -8.287409082999943, 0.0 ], [ 117.516908001000047, -8.28636, 0.0 ], [ 117.517181026000117, -8.285642852999956, 0.0 ], [ 117.517605001000106, -8.284894, 0.0 ], [ 117.518061000000102, -8.283798, 0.0 ], [ 117.518317578000051, -8.283239216999959, 0.0 ], [ 117.518588731000023, -8.282693886999937, 0.0 ], [ 117.518902001000015, -8.281954, 0.0 ], [ 117.519118782000078, -8.281239162999952, 0.0 ], [ 117.519336274000011, -8.280623483999932, 0.0 ], [ 117.519524863000015, -8.279469947999928, 0.0 ], [ 117.519344575000105, -8.278460344999928, 0.0 ], [ 117.51910555500001, -8.277716538999925, 0.0 ], [ 117.518875091000041, -8.276900484999942, 0.0 ], [ 117.518802749000088, -8.276644326999929, 0.0 ], [ 117.518742391000046, -8.275665670999956, 0.0 ], [ 117.51846789700005, -8.274571823999963, 0.0 ], [ 117.519031589000065, -8.273984585999926, 0.0 ], [ 117.519329490000018, -8.27367424199997, 0.0 ], [ 117.520095143000049, -8.272931326999981, 0.0 ], [ 117.520884693000085, -8.272171244999981, 0.0 ], [ 117.521798836000016, -8.271148719999928, 0.0 ], [ 117.522463814000048, -8.270360641999957, 0.0 ], [ 117.522996, -8.269225, 0.0 ], [ 117.523254137000094, -8.267722624999976, 0.0 ], [ 117.52311170400003, -8.266792463999934, 0.0 ], [ 117.523066739000114, -8.266087686999981, 0.0 ], [ 117.523193765000087, -8.265259155999956, 0.0 ], [ 117.523201910000012, -8.264489455999978, 0.0 ], [ 117.522870414000067, -8.263632777999931, 0.0 ], [ 117.522527320000108, -8.262330231999954, 0.0 ], [ 117.522518686000012, -8.261238330999959, 0.0 ], [ 117.522688837000032, -8.260429667999972, 0.0 ], [ 117.523034124000105, -8.259505744999956, 0.0 ], [ 117.523113672000022, -8.258903582999949, 0.0 ], [ 117.523113838000086, -8.258312953999962, 0.0 ], [ 117.523367012000108, -8.25727186599994, 0.0 ], [ 117.523578605000012, -8.256258829999979, 0.0 ], [ 117.523899088, -8.255411543999969, 0.0 ], [ 117.524008877000028, -8.254621117999932, 0.0 ], [ 117.523368490000053, -8.253837098999952, 0.0 ], [ 117.522483978000082, -8.253422158999967, 0.0 ], [ 117.522122377000073, -8.253248968999969, 0.0 ], [ 117.521676489000015, -8.253035408999949, 0.0 ], [ 117.520532329000048, -8.252797578999946, 0.0 ], [ 117.519537759000059, -8.25255955199998, 0.0 ], [ 117.518417860000113, -8.252092150999943, 0.0 ], [ 117.517591439000057, -8.252250956999944, 0.0 ], [ 117.517053040000064, -8.252208680999956, 0.0 ], [ 117.515501384000117, -8.252253650999933, 0.0 ], [ 117.514502005000054, -8.252092304999962, 0.0 ], [ 117.513647682000055, -8.25263894099993, 0.0 ], [ 117.512974394000025, -8.252568007999969, 0.0 ], [ 117.512287309000044, -8.25239647099994, 0.0 ], [ 117.511316846000113, -8.252220400999931, 0.0 ], [ 117.510427885000013, -8.252154632999975, 0.0 ], [ 117.509764887000074, -8.252030923999939, 0.0 ], [ 117.509034177000103, -8.251893153999958, 0.0 ], [ 117.508385283000052, -8.251693269999976, 0.0 ], [ 117.507506085000045, -8.251579085999936, 0.0 ], [ 117.506842603000109, -8.251493982999932, 0.0 ], [ 117.506069373000059, -8.251418272999956, 0.0 ], [ 117.505209434000108, -8.251419357999964, 0.0 ], [ 117.504037099000016, -8.251349037999944, 0.0 ], [ 117.503196235000019, -8.251321269999949, 0.0 ], [ 117.502480282000079, -8.251197615999956, 0.0 ], [ 117.501903553000034, -8.251069425999958, 0.0 ], [ 117.501111213000058, -8.251419609999971, 0.0 ], [ 117.500438835000068, -8.251645623999934, 0.0 ], [ 117.499775804000024, -8.251918954999951, 0.0 ], [ 117.49898857300002, -8.25200151699994, 0.0 ], [ 117.498353540000039, -8.251528562999965, 0.0 ], [ 117.497719373000109, -8.251318323999953, 0.0 ], [ 117.496608358000117, -8.250506548999965, 0.0 ], [ 117.495728849000102, -8.250138873999958, 0.0 ], [ 117.49491639300004, -8.249685170999953, 0.0 ], [ 117.49441596600002, -8.249436683999932, 0.0 ], [ 117.49349311800006, -8.248902064999982, 0.0 ], [ 117.493237472000033, -8.248356838999939, 0.0 ], [ 117.493433966000111, -8.247868171999926, 0.0 ], [ 117.49371174700002, -8.247322288999953, 0.0 ], [ 117.494326905000094, -8.247192085999927, 0.0 ], [ 117.494340002000058, -8.247188508999955, 0.0 ], [ 117.495192806000091, -8.246955591999949, 0.0 ], [ 117.495950024000081, -8.246668471999953, 0.0 ], [ 117.496833821000109, -8.246542824999949, 0.0 ], [ 117.497592601000065, -8.246427117999929, 0.0 ], [ 117.498298742000088, -8.246139056999937, 0.0 ], [ 117.498854827000059, -8.245478057999946, 0.0 ], [ 117.499738121000064, -8.244955348999952, 0.0 ], [ 117.500347634000036, -8.244245885999931, 0.0 ], [ 117.50070228200002, -8.243618319999939, 0.0 ], [ 117.501494057000059, -8.242832470999929, 0.0 ], [ 117.502569581000103, -8.242352486999948, 0.0 ], [ 117.503260873000045, -8.241982856999925, 0.0 ], [ 117.50413912700003, -8.241369309999925, 0.0 ], [ 117.505306103000066, -8.240688494999972, 0.0 ], [ 117.506414825000093, -8.240126878999945, 0.0 ], [ 117.506466669000019, -8.23925111899996, 0.0 ], [ 117.506604737000089, -8.238341532999925, 0.0 ], [ 117.506046382000022, -8.237618854999937, 0.0 ], [ 117.505862437000019, -8.236370800999964, 0.0 ], [ 117.506043605000059, -8.235431802999926, 0.0 ], [ 117.506018397000048, -8.234499022999955, 0.0 ], [ 117.506137787000057, -8.233929398999976, 0.0 ], [ 117.506376942000088, -8.233086587999935, 0.0 ], [ 117.506640301000061, -8.232387338999956, 0.0 ], [ 117.506471353000052, -8.231765321999944, 0.0 ], [ 117.506369624000058, -8.231191085999967, 0.0 ], [ 117.506647101000112, -8.23042980699995, 0.0 ], [ 117.506800164000083, -8.229725802999951, 0.0 ], [ 117.50711112700003, -8.228682191999951, 0.0 ], [ 117.506932175000088, -8.227916596999933, 0.0 ], [ 117.508123234000095, -8.227316794999979, 0.0 ], [ 117.508506238000109, -8.226675042999943, 0.0 ], [ 117.508707364000088, -8.22599054899996, 0.0 ], [ 117.50928770400003, -8.225128265999956, 0.0 ], [ 117.509520648000034, -8.223908047999942, 0.0 ], [ 117.509668384000065, -8.223223842999971, 0.0 ], [ 117.509707702000014, -8.222639091999952, 0.0 ], [ 117.510226941000042, -8.222076805999961, 0.0 ], [ 117.510654481000074, -8.221615960999941, 0.0 ], [ 117.511150494000049, -8.220618682999941, 0.0 ], [ 117.51210328500008, -8.21975592299998, 0.0 ], [ 117.512674895000032, -8.219249729999945, 0.0 ], [ 117.513793459000112, -8.218803438999942, 0.0 ], [ 117.514255018000085, -8.218438274999926, 0.0 ], [ 117.514484628000105, -8.217874808999966, 0.0 ], [ 117.514945390000094, -8.216893012999947, 0.0 ], [ 117.515481813000065, -8.216447462999952, 0.0 ], [ 117.515774460000102, -8.215495408999971, 0.0 ], [ 117.51616625600002, -8.214667133999967, 0.0 ], [ 117.516589557000088, -8.213945594999927, 0.0 ], [ 117.517256, -8.213709, 0.0 ], [ 117.518278, -8.212608, 0.0 ], [ 117.518327302000102, -8.211389013999963, 0.0 ], [ 117.518392860000063, -8.210316055999954, 0.0 ], [ 117.518384371000025, -8.20928674399994, 0.0 ], [ 117.518304018000094, -8.208649441999967, 0.0 ], [ 117.51804086900006, -8.207757609999931, 0.0 ], [ 117.517939971000033, -8.206632940999953, 0.0 ], [ 117.517696655, -8.205962044999978, 0.0 ], [ 117.517933911000114, -8.204546412999946, 0.0 ], [ 117.518123690000039, -8.203568306999955, 0.0 ], [ 117.518627687000048, -8.202366603999963, 0.0 ], [ 117.519249769000112, -8.201336730999969, 0.0 ], [ 117.519630793000033, -8.200515864999943, 0.0 ], [ 117.519292957000062, -8.199321935999933, 0.0 ], [ 117.519123266000065, -8.198127789999944, 0.0 ], [ 117.518856393000078, -8.196948778999968, 0.0 ], [ 117.518468816000109, -8.196166215999938, 0.0 ], [ 117.51838804800002, -8.19549288099995, 0.0 ], [ 117.517674693000117, -8.195041321999952, 0.0 ], [ 117.516661533000047, -8.194301846999963, 0.0 ], [ 117.516294084000037, -8.19310014499996, 0.0 ], [ 117.515957976000095, -8.192365376999931, 0.0 ], [ 117.515570614000012, -8.191741410999953, 0.0 ], [ 117.51509025200005, -8.190902177999931, 0.0 ], [ 117.514630527, -8.19004009899993, 0.0 ], [ 117.514534676000039, -8.189346195999974, 0.0 ], [ 117.514290226000071, -8.188649135999981, 0.0 ], [ 117.514336196000045, -8.187908302999972, 0.0 ], [ 117.514384402000019, -8.187167466999938, 0.0 ], [ 117.514356103000068, -8.186448429999928, 0.0 ], [ 117.51432898500002, -8.185778370999969, 0.0 ], [ 117.514122636000025, -8.184866385999953, 0.0 ], [ 117.514090797000108, -8.184725669999978, 0.0 ], [ 117.513681174000112, -8.183719933999953, 0.0 ], [ 117.513387298000112, -8.182809778999967, 0.0 ], [ 117.513574407000078, -8.181491054999981, 0.0 ], [ 117.513933163000047, -8.18029288699995, 0.0 ], [ 117.514099635000093, -8.17986747599997, 0.0 ], [ 117.514339116000087, -8.179312275999962, 0.0 ], [ 117.514335115000108, -8.178810824999971, 0.0 ], [ 117.514287367000065, -8.178163608999967, 0.0 ], [ 117.514068035000037, -8.177444814999944, 0.0 ], [ 117.513853147000077, -8.176699851999956, 0.0 ], [ 117.513751797000054, -8.176077749999934, 0.0 ], [ 117.513727042000028, -8.175502299999948, 0.0 ], [ 117.513701080000033, -8.17485951599997, 0.0 ], [ 117.513704637000046, -8.174140437999938, 0.0 ], [ 117.51405765100003, -8.173705868999946, 0.0 ], [ 117.514754763000042, -8.173271976999956, 0.0 ], [ 117.515306771000041, -8.172939571999962, 0.0 ], [ 117.515209711000011, -8.172171642999956, 0.0 ], [ 117.515011126000104, -8.171519042999932, 0.0 ], [ 117.514944053000022, -8.171040489999939, 0.0 ], [ 117.514530093000076, -8.170132717999934, 0.0 ], [ 117.51486649800006, -8.169369812999946, 0.0 ], [ 117.51505791000011, -8.168795202999945, 0.0 ], [ 117.51532041300004, -8.168340161999936, 0.0 ], [ 117.516015244000073, -8.167881222999938, 0.0 ], [ 117.516403617000037, -8.16756849799998, 0.0 ], [ 117.51681063, -8.167425501999958, 0.0 ], [ 117.517504836000057, -8.166484578999928, 0.0 ], [ 117.518055558000015, -8.166031396999927, 0.0 ], [ 117.518561939000051, -8.165840408999941, 0.0 ], [ 117.519163273000117, -8.165649297999948, 0.0 ], [ 117.519665417000056, -8.165646422999941, 0.0 ], [ 117.520241792000093, -8.165594472999942, 0.0 ], [ 117.520722851000073, -8.165262153999947, 0.0 ], [ 117.521178668000061, -8.16485137799998, 0.0 ], [ 117.521776610000074, -8.164637451999965, 0.0 ], [ 117.522621443000048, -8.164416513999981, 0.0 ], [ 117.523290940000038, -8.163818466999942, 0.0 ], [ 117.524107866, -8.163191833999974, 0.0 ], [ 117.524753939000107, -8.163052981999954, 0.0 ], [ 117.52559438500009, -8.162904954999931, 0.0 ], [ 117.526172552000048, -8.162515717999952, 0.0 ], [ 117.52669830800005, -8.162205033999953, 0.0 ], [ 117.527612031000103, -8.162137625999947, 0.0 ], [ 117.52852520600004, -8.161653335999972, 0.0 ], [ 117.529651213000079, -8.161191583999937, 0.0 ], [ 117.530288447000089, -8.160914416999958, 0.0 ], [ 117.531057831000112, -8.160675205999951, 0.0 ], [ 117.531657633, -8.161030051999944, 0.0 ], [ 117.532384127000114, -8.161297923999939, 0.0 ], [ 117.532884206000062, -8.161430820999954, 0.0 ], [ 117.533489227000018, -8.161498475999963, 0.0 ], [ 117.534279499000036, -8.161431213999947, 0.0 ], [ 117.535218696000015, -8.161620312999958, 0.0 ], [ 117.536277537000046, -8.161474206999969, 0.0 ], [ 117.537072022000075, -8.16121101899995, 0.0 ], [ 117.537859307000076, -8.16058551499998, 0.0 ], [ 117.538461355000095, -8.160106077999956, 0.0 ], [ 117.538942764000012, -8.159217727999931, 0.0 ], [ 117.539445000000114, -8.158644, 0.0 ], [ 117.5399267250001, -8.15863982299993, 0.0 ], [ 117.540513, -8.158922, 0.0 ], [ 117.54129801900001, -8.15866415499994, 0.0 ], [ 117.541800950000038, -8.158420819999947, 0.0 ], [ 117.542346517000055, -8.158324361999973, 0.0 ], [ 117.542687807000107, -8.158444770999949, 0.0 ], [ 117.543215336000117, -8.158729584999946, 0.0 ], [ 117.543885440000054, -8.159421048999945, 0.0 ], [ 117.544534353000017, -8.160044065999955, 0.0 ], [ 117.54532740500008, -8.160996120999926, 0.0 ], [ 117.546190365000029, -8.161592008999946, 0.0 ], [ 117.546598459000052, -8.162047822999966, 0.0 ], [ 117.547173458000088, -8.162524437999934, 0.0 ], [ 117.547678583000106, -8.163070865999941, 0.0 ], [ 117.548109029000102, -8.163524158999962, 0.0 ], [ 117.548734608000018, -8.16402878599996, 0.0 ], [ 117.549093096000092, -8.16455230899993, 0.0 ], [ 117.549692931000095, -8.165315237999948, 0.0 ], [ 117.550151214000039, -8.16581593799998, 0.0 ], [ 117.550678124000115, -8.166247655999939, 0.0 ], [ 117.551088064000055, -8.167130497999949, 0.0 ], [ 117.551878278000117, -8.167510668999967, 0.0 ], [ 117.552501197000083, -8.167891897999937, 0.0 ], [ 117.553389925000033, -8.168226559999937, 0.0 ], [ 117.553940672000067, -8.168822854999974, 0.0 ], [ 117.554541212000117, -8.169181424999977, 0.0 ], [ 117.555212856000026, -8.169754035999972, 0.0 ], [ 117.555908672000101, -8.170135574999961, 0.0 ], [ 117.55660548700007, -8.170636353999953, 0.0 ], [ 117.557443611000053, -8.171518184999968, 0.0 ], [ 117.557806270000015, -8.17233136599998, 0.0 ], [ 117.558597698000085, -8.172973940999952, 0.0 ], [ 117.559149296000101, -8.173571887999969, 0.0 ], [ 117.559819952000112, -8.174024418999977, 0.0 ], [ 117.560251858000015, -8.174312246999932, 0.0 ], [ 117.560804487000041, -8.174453410999945, 0.0 ], [ 117.561355386000059, -8.17454754299996, 0.0 ], [ 117.562170226000035, -8.174453175999929, 0.0 ], [ 117.562891473000036, -8.174643211999978, 0.0 ], [ 117.563752915, -8.174712560999978, 0.0 ], [ 117.564736320000065, -8.17492698999996, 0.0 ], [ 117.565503141000022, -8.175140473999932, 0.0 ], [ 117.566414765000104, -8.174662222999928, 0.0 ], [ 117.56720504000009, -8.174182065999958, 0.0 ], [ 117.567276031, -8.174049349999962, 0.0 ], [ 117.567754353000055, -8.173155136999981, 0.0 ], [ 117.568329586000118, -8.172295276999932, 0.0 ], [ 117.569264034000071, -8.171864021999966, 0.0 ], [ 117.570175859000074, -8.171242173999929, 0.0 ], [ 117.571085768000103, -8.170739984999955, 0.0 ], [ 117.571420802000034, -8.169878799999935, 0.0 ], [ 117.57055850200004, -8.169784289999939, 0.0 ], [ 117.569456635000051, -8.169832044999964, 0.0 ], [ 117.568376810000018, -8.169954466999968, 0.0 ], [ 117.567561468, -8.16998037299993, 0.0 ], [ 117.566768403000083, -8.169954231999952, 0.0 ], [ 117.565785795000011, -8.170003055999928, 0.0 ], [ 117.564971384000046, -8.170099920999974, 0.0 ], [ 117.563940640000055, -8.170078672999978, 0.0 ], [ 117.563220419000118, -8.169721944999935, 0.0 ], [ 117.562141432000089, -8.169553015999952, 0.0 ], [ 117.561397111000019, -8.168839417999948, 0.0 ], [ 117.560772711000027, -8.168538941999941, 0.0 ], [ 117.560653288000026, -8.168481472999929, 0.0 ], [ 117.559966020000047, -8.167936123999937, 0.0 ], [ 117.559048539000059, -8.167442034999965, 0.0 ], [ 117.558270871000104, -8.166812885999946, 0.0 ], [ 117.557384551000041, -8.165535353999928, 0.0 ], [ 117.557635868000034, -8.164558888999977, 0.0 ], [ 117.558231300000102, -8.163622496999949, 0.0 ], [ 117.558707886000093, -8.163487042999975, 0.0 ], [ 117.559260121000079, -8.163246828999945, 0.0 ], [ 117.559891701000083, -8.16270680599996, 0.0 ], [ 117.560759260000054, -8.161815764999972, 0.0 ], [ 117.561669811000115, -8.161222383999927, 0.0 ], [ 117.562276119000103, -8.160751227999981, 0.0 ], [ 117.562591643000019, -8.15968334799993, 0.0 ], [ 117.563198620000094, -8.158822246999932, 0.0 ], [ 117.564019711000014, -8.157885790999956, 0.0 ], [ 117.5641633460001, -8.156974943999955, 0.0 ], [ 117.565096663000077, -8.156445689999941, 0.0 ], [ 117.565531158000113, -8.155407553999964, 0.0 ], [ 117.565805118000071, -8.154966272999957, 0.0 ], [ 117.567090111000084, -8.155133697999929, 0.0 ], [ 117.567981236000037, -8.155022174999942, 0.0 ], [ 117.569004847000087, -8.154682607999973, 0.0 ], [ 117.570099031000041, -8.15450550199995, 0.0 ], [ 117.570925627000065, -8.154517918999943, 0.0 ], [ 117.571894961000112, -8.154409938999947, 0.0 ], [ 117.572835455000018, -8.15446329599996, 0.0 ] ] ], [ [ [ 117.747347146000038, -8.134568411999965, 0.0 ], [ 117.742023768000081, -8.137625125999932, 0.0 ], [ 117.741966970000021, -8.137539539999977, 0.0 ], [ 117.715392929000018, -8.097496595999928, 0.0 ], [ 117.722012883000048, -8.093507432999957, 0.0 ], [ 117.75196921600002, -8.075455843999976, 0.0 ], [ 117.75220742700003, -8.075312298999961, 0.0 ], [ 117.780806058000053, -8.115356120999934, 0.0 ], [ 117.747347146000038, -8.134568411999965, 0.0 ] ] ] ] } },
{ "type": "Feature","id":18, "properties": { "OBJECTID_1": 571, "OBJECTID": 571, "NAMA_KWS": "CA Jereweh", "NOREGKK": "100213237", "NUPT": "Balai KSDA Nusa Tenggara Barat", "NPULAU": "Bali Nusra", "NPROV": "Nusa Tenggara Barat", "FGSKWS": "CA", "LUAS_HA": 5265.0, "SUMBERDATA": "Peta Penetapan Kawasan Hutan periode Juli 2024", "KETERANGAN": "SK Kawasan", "PROYEKSI": "World Cylindrical Equal Area", "Area": 4002.7717350299999, "Perimeter": 57.889247489200002, "UGrid": 4 }, "geometry": { "type": "MultiPolygon", "coordinates": [ [ [ [ 116.853333175000103, -8.881555843999934, 0.0 ], [ 116.85340163300009, -8.882016970999928, 0.0 ], [ 116.853549186, -8.883010872999932, 0.0 ], [ 116.853250644000013, -8.88438787399997, 0.0 ], [ 116.853250072000037, -8.886371764999978, 0.0 ], [ 116.853780115000063, -8.887945308999974, 0.0 ], [ 116.853782630000069, -8.88794863399994, 0.0 ], [ 116.854867300000024, -8.889382945999955, 0.0 ], [ 116.856364924000104, -8.890301742999952, 0.0 ], [ 116.857531689000098, -8.89099456699995, 0.0 ], [ 116.858566809000081, -8.892237597999952, 0.0 ], [ 116.858569192000118, -8.89224257199993, 0.0 ], [ 116.85908521600004, -8.893319111999972, 0.0 ], [ 116.8590861240001, -8.893319985999938, 0.0 ], [ 116.859959543000059, -8.894161059999931, 0.0 ], [ 116.861276685, -8.895521935999966, 0.0 ], [ 116.861279677000084, -8.895527730999959, 0.0 ], [ 116.861885182000037, -8.896700114999931, 0.0 ], [ 116.861885785000027, -8.896700795999948, 0.0 ], [ 116.862431316000084, -8.897316294999939, 0.0 ], [ 116.863413571000024, -8.897514563999948, 0.0 ], [ 116.86425672300004, -8.898254797999925, 0.0 ], [ 116.865035789000103, -8.899358139999947, 0.0 ], [ 116.866197750000083, -8.900504172999945, 0.0 ], [ 116.866200168000091, -8.900509429999943, 0.0 ], [ 116.866910042000086, -8.902052755999932, 0.0 ], [ 116.867308406, -8.903294666999955, 0.0 ], [ 116.86730990600006, -8.903294657999936, 0.0 ], [ 116.867333988000041, -8.903294530999972, 0.0 ], [ 116.86911051300001, -8.903287096999975, 0.0 ], [ 116.86911237400011, -8.903289121999933, 0.0 ], [ 116.869944488000101, -8.904193308999936, 0.0 ], [ 116.871236485000054, -8.906048952999981, 0.0 ], [ 116.873008328000083, -8.90801245199998, 0.0 ], [ 116.873010197000099, -8.908016961999977, 0.0 ], [ 116.873709303000055, -8.90970314499998, 0.0 ], [ 116.873711641000114, -8.909706611999979, 0.0 ], [ 116.874027838000075, -8.910175717999948, 0.0 ], [ 116.875198850000061, -8.910523062999971, 0.0 ], [ 116.87587278400008, -8.910725076999938, 0.0 ], [ 116.876575422000087, -8.911208281999961, 0.0 ], [ 116.87719589400001, -8.910597434999943, 0.0 ], [ 116.877680284, -8.910707007999974, 0.0 ], [ 116.878291389000083, -8.91117980599995, 0.0 ], [ 116.878296577000015, -8.911174665999965, 0.0 ], [ 116.878643069000077, -8.910831379999934, 0.0 ], [ 116.879131440000037, -8.910848133999934, 0.0 ], [ 116.879141306000065, -8.910849954999946, 0.0 ], [ 116.880284170000095, -8.911060592999945, 0.0 ], [ 116.880284979000066, -8.911060076999945, 0.0 ], [ 116.880833887000108, -8.910709677999932, 0.0 ], [ 116.881961453000031, -8.910369099999969, 0.0 ], [ 116.883674452000037, -8.910123688999931, 0.0 ], [ 116.885459270000069, -8.909414027999958, 0.0 ], [ 116.887067283000079, -8.90887640099993, 0.0 ], [ 116.888281192000022, -8.908150228999943, 0.0 ], [ 116.889143320000017, -8.906332623999958, 0.0 ], [ 116.890502018, -8.906237392999969, 0.0 ], [ 116.891411474000051, -8.906770128999938, 0.0 ], [ 116.891420208000113, -8.906768854999939, 0.0 ], [ 116.8927532350001, -8.906574447999958, 0.0 ], [ 116.893701316000033, -8.906107172999953, 0.0 ], [ 116.895641741000077, -8.905895033999968, 0.0 ], [ 116.895644103000109, -8.905898306999973, 0.0 ], [ 116.896479512000042, -8.907055652999929, 0.0 ], [ 116.897464066000111, -8.907216757999947, 0.0 ], [ 116.897465490000059, -8.907216624999933, 0.0 ], [ 116.898729258000117, -8.907100371999945, 0.0 ], [ 116.899641709000093, -8.907710835999978, 0.0 ], [ 116.899650294000025, -8.907708998999965, 0.0 ], [ 116.901083028000016, -8.907402475999959, 0.0 ], [ 116.900947065000082, -8.90658671999995, 0.0 ], [ 116.901588319000098, -8.905659384999979, 0.0 ], [ 116.901452318000111, -8.904844994999962, 0.0 ], [ 116.901903355000059, -8.90401443099995, 0.0 ], [ 116.901843995000036, -8.902746576999959, 0.0 ], [ 116.901843972000052, -8.902746080999975, 0.0 ], [ 116.900784523000084, -8.900977519999969, 0.0 ], [ 116.900780891000068, -8.900971458999948, 0.0 ], [ 116.90112212300005, -8.899960505999957, 0.0 ], [ 116.901993413000014, -8.897586039999965, 0.0 ], [ 116.902507964000051, -8.896436177999931, 0.0 ], [ 116.902975618000028, -8.895391107999956, 0.0 ], [ 116.903500921000045, -8.893933905999972, 0.0 ], [ 116.904353317000073, -8.893093541999974, 0.0 ], [ 116.905384910000066, -8.891796439999951, 0.0 ], [ 116.906200890000036, -8.890060142999971, 0.0 ], [ 116.907474932000014, -8.889645451999968, 0.0 ], [ 116.907500353000046, -8.889650331999974, 0.0 ], [ 116.908979314000021, -8.889933482999936, 0.0 ], [ 116.908979963000093, -8.88993284299994, 0.0 ], [ 116.909551737000015, -8.889368804999947, 0.0 ], [ 116.910331366000037, -8.888972038999952, 0.0 ], [ 116.911611913000115, -8.888638368999978, 0.0 ], [ 116.911775031000047, -8.887733272999981, 0.0 ], [ 116.91261402900011, -8.886255717999973, 0.0 ], [ 116.913561679000054, -8.884950867999976, 0.0 ], [ 116.914105723000034, -8.883490599999959, 0.0 ], [ 116.915150623000045, -8.882001059999936, 0.0 ], [ 116.915214698000113, -8.881017926999959, 0.0 ], [ 116.91587275400002, -8.879820414999926, 0.0 ], [ 116.915825245000065, -8.878493169999956, 0.0 ], [ 116.916304362, -8.877842610999949, 0.0 ], [ 116.917292644000099, -8.878252682999971, 0.0 ], [ 116.918718298000044, -8.878865383999937, 0.0 ], [ 116.920239960000117, -8.879383779999955, 0.0 ], [ 116.921263392000014, -8.880027644999927, 0.0 ], [ 116.922391688000062, -8.880845581999949, 0.0 ], [ 116.923124748000077, -8.882175500999949, 0.0 ], [ 116.923338745000024, -8.882563734999962, 0.0 ], [ 116.923342912000066, -8.882571293999945, 0.0 ], [ 116.924276102000022, -8.883508515999949, 0.0 ], [ 116.924304822000067, -8.884445751999976, 0.0 ], [ 116.924306354, -8.88449574599997, 0.0 ], [ 116.924226929000042, -8.884757323999963, 0.0 ], [ 116.923765125000045, -8.886245004999978, 0.0 ], [ 116.924193579000075, -8.887317611999947, 0.0 ], [ 116.924615878000054, -8.88810682899998, 0.0 ], [ 116.924349360000065, -8.889024429999949, 0.0 ], [ 116.924492240000063, -8.890300635999949, 0.0 ], [ 116.924499512000011, -8.890300196999931, 0.0 ], [ 116.924803146000045, -8.890281869999967, 0.0 ], [ 116.92547882000008, -8.89024109099995, 0.0 ], [ 116.926189766000107, -8.890197753999928, 0.0 ], [ 116.926572191000105, -8.890174443999967, 0.0 ], [ 116.926682063000044, -8.890197753999928, 0.0 ], [ 116.927574187000118, -8.890387035999936, 0.0 ], [ 116.928578565000066, -8.890691136999976, 0.0 ], [ 116.928680241000052, -8.890677006999965, 0.0 ], [ 116.929413651000118, -8.890575080999952, 0.0 ], [ 116.929771588000108, -8.890521923999927, 0.0 ], [ 116.929774347000034, -8.890518128999929, 0.0 ], [ 116.930146766, -8.890005841999937, 0.0 ], [ 116.930536926000059, -8.889469149999968, 0.0 ], [ 116.930909853000117, -8.888614837999967, 0.0 ], [ 116.930907971000011, -8.888611270999945, 0.0 ], [ 116.930885235, -8.888568185999929, 0.0 ], [ 116.930492455000035, -8.887823812999954, 0.0 ], [ 116.930470275000062, -8.88775684899997, 0.0 ], [ 116.930171845000018, -8.88683375599993, 0.0 ], [ 116.930667290000088, -8.886294899999939, 0.0 ], [ 116.931330665000019, -8.885573394999938, 0.0 ], [ 116.932303939, -8.885343617999979, 0.0 ], [ 116.932432274, -8.885319255999946, 0.0 ], [ 116.932441830000016, -8.88532293399993, 0.0 ], [ 116.933633163000081, -8.885781451999947, 0.0 ], [ 116.933661928000106, -8.885781664999968, 0.0 ], [ 116.934831860000031, -8.88579034299994, 0.0 ], [ 116.936427260000073, -8.885679318999962, 0.0 ], [ 116.937447031000033, -8.885389490999955, 0.0 ], [ 116.9377174010001, -8.885312649999946, 0.0 ], [ 116.939101750000077, -8.884661412999947, 0.0 ], [ 116.939606701000116, -8.884901813999932, 0.0 ], [ 116.940420713000094, -8.885582216999978, 0.0 ], [ 116.941918922000013, -8.885568031999981, 0.0 ], [ 116.942811160000019, -8.885226401999944, 0.0 ], [ 116.943512338, -8.884979123999926, 0.0 ], [ 116.944796226000108, -8.884526346999962, 0.0 ], [ 116.946081964000086, -8.883781920999979, 0.0 ], [ 116.947048732000098, -8.88325618999994, 0.0 ], [ 116.947477033000041, -8.883018602999925, 0.0 ], [ 116.947485499000095, -8.883009321999964, 0.0 ], [ 116.947749497000018, -8.882719913999949, 0.0 ], [ 116.94874517300002, -8.881628405999948, 0.0 ], [ 116.949544848000073, -8.881844641999976, 0.0 ], [ 116.949547236000058, -8.881845287999965, 0.0 ], [ 116.949556595000104, -8.881883797999933, 0.0 ], [ 116.949769687000071, -8.883040954999956, 0.0 ], [ 116.949783719000038, -8.883879405999949, 0.0 ], [ 116.950306362000106, -8.885241339999936, 0.0 ], [ 116.950317383000083, -8.885900611999944, 0.0 ], [ 116.95032397500006, -8.886294943999928, 0.0 ], [ 116.950325084000042, -8.886361396999973, 0.0 ], [ 116.951634359000082, -8.887016373999927, 0.0 ], [ 116.952835190000087, -8.887676028999977, 0.0 ], [ 116.952518447000102, -8.887974090999933, 0.0 ], [ 116.952055994000034, -8.888392070999942, 0.0 ], [ 116.951639294000074, -8.888684832999957, 0.0 ], [ 116.951168014000018, -8.889015940999968, 0.0 ], [ 116.949681178000105, -8.889586098999928, 0.0 ], [ 116.948596914000063, -8.890314312999976, 0.0 ], [ 116.948382503000062, -8.891115171999957, 0.0 ], [ 116.948316548000093, -8.891361529999926, 0.0 ], [ 116.948071999000035, -8.892155217999971, 0.0 ], [ 116.947846002, -8.892888691999929, 0.0 ], [ 116.94677109600002, -8.893986273999928, 0.0 ], [ 116.946263287000079, -8.894862725999928, 0.0 ], [ 116.9461059570001, -8.895134268999925, 0.0 ], [ 116.946101543000054, -8.895141886999966, 0.0 ], [ 116.9461059570001, -8.895646564999936, 0.0 ], [ 116.946128458000089, -8.896831796999948, 0.0 ], [ 116.9461059570001, -8.897308622999958, 0.0 ], [ 116.946057594000081, -8.898333348999927, 0.0 ], [ 116.94608241800006, -8.899642790999962, 0.0 ], [ 116.946204526000088, -8.900853708999932, 0.0 ], [ 116.946818300000018, -8.901850023999941, 0.0 ], [ 116.947794391000116, -8.901794432999964, 0.0 ], [ 116.948205487000109, -8.901771021999934, 0.0 ], [ 116.95017976500003, -8.901187671999935, 0.0 ], [ 116.950215578000098, -8.901214931999959, 0.0 ], [ 116.950984063000078, -8.901799895999943, 0.0 ], [ 116.951404531000094, -8.902920250999955, 0.0 ], [ 116.951503082000045, -8.903182837999964, 0.0 ], [ 116.951641377000101, -8.903576191999946, 0.0 ], [ 116.952023030000078, -8.904661719999979, 0.0 ], [ 116.952087404000054, -8.905445792999956, 0.0 ], [ 116.952146028000016, -8.906159841999965, 0.0 ], [ 116.951964872000076, -8.906781425999952, 0.0 ], [ 116.951871940000046, -8.907097611999973, 0.0 ], [ 116.951864627000077, -8.90712248899996, 0.0 ], [ 116.952474782000081, -8.908128147999946, 0.0 ], [ 116.953370978000066, -8.90845860099995, 0.0 ], [ 116.95417670300003, -8.909361476999948, 0.0 ], [ 116.954986115000111, -8.910549214999946, 0.0 ], [ 116.955591705000074, -8.911370125999952, 0.0 ], [ 116.95638107700006, -8.911619363999932, 0.0 ], [ 116.956883670000025, -8.911778052999978, 0.0 ], [ 116.957009262000042, -8.911873820999972, 0.0 ], [ 116.958283290000054, -8.912845323999932, 0.0 ], [ 116.958881483000027, -8.913194960999931, 0.0 ], [ 116.959677326000019, -8.913535024999931, 0.0 ], [ 116.960389388000067, -8.913442384999939, 0.0 ], [ 116.960862757000086, -8.91338079999997, 0.0 ], [ 116.961841539000034, -8.912475817999962, 0.0 ], [ 116.962412459, -8.912396890999958, 0.0 ], [ 116.962928988000044, -8.912325481999972, 0.0 ], [ 116.963073731, -8.912914461999947, 0.0 ], [ 116.963136919000021, -8.91317158399994, 0.0 ], [ 116.963073731, -8.91356572899997, 0.0 ], [ 116.962956653000106, -8.914296005999972, 0.0 ], [ 116.962952311000095, -8.914323087999946, 0.0 ], [ 116.962422879000087, -8.915038848999927, 0.0 ], [ 116.962115563000111, -8.915454325999974, 0.0 ], [ 116.962081651000062, -8.915500174999977, 0.0 ], [ 116.962267437000037, -8.91585932199996, 0.0 ], [ 116.962272984000037, -8.915870045999952, 0.0 ], [ 116.962292147000085, -8.915913908999926, 0.0 ], [ 116.962583241000061, -8.916625693999947, 0.0 ], [ 116.963277274, -8.916782764999937, 0.0 ], [ 116.96348028500006, -8.91650835799993, 0.0 ], [ 116.963861881000071, -8.915992556999981, 0.0 ], [ 116.964563723000083, -8.915618436999978, 0.0 ], [ 116.964845601000093, -8.915468180999937, 0.0 ], [ 116.965937834000101, -8.915796248999982, 0.0 ], [ 116.967234702000042, -8.916783074999955, 0.0 ], [ 116.96726113200009, -8.91679027999993, 0.0 ], [ 116.967578051000032, -8.916876671999944, 0.0 ], [ 116.968127940000045, -8.917026577999934, 0.0 ], [ 116.96990564500004, -8.916558602999942, 0.0 ], [ 116.971290853000028, -8.916395875999967, 0.0 ], [ 116.972780479000107, -8.916802581999946, 0.0 ], [ 116.972786126000074, -8.917472827999973, 0.0 ], [ 116.972896319000029, -8.918808687999956, 0.0 ], [ 116.973006306000116, -8.920144728999958, 0.0 ], [ 116.973609983000074, -8.921362635999969, 0.0 ], [ 116.973690989000033, -8.921380713999952, 0.0 ], [ 116.973788851000108, -8.921402551999961, 0.0 ], [ 116.975394800000117, -8.921760931999927, 0.0 ], [ 116.976483584000107, -8.921711577999929, 0.0 ], [ 116.976501294000059, -8.921691893999935, 0.0 ], [ 116.976501857000017, -8.921691267999961, 0.0 ], [ 116.976502417, -8.921690644999956, 0.0 ], [ 116.977564710000024, -8.920510005999972, 0.0 ], [ 116.978151825000054, -8.919426095999938, 0.0 ], [ 116.978474311000014, -8.918777156999965, 0.0 ], [ 116.978738609000061, -8.918245313999932, 0.0 ], [ 116.97992453400002, -8.917612126999927, 0.0 ], [ 116.980811040000049, -8.916607484999929, 0.0 ], [ 116.981700456000112, -8.915986858999929, 0.0 ], [ 116.981805205000114, -8.916142951999973, 0.0 ], [ 116.982201312000029, -8.916733228999931, 0.0 ], [ 116.98270144300011, -8.917383700999949, 0.0 ], [ 116.983797886000048, -8.91819921299998, 0.0 ], [ 116.983852094000099, -8.91818555499998, 0.0 ], [ 116.985688526000104, -8.917727575999947, 0.0 ], [ 116.98569538400011, -8.917730579999954, 0.0 ], [ 116.987274053000078, -8.918422214999964, 0.0 ], [ 116.987787672000081, -8.918291, 0.0 ], [ 116.988663105000114, -8.91806735199998, 0.0 ], [ 116.988660094000011, -8.918101342999933, 0.0 ], [ 116.988568482, -8.919135069999982, 0.0 ], [ 116.988376923000033, -8.920588556999974, 0.0 ], [ 116.988110071000051, -8.921839219999981, 0.0 ], [ 116.988084434000029, -8.921959185999981, 0.0 ], [ 116.987295415000062, -8.923056471999928, 0.0 ], [ 116.986516122000012, -8.92433189299993, 0.0 ], [ 116.986513725, -8.924335814999949, 0.0 ], [ 116.986630956000113, -8.924695534999955, 0.0 ], [ 116.986909487000048, -8.925486187999979, 0.0 ], [ 116.987604176000104, -8.926130134999937, 0.0 ], [ 116.988092028000096, -8.926582352999958, 0.0 ], [ 116.988096385000063, -8.926586391999933, 0.0 ], [ 116.987918120000018, -8.926799737999943, 0.0 ], [ 116.987022035000109, -8.927793366999936, 0.0 ], [ 116.987123319000034, -8.929143374999967, 0.0 ], [ 116.987163781000049, -8.929428801999961, 0.0 ], [ 116.987327254000093, -8.930581959999927, 0.0 ], [ 116.987358862000065, -8.931072538999956, 0.0 ], [ 116.987432623000018, -8.932217372999958, 0.0 ], [ 116.988512348000086, -8.932842679999965, 0.0 ], [ 116.988519810000071, -8.932847000999971, 0.0 ], [ 116.988329010000029, -8.933629035999957, 0.0 ], [ 116.987850117000107, -8.934115648999978, 0.0 ], [ 116.986948056000074, -8.93503224799997, 0.0 ], [ 116.985967059000018, -8.936607050999953, 0.0 ], [ 116.985968546000095, -8.937767033999933, 0.0 ], [ 116.986567920000084, -8.939575097999978, 0.0 ], [ 116.987455742000066, -8.940977878999945, 0.0 ], [ 116.98590003400011, -8.941710156999932, 0.0 ], [ 116.985891421000019, -8.941714211999965, 0.0 ], [ 116.985457144000065, -8.941045821999978, 0.0 ], [ 116.985286859000098, -8.940776816999971, 0.0 ], [ 116.983308801000021, -8.940174551999974, 0.0 ], [ 116.983165914000097, -8.940209558999982, 0.0 ], [ 116.981927542000108, -8.940512958999932, 0.0 ], [ 116.979853363000075, -8.940203689999976, 0.0 ], [ 116.978373662000081, -8.940257383999949, 0.0 ], [ 116.976965180000093, -8.940125914999953, 0.0 ], [ 116.976920375000077, -8.940121732999955, 0.0 ], [ 116.976893623000024, -8.940119236999976, 0.0 ], [ 116.975214924000056, -8.939605100999927, 0.0 ], [ 116.973934557, -8.939747738999927, 0.0 ], [ 116.973335845000065, -8.94030601299994, 0.0 ], [ 116.972758878000036, -8.940844007999942, 0.0 ], [ 116.972080890000029, -8.941722443999936, 0.0 ], [ 116.972077891000026, -8.941726328999948, 0.0 ], [ 116.971837191000077, -8.941825546999951, 0.0 ], [ 116.970504193000011, -8.942360175999966, 0.0 ], [ 116.969623933000094, -8.943156328999976, 0.0 ], [ 116.967382888000088, -8.944254360999935, 0.0 ], [ 116.966685125000026, -8.944596237999974, 0.0 ], [ 116.965021792000016, -8.94541686599996, 0.0 ], [ 116.963063031000047, -8.945864689999951, 0.0 ], [ 116.962158515000056, -8.946258389999969, 0.0 ], [ 116.961402030000045, -8.946587657999942, 0.0 ], [ 116.959938270000066, -8.947303059999967, 0.0 ], [ 116.959404841000037, -8.947347853999929, 0.0 ], [ 116.958079732000101, -8.947459126999945, 0.0 ], [ 116.956414753000104, -8.947227878999968, 0.0 ], [ 116.955147542000077, -8.947649383999931, 0.0 ], [ 116.954059351000069, -8.946258717999967, 0.0 ], [ 116.954067463000115, -8.94623409299993, 0.0 ], [ 116.954491804000099, -8.944945804999975, 0.0 ], [ 116.954533182000091, -8.944813986999975, 0.0 ], [ 116.954508326000109, -8.944721806999951, 0.0 ], [ 116.954233374000069, -8.943678216999956, 0.0 ], [ 116.954706500000043, -8.94261991999997, 0.0 ], [ 116.954399306000028, -8.941210775999934, 0.0 ], [ 116.95360400900006, -8.940098659999933, 0.0 ], [ 116.953196412000011, -8.938688747999947, 0.0 ], [ 116.953090873000065, -8.937735656999962, 0.0 ], [ 116.953468117000057, -8.936869485999978, 0.0 ], [ 116.953161456000089, -8.935361437999973, 0.0 ], [ 116.95354240000006, -8.934783976999938, 0.0 ], [ 116.954179179000107, -8.934057158999963, 0.0 ], [ 116.954316421000044, -8.933889353999973, 0.0 ], [ 116.954307823000022, -8.932945931999939, 0.0 ], [ 116.954880071000048, -8.931789863999938, 0.0 ], [ 116.955843670000036, -8.930232394999962, 0.0 ], [ 116.955898873000024, -8.93013484599993, 0.0 ], [ 116.956613801000117, -8.928871504999961, 0.0 ], [ 116.957583511000053, -8.927691464999953, 0.0 ], [ 116.957681841000067, -8.927639599999964, 0.0 ], [ 116.957884113000091, -8.927532908999979, 0.0 ], [ 116.958553538000047, -8.927167048999934, 0.0 ], [ 116.957664823000073, -8.926262662999932, 0.0 ], [ 116.957366121000064, -8.925990254999931, 0.0 ], [ 116.957260715000075, -8.925424752999959, 0.0 ], [ 116.957010664000109, -8.925435402999938, 0.0 ], [ 116.956571780000104, -8.925454096999943, 0.0 ], [ 116.956181606000087, -8.925025580999943, 0.0 ], [ 116.956072510000013, -8.924905765999938, 0.0 ], [ 116.955376252000065, -8.924366232999944, 0.0 ], [ 116.954485559000091, -8.924025177999965, 0.0 ], [ 116.954475514000023, -8.923073345999967, 0.0 ], [ 116.954855436000116, -8.922486683999978, 0.0 ], [ 116.954534784000089, -8.922017043999972, 0.0 ], [ 116.954356167000014, -8.921755437999934, 0.0 ], [ 116.954045891000078, -8.92125107399994, 0.0 ], [ 116.953452527000081, -8.920268138999973, 0.0 ], [ 116.953562568000052, -8.919941621999953, 0.0 ], [ 116.953719794000108, -8.919475101999979, 0.0 ], [ 116.954121767000061, -8.91901521799997, 0.0 ], [ 116.954497296000113, -8.918574436999961, 0.0 ], [ 116.954581394000115, -8.917635489999952, 0.0 ], [ 116.954496467000013, -8.917257822999943, 0.0 ], [ 116.954370622000056, -8.91669821399995, 0.0 ], [ 116.95412981700008, -8.916671183999938, 0.0 ], [ 116.954015291000019, -8.916658328999972, 0.0 ], [ 116.953777401000025, -8.91663162499998, 0.0 ], [ 116.952994002000082, -8.917047191999927, 0.0 ], [ 116.952408109000089, -8.917453111999976, 0.0 ], [ 116.951382482000099, -8.917698192999978, 0.0 ], [ 116.950934163000056, -8.917805322999925, 0.0 ], [ 116.949871716000075, -8.918040146999942, 0.0 ], [ 116.949862622000069, -8.918042156999945, 0.0 ], [ 116.949756537000098, -8.918104935999963, 0.0 ], [ 116.948877928000115, -8.918655447999981, 0.0 ], [ 116.94798577600011, -8.918318470999964, 0.0 ], [ 116.947572561000015, -8.91702537599997, 0.0 ], [ 116.947571198000105, -8.917021111999929, 0.0 ], [ 116.945804344000067, -8.917475058999969, 0.0 ], [ 116.944469534000064, -8.91769577499997, 0.0 ], [ 116.944233506000046, -8.917734803999963, 0.0 ], [ 116.944148683000094, -8.917738633999932, 0.0 ], [ 116.943655491000072, -8.917760905999955, 0.0 ], [ 116.943649435000111, -8.917761178999967, 0.0 ], [ 116.942554623000092, -8.917434294999964, 0.0 ], [ 116.941011995000054, -8.917045634999965, 0.0 ], [ 116.940972446000046, -8.91703567199994, 0.0 ], [ 116.940016056000104, -8.91764319899994, 0.0 ], [ 116.939263999000104, -8.918120926999961, 0.0 ], [ 116.939224440000089, -8.918146054999966, 0.0 ], [ 116.938951657000075, -8.919087256999944, 0.0 ], [ 116.938969817000043, -8.920128410999951, 0.0 ], [ 116.939579285000036, -8.920218603999956, 0.0 ], [ 116.939954858000078, -8.920274183999936, 0.0 ], [ 116.940110317000062, -8.920885944999952, 0.0 ], [ 116.940377538, -8.921937511999943, 0.0 ], [ 116.940340504, -8.921959497999978, 0.0 ], [ 116.939506766000022, -8.922454467999955, 0.0 ], [ 116.938277765000066, -8.922115217999931, 0.0 ], [ 116.937139322, -8.921800964999932, 0.0 ], [ 116.935868676000041, -8.920828808999943, 0.0 ], [ 116.935743657000103, -8.920733159999941, 0.0 ], [ 116.935061849000022, -8.92094874999998, 0.0 ], [ 116.934989947000076, -8.920998192999946, 0.0 ], [ 116.934199393000085, -8.921541812999976, 0.0 ], [ 116.934480335000103, -8.922229793999975, 0.0 ], [ 116.934500066000055, -8.922276687999954, 0.0 ], [ 116.934246945000041, -8.92262988899995, 0.0 ], [ 116.934026817000017, -8.922927828999946, 0.0 ], [ 116.933932162000019, -8.92305594499993, 0.0 ], [ 116.932408087000113, -8.92337437599997, 0.0 ], [ 116.932302943000082, -8.923396343999968, 0.0 ], [ 116.932275871000115, -8.923402, 0.0 ], [ 116.931087704000106, -8.922793043999945, 0.0 ], [ 116.930087970000045, -8.921896869999955, 0.0 ], [ 116.929222788000061, -8.922022607999963, 0.0 ], [ 116.92921668300005, -8.922023494999962, 0.0 ], [ 116.92917146100001, -8.922035914999981, 0.0 ], [ 116.927754570000047, -8.922453658999927, 0.0 ], [ 116.926900297000088, -8.922305386999938, 0.0 ], [ 116.926879787000075, -8.922301826999956, 0.0 ], [ 116.926875439000014, -8.922301071999925, 0.0 ], [ 116.926774655000031, -8.921846258999949, 0.0 ], [ 116.926526635000073, -8.920726941999931, 0.0 ], [ 116.926516252000056, -8.920726513999966, 0.0 ], [ 116.925362460000088, -8.920678941999938, 0.0 ], [ 116.924326091000012, -8.920193266999945, 0.0 ], [ 116.924075296000069, -8.920075738999969, 0.0 ], [ 116.923088885000084, -8.919389793999926, 0.0 ], [ 116.922697849000087, -8.919117868999933, 0.0 ], [ 116.922688682000057, -8.919111495999971, 0.0 ], [ 116.922505185000091, -8.919053647999931, 0.0 ], [ 116.92100360400002, -8.91861029699993, 0.0 ], [ 116.920388782000032, -8.918789941999933, 0.0 ], [ 116.91955125800007, -8.919034656999941, 0.0 ], [ 116.918137941000055, -8.920470707999925, 0.0 ], [ 116.918664696000064, -8.921943238999972, 0.0 ], [ 116.918412437000029, -8.923252488999935, 0.0 ], [ 116.91796488500006, -8.923643297999945, 0.0 ], [ 116.917740608000031, -8.92382704399995, 0.0 ], [ 116.91773222900008, -8.923822263999966, 0.0 ], [ 116.917667755000025, -8.92378548399995, 0.0 ], [ 116.916362696000078, -8.923040973999946, 0.0 ], [ 116.914813708000111, -8.922451858999978, 0.0 ], [ 116.914787564000108, -8.922441915999968, 0.0 ], [ 116.914626593000094, -8.922501755999974, 0.0 ], [ 116.913156, -8.923048441999981, 0.0 ], [ 116.912502363000044, -8.923809216999928, 0.0 ], [ 116.911000724000019, -8.92524203499994, 0.0 ], [ 116.909524643000054, -8.926221867999971, 0.0 ], [ 116.909110113000111, -8.926497032999976, 0.0 ], [ 116.908427790000019, -8.926785830999961, 0.0 ], [ 116.907018398000105, -8.927382361999946, 0.0 ], [ 116.906247577000045, -8.927722604999929, 0.0 ], [ 116.905028240000092, -8.92826082199997, 0.0 ], [ 116.904928064000046, -8.928229601999931, 0.0 ], [ 116.903080880000061, -8.927653946999953, 0.0 ], [ 116.90121888200008, -8.926766038999972, 0.0 ], [ 116.899204714, -8.926801610999973, 0.0 ], [ 116.898030881000068, -8.926266909999981, 0.0 ], [ 116.895800272000088, -8.925653552999961, 0.0 ], [ 116.894275458000038, -8.925764, 0.0 ], [ 116.891105713000115, -8.925332065999953, 0.0 ], [ 116.889673468000069, -8.925247583999976, 0.0 ], [ 116.886678681000035, -8.924329056999966, 0.0 ], [ 116.885662099000115, -8.923130551999975, 0.0 ], [ 116.884942534000061, -8.920557516999963, 0.0 ], [ 116.88468140100008, -8.919364351999945, 0.0 ], [ 116.883431146000021, -8.916056965999928, 0.0 ], [ 116.882713197000044, -8.913762780999946, 0.0 ], [ 116.881463268000061, -8.912188648999972, 0.0 ], [ 116.880625966000025, -8.912535427999956, 0.0 ], [ 116.879217152000024, -8.91286411699997, 0.0 ], [ 116.878537274000109, -8.91354129299998, 0.0 ], [ 116.878505918000087, -8.91357252499995, 0.0 ], [ 116.878408306000097, -8.914701622999928, 0.0 ], [ 116.876707021000016, -8.914734098999929, 0.0 ], [ 116.875285532000021, -8.913392460999944, 0.0 ], [ 116.872571013000083, -8.911230959999955, 0.0 ], [ 116.870814196000083, -8.909395199999949, 0.0 ], [ 116.869179661000089, -8.907760725999935, 0.0 ], [ 116.867552300000057, -8.907426118999979, 0.0 ], [ 116.865715856000065, -8.907899612999927, 0.0 ], [ 116.864246131000073, -8.908222019999926, 0.0 ], [ 116.859871000000112, -8.906590299999948, 0.0 ], [ 116.856679986000017, -8.905753138999955, 0.0 ], [ 116.855749663000097, -8.904891618999955, 0.0 ], [ 116.855747731000065, -8.904889828999956, 0.0 ], [ 116.855512783000108, -8.904557620999981, 0.0 ], [ 116.855198863000055, -8.90411248099997, 0.0 ], [ 116.854632933000062, -8.903309984999964, 0.0 ], [ 116.85412283200003, -8.902617521999957, 0.0 ], [ 116.854042675000073, -8.90250870999995, 0.0 ], [ 116.853680426000096, -8.901735715999962, 0.0 ], [ 116.853353169000115, -8.900881930999958, 0.0 ], [ 116.853212990000088, -8.900067993999926, 0.0 ], [ 116.853055905000019, -8.899122557999931, 0.0 ], [ 116.852892287000032, -8.898137804999976, 0.0 ], [ 116.85272812900007, -8.897153049999929, 0.0 ], [ 116.852567198000088, -8.896142714999939, 0.0 ], [ 116.852118818, -8.895013839999933, 0.0 ], [ 116.851817240000059, -8.894184350999979, 0.0 ], [ 116.85146395400011, -8.89321642699997, 0.0 ], [ 116.851206546000071, -8.89247964499998, 0.0 ], [ 116.850822296000047, -8.891567553999948, 0.0 ], [ 116.850124439000069, -8.890529624999942, 0.0 ], [ 116.849604156000055, -8.889728695999963, 0.0 ], [ 116.848987439000098, -8.888873648999947, 0.0 ], [ 116.848980176000055, -8.888863579999963, 0.0 ], [ 116.848331144000099, -8.888215685999967, 0.0 ], [ 116.847525426000061, -8.887414919999969, 0.0 ], [ 116.846758789000091, -8.886652994999963, 0.0 ], [ 116.84528362900005, -8.88612008299998, 0.0 ], [ 116.844024850000096, -8.885639490999949, 0.0 ], [ 116.843415592000042, -8.885376586999939, 0.0 ], [ 116.84293183200009, -8.88493628699996, 0.0 ], [ 116.842740045000028, -8.884761726999955, 0.0 ], [ 116.842166524000049, -8.884178127999974, 0.0 ], [ 116.841462152000076, -8.88353535899995, 0.0 ], [ 116.841459452000095, -8.883532894999973, 0.0 ], [ 116.840657016000023, -8.88234880899995, 0.0 ], [ 116.840611756000044, -8.882088031999956, 0.0 ], [ 116.840549450000026, -8.881729048999944, 0.0 ], [ 116.840528684000105, -8.881609388999948, 0.0 ], [ 116.840521922000107, -8.881577547999939, 0.0 ], [ 116.840501, -8.881479, 0.0 ], [ 116.840563769000028, -8.881489672999976, 0.0 ], [ 116.840577857000085, -8.881492067999943, 0.0 ], [ 116.840621759000101, -8.881499532999953, 0.0 ], [ 116.840655870000091, -8.88150533299995, 0.0 ], [ 116.841542000000118, -8.881656, 0.0 ], [ 116.843009001000041, -8.880734, 0.0 ], [ 116.84364, -8.879688, 0.0 ], [ 116.843771, -8.878326, 0.0 ], [ 116.844337001000099, -8.87687, 0.0 ], [ 116.845080001000042, -8.876016, 0.0 ], [ 116.845304117000069, -8.875875409999935, 0.0 ], [ 116.845787356000073, -8.875572270999953, 0.0 ], [ 116.845893, -8.875506, 0.0 ], [ 116.846583115000044, -8.87464377799995, 0.0 ], [ 116.846948193000117, -8.874187651999932, 0.0 ], [ 116.847119556000052, -8.873973552999928, 0.0 ], [ 116.847124, -8.873968, 0.0 ], [ 116.847390052000037, -8.875689659999978, 0.0 ], [ 116.847818201000109, -8.875836180999954, 0.0 ], [ 116.848321207000026, -8.876008318999936, 0.0 ], [ 116.848635452000053, -8.876434930999949, 0.0 ], [ 116.848735939000107, -8.87657134899996, 0.0 ], [ 116.84902532600006, -8.87696421499993, 0.0 ], [ 116.849098342000048, -8.87706333999995, 0.0 ], [ 116.849806401000023, -8.87818720599995, 0.0 ], [ 116.850987014000111, -8.879003170999965, 0.0 ], [ 116.851607192000074, -8.879382735999968, 0.0 ], [ 116.851886421000017, -8.879553630999965, 0.0 ], [ 116.851895658000103, -8.879559284999971, 0.0 ], [ 116.852690392000113, -8.879995117999954, 0.0 ], [ 116.852692550000029, -8.879996300999949, 0.0 ], [ 116.853321496000035, -8.881477167999947, 0.0 ], [ 116.853333175000103, -8.881555843999934, 0.0 ] ] ] ] } }
]
}
